episode_idx,episode_seed,map_fingerprint,episode_reward,episode_length,final_coverage,success,repeat_visit_ratio,done_reason,timeout_flag,weighted_info_gain_sum,policy_frontier_target_step_count,policy_fallback_step_count,accessible_block_count,total_accessible_unknown_area,total_frontier_cluster_count,mean_block_area,local_frontier_coverage,local_frontier_block_area_mean,value_total_block_count_before_cap,value_packed_block_count,value_truncated_block_count,value_block_cap_hit_flag,value_total_entry_count_before_cap,value_packed_entry_count,value_truncated_entry_count,value_entry_cap_hit_block_count,value_entry_cap_hit_flag,value_max_frontier_clusters_per_block,value_mean_frontier_clusters_per_block,info_reward_sum,step_penalty_sum,recent_revisit_penalty_sum,turn_penalty_sum,timeout_penalty_sum,terminal_bonus_sum,delta_empty_sum,delta_obstacle_sum,empty_info_gain_sum,obstacle_info_gain_sum,weighted_obstacle_info_gain_sum,empty_info_reward_sum,obstacle_info_reward_sum,obstacle_info_contribution_ratio,recent_revisit_trigger_count,stall_trigger_count,zero_info_step_count,turn_ge_90_count,turn_135_count,turn_180_count,turn_penalty_weight_sum,coverage_gain_per_step,weighted_info_gain_per_step,zero_info_rate,recent_revisit_rate,stall_rate,turn_burden_rate,timeout_rate
1,20261323,e1559bd8eebb5ad7,-86.98654765579914,600,0.2337,0,0.956738768718802,max_episode_steps,1.0,6.437817448067165,600.0,0.0,3.948333263397217,449.3550109863281,8.006667137145996,114.13985443115234,0.012668178416788578,0.32575318217277527,3.948333263397217,3.948333263397217,0.0,0.0,8.006667137145996,8.006667137145996,0.0,0.0,0.0,4.023333549499512,2.046527862548828,19.313452344201494,-11.999999999999833,-57.50000000000055,-28.800000000000274,-8.0,0.0,190.0,49.0,6.047887837492023,1.5597184423005737,0.3899296105751434,18.143663512476067,1.1697888317254308,0.06056860321384426,575.0,568.0,576.0,578.0,0.0,575.0,576.0,0.0003895,0.010729695746778607,0.96,0.9583333333333334,0.9466666666666667,0.96,1.0
2,20261324,b7bac2374930e370,2.1301481671884854,600,0.6134,0,0.8469217970049917,max_episode_steps,1.0,28.743382722396294,600.0,0.0,1.068333387374878,313.9949951171875,2.4000000953674316,307.7568359375,0.01915721967816353,0.9830355644226074,1.068333387374878,1.068333387374878,0.0,0.0,2.4000000953674316,2.4000000953674316,0.0,0.0,0.0,2.319999933242798,2.256805419921875,86.23014816718887,-11.999999999999833,-50.90000000000045,-13.200000000000053,-8.0,0.0,865.0,152.0,27.533805154897877,4.838310269993618,1.2095775674984044,82.6014154646937,3.628732702495212,0.04208194905869322,509.0,508.0,519.0,277.0,1.0,257.0,264.0,0.0010223333333333332,0.04790563787066049,0.865,0.8483333333333334,0.8466666666666667,0.44,1.0
3,20261325,00e453e62ca6e32c,154.3385564476889,198,0.9522,1,0.03015075376884422,coverage_reached,0.0,46.50507437145178,198.0,0.0,2.60606050491333,520.4091186523438,5.323232173919678,223.47096252441406,0.03331500664353371,0.5871515870094299,2.60606050491333,2.60606050491333,0.0,0.0,5.323232173919678,5.323232173919678,0.0,0.0,0.0,3.616161584854126,2.203871965408325,139.5152231143555,-3.960000000000003,-0.6,-0.6166666666666668,0.0,20.0,1375.0,344.0,43.76760935027124,10.9498600847224,2.7374650211806,131.30282805081367,8.212395063541791,0.05886379192334011,6.0,4.0,23.0,25.0,6.0,3.0,12.333333333333337,0.0048090909090909096,0.23487411298713018,0.11616161616161616,0.030303030303030304,0.020202020202020204,0.06228956228956231,0.0
4,20261326,94e28dfeebda64b4,-74.29220412801007,600,0.2988,0,0.9217970049916805,max_episode_steps,1.0,9.597043068441293,600.0,0.0,2.0466666221618652,224.44667053222656,4.163333415985107,111.07622528076172,0.01874527521431446,0.48447757959365845,2.0466666221618652,2.0466666221618652,0.0,0.0,4.163333415985107,4.163333415985107,0.0,0.0,0.0,2.1050000190734863,2.0403332710266113,28.791129205323873,-11.999999999999833,-55.40000000000052,-27.683333333333593,-8.0,0.0,278.0,94.0,8.849014835909378,2.992112930127631,0.7480282325319078,26.547044507728135,2.2440846975957243,0.07794361525704811,554.0,553.0,563.0,557.0,0.0,552.0,553.6666666666667,0.0004980000000000001,0.01599507178073549,0.9383333333333334,0.9233333333333333,0.9216666666666666,0.9227777777777779,1.0
5,20261327,696d1574721086e1,54.35404912568613,600,0.8948,0,0.6805324459234608,max_episode_steps,1.0,45.40690526411775,600.0,0.0,3.051666736602783,369.4983215332031,3.4649999141693115,124.32241821289062,0.023526078090071678,0.6650093197822571,3.051666736602783,3.051666736602783,0.0,0.0,3.4649999141693115,3.4649999141693115,0.0,0.0,0.0,1.3483333587646484,1.1371943950653076,136.2207157923532,-11.999999999999833,-40.90000000000031,-20.966666666666832,-8.0,0.0,1347.0,318.0,42.876341668956606,10.122254380644549,2.530563595161137,128.62902500686982,7.591690785483398,0.05573080967402727,409.0,410.0,438.0,435.0,5.0,409.0,419.33333333333337,0.0014913333333333334,0.07567817544019625,0.73,0.6816666666666666,0.6833333333333333,0.698888888888889,1.0
6,20261328,c4ab89318124422d,158.53700749653206,176,0.9528,1,0.03954802259887006,coverage_reached,0.0,47.85789138773295,176.0,0.0,1.6647727489471436,458.61932373046875,4.801136493682861,333.0582275390625,0.0406746007502079,0.7817214727401733,1.6647727489471436,1.6647727489471436,0.0,0.0,4.801136493682861,4.801136493682861,0.0,0.0,0.0,3.75,3.329545497894287,143.57367416319875,-3.5200000000000027,-0.7,-0.8166666666666672,0.0,20.0,1413.0,362.0,44.97718691776965,11.522817879853214,2.8807044699633035,134.9315607533089,8.642113409889912,0.060192883272364446,7.0,0.0,27.0,37.0,6.0,3.0,16.333333333333336,0.0054136363636363635,0.27191983743030085,0.1534090909090909,0.03977272727272727,0.0,0.09280303030303032,0.0
7,20261329,cc612efdd927697b,13.859445328416543,600,0.7204,0,0.7587354409317804,max_episode_steps,1.0,34.18648177613911,600.0,0.0,1.2450000047683716,516.0449829101562,3.683333396911621,448.85223388671875,0.011670446023344994,0.9363855123519897,1.2450000047683716,1.2450000047683716,0.0,0.0,3.683333396911621,3.683333396911621,0.0,0.0,0.0,3.258333444595337,3.0426390171051025,102.55944532841737,-11.999999999999833,-45.60000000000038,-23.100000000000193,-8.0,0.0,1018.0,224.0,32.40394641350988,7.130141450516911,1.7825353626292277,97.21183924052976,5.347606087887677,0.052141527001862094,456.0,456.0,480.0,473.0,1.0,456.0,462.0,0.0012006666666666667,0.056977469626898515,0.8,0.76,0.76,0.77,1.0
8,20261330,6838c45c0a7cc6ed,44.001067355667104,600,0.8278,0,0.7354409317803661,max_episode_steps,1.0,43.25035578522254,600.0,0.0,1.3566666841506958,311.7133483886719,3.809999942779541,246.29249572753906,0.008869991637766361,0.1258412003517151,1.3566666841506958,1.3566666841506958,0.0,0.0,3.809999942779541,3.809999942779541,0.0,0.0,0.0,3.1449999809265137,2.9666666984558105,129.7510673556677,-11.999999999999833,-43.50000000000035,-22.25000000000018,-8.0,0.0,1286.0,291.0,40.93465136323549,9.26281768794831,2.3157044219870775,122.80395408970648,6.947113265961228,0.05354185832566693,435.0,441.0,471.0,468.0,3.0,432.0,445.0,0.0013796666666666666,0.07208392630870424,0.785,0.725,0.735,0.7416666666666667,1.0
9,20261331,e4092f1b92f5ee1b,-68.76807205635299,600,0.314,0,0.940099833610649,max_episode_steps,1.0,12.016198203438101,600.0,0.0,2.011666774749756,448.19000244140625,4.989999771118164,223.711669921875,0.05197656899690628,0.8030376434326172,2.011666774749756,2.011666774749756,0.0,0.0,4.989999771118164,4.989999771118164,0.0,0.0,0.0,2.991666555404663,2.4852776527404785,36.04859461031429,-11.999999999999833,-56.50000000000053,-28.316666666666936,-8.0,0.0,359.0,74.0,11.427324913998088,2.3554931577600504,0.5888732894400126,34.28197474199425,1.7666198683200383,0.049006622516556304,565.0,559.0,568.0,569.0,0.0,565.0,566.3333333333333,0.0005233333333333333,0.020026997005730168,0.9466666666666667,0.9416666666666667,0.9316666666666666,0.9438888888888888,1.0
10,20261332,067fe7b61895f787,-12.212504862974743,600,0.5934,0,0.8119800332778702,max_episode_steps,1.0,26.984720601230862,600.0,0.0,1.1416666507720947,541.6649780273438,4.461666584014893,503.6055603027344,0.02320105955004692,0.9388812184333801,1.1416666507720947,1.1416666507720947,0.0,0.0,4.461666584014893,4.461666584014893,0.0,0.0,0.0,4.176666736602783,4.017499923706055,80.95416180369254,-11.999999999999833,-48.70000000000042,-24.46666666666688,-8.0,0.0,797.0,203.0,25.369297928848113,6.46169068953095,1.6154226723827374,76.10789378654435,4.846268017148212,0.05986434680035387,487.0,475.0,506.0,500.0,4.0,482.0,489.33333333333337,0.000989,0.04497453433538477,0.8433333333333334,0.8116666666666666,0.7916666666666666,0.8155555555555556,1.0
11,20261333,28c6707bc8456300,22.27674665133641,600,0.7235,0,0.7770382695507487,max_episode_steps,1.0,37.5366933282235,600.0,0.0,2.871666669845581,585.691650390625,4.013333320617676,208.3664093017578,0.04394179955124855,0.6932554244995117,2.871666669845581,2.871666669845581,0.0,0.0,4.013333320617676,4.013333320617676,0.0,0.0,0.0,2.123333215713501,1.4376388788223267,112.61007998467056,-11.999999999999833,-46.700000000000394,-23.633333333333535,-8.0,0.0,1114.0,261.0,35.45972132087425,8.307888029396937,2.076972007349234,106.37916396262284,6.230916022047699,0.05533177867288529,467.0,456.0,477.0,489.0,3.0,463.0,472.66666666666663,0.0012058333333333333,0.06256115554703917,0.795,0.7783333333333333,0.76,0.7877777777777777,1.0
12,20261334,b1e494e4dac4cb66,5.971486525785185,600,0.6189,0,0.848585690515807,max_episode_steps,1.0,30.04049550859525,600.0,0.0,3.9549999237060547,477.1916809082031,6.164999961853027,120.71504974365234,0.05583522841334343,0.5902497172355652,3.9549999237060547,3.9549999237060547,0.0,0.0,6.164999961853027,6.164999961853027,0.0,0.0,0.0,2.18833327293396,1.5656944513320923,90.12148652578574,-11.999999999999833,-51.000000000000455,-13.150000000000052,-8.0,0.0,898.0,183.0,28.584227779304392,5.825070917163369,1.4562677292908424,85.75268333791323,4.368803187872525,0.04847682119205295,510.0,507.0,521.0,273.0,2.0,257.0,263.0,0.0010315,0.050067492514325414,0.8683333333333333,0.85,0.845,0.43833333333333335,1.0
13,20261335,c028689047709480,159.40489495021438,199,0.9548,1,0.05,coverage_reached,0.0,48.36718720562699,199.0,0.0,2.1507537364959717,432.2361755371094,4.763819217681885,236.1595458984375,0.031290240585803986,0.8255881071090698,2.1507537364959717,2.1507537364959717,0.0,0.0,4.763819217681885,4.763819217681885,0.0,0.0,0.0,3.5628139972686768,2.525963306427002,145.10156161688096,-3.980000000000003,-0.9999999999999999,-0.7166666666666671,0.0,20.0,1434.0,342.0,45.64563767875555,10.886198107485649,2.7215495268714123,136.93691303626684,8.164648580614221,0.056268509378084794,10.0,2.0,38.0,32.0,5.0,3.0,14.333333333333337,0.004797989949748744,0.24305119198807532,0.19095477386934673,0.05025125628140704,0.010050251256281407,0.07202680067001677,0.0
14,20261336,64bc33dcf3b14ed8,-80.61779126627324,600,0.2666,0,0.9534109816971714,max_episode_steps,1.0,8.482958466798022,600.0,0.0,4.896666526794434,262.2349853515625,11.926666259765625,54.966835021972656,0.04465608671307564,0.21760094165802002,4.896666526794434,4.896666526794434,0.0,0.0,11.926666259765625,11.911666870117188,0.014999999664723873,0.013333333656191826,0.013333333656191826,5.0933332443237305,2.478083372116089,25.44887540039406,-11.999999999999833,-57.300000000000544,-28.766666666666943,-8.0,0.0,255.0,46.0,8.116902097686662,1.464225476445437,0.36605636911135925,24.350706293059986,1.098169107334078,0.043151969981238276,573.0,567.0,576.0,578.0,2.0,573.0,575.3333333333334,0.00044433333333333336,0.014138264111330038,0.96,0.955,0.945,0.9588888888888889,1.0
15,20261337,be40659ef1bfb354,-21.398046354320115,600,0.5104,0,0.8419301164725458,max_episode_steps,1.0,20.76176232633775,600.0,0.0,2.888333320617676,293.6449890136719,3.138333320617676,105.8421630859375,0.03580876812338829,0.5417701005935669,2.888333320617676,2.888333320617676,0.0,0.0,3.138333320617676,3.138333320617676,0.0,0.0,0.0,1.2100000381469727,1.1250277757644653,62.28528697901324,-11.999999999999833,-50.60000000000045,-13.083333333333385,-8.0,0.0,608.0,177.0,19.353241079974467,5.634084985453095,1.4085212463632737,58.05972323992343,4.22556373908982,0.06784208509007279,506.0,494.0,522.0,276.0,1.0,254.0,261.66666666666663,0.0008506666666666666,0.034602937210562915,0.87,0.8433333333333334,0.8233333333333334,0.43611111111111106,1.0
16,20261338,8affa52cf23405e1,62.10700749653232,600,0.9341,0,0.6772046589018302,max_episode_steps,1.0,47.85789138773294,600.0,0.0,3.3366665840148926,259.65667724609375,6.866666793823242,113.7290267944336,0.03135298565030098,0.6057772636413574,3.3366665840148926,3.3366665840148926,0.0,0.0,6.866666793823242,6.861666679382324,0.004999999888241291,0.004999999888241291,0.004999999888241291,3.7833333015441895,2.505138874053955,143.57367416319886,-11.999999999999833,-40.70000000000031,-20.76666666666683,-8.0,0.0,1414.0,358.0,45.009017906388,11.395493925379716,2.848873481344929,135.02705371916414,8.546620444034772,0.05952776854007306,407.0,393.0,438.0,431.0,5.0,405.0,415.33333333333337,0.0015568333333333335,0.07976315231288823,0.73,0.6783333333333333,0.655,0.6922222222222223,1.0
17,20261339,151ede01da86f7f0,169.27294734953884,200,0.95,1,0.004975124378109453,coverage_reached,0.0,51.33542689429085,200.0,0.0,2.319999933242798,408.385009765625,5.385000228881836,193.44000244140625,0.03304988518357277,0.4594493508338928,2.319999933242798,2.319999933242798,0.0,0.0,5.385000228881836,5.385000228881836,0.0,0.0,0.0,3.380000114440918,2.624166965484619,154.00628068287247,-4.000000000000003,0.0,-0.7333333333333338,0.0,20.0,1533.0,319.0,48.79690555197512,10.154085369262935,2.538521342315734,146.39071665592544,7.615564026947183,0.04944969772128344,0.0,27.0,39.0,36.0,8.0,0.0,14.66666666666667,0.00475,0.25667713447145424,0.195,0.0,0.135,0.07333333333333335,0.0
18,20261340,49d56252af1f590e,-8.501566305325419,600,0.5225,0,0.8569051580698835,max_episode_steps,1.0,25.377255676002704,600.0,0.0,3.0183334350585938,123.78500366210938,4.2183332443237305,41.81047439575195,0.036931220442056656,0.41774114966392517,3.0183334350585938,3.0183334350585938,0.0,0.0,4.2183332443237305,4.2183332443237305,0.0,0.0,0.0,2.140000104904175,1.4046944379806519,76.13176702800817,-11.999999999999833,-51.50000000000046,-13.133333333333386,-8.0,0.0,760.0,149.0,24.19155134996809,4.74281730413848,1.18570432603462,72.57465404990427,3.55711297810386,0.046723110693007205,515.0,504.0,522.0,271.0,1.0,258.0,262.66666666666663,0.0008708333333333333,0.04229542612667117,0.87,0.8583333333333333,0.84,0.4377777777777777,1.0
19,20261341,2ad6b909c180de39,152.49329804928146,177,0.951,1,0.028089887640449437,coverage_reached,0.0,45.7888771275383,177.0,0.0,2.3163840770721436,408.6327819824219,5.435028076171875,190.13682556152344,0.040111713111400604,0.673015296459198,2.3163840770721436,2.3163840770721436,0.0,0.0,5.435028076171875,5.435028076171875,0.0,0.0,0.0,3.4632768630981445,2.5427494049072266,137.36663138261483,-3.5400000000000027,-0.5,-0.8333333333333341,0.0,20.0,1358.0,322.0,43.226482543758735,10.249578335118063,2.5623945837795157,129.67944763127636,7.687183751338537,0.05596107055961063,5.0,0.0,26.0,39.0,3.0,4.0,16.666666666666675,0.005372881355932203,0.25869422105953843,0.14689265536723164,0.02824858757062147,0.0,0.09416195856873828,0.0
20,20261342,76cf045dbf3d43fa,-21.60647256470371,600,0.5193,0,0.8386023294509152,max_episode_steps,1.0,24.764509145098913,600.0,0.0,1.9666666984558105,633.0250244140625,3.325000047683716,327.02056884765625,0.021009070798754692,0.24962997436523438,1.9666666984558105,1.9666666984558105,0.0,0.0,3.325000047683716,3.325000047683716,0.0,0.0,0.0,2.259999990463257,1.7733333110809326,74.29352743529677,-11.999999999999833,-50.400000000000446,-25.500000000000227,-8.0,0.0,740.0,152.0,23.554931577600506,4.838310269993617,1.2095775674984042,70.6647947328016,3.6287327024952125,0.04884318766066832,504.0,508.0,525.0,522.0,0.0,504.0,510.0,0.0008655,0.041274181908498186,0.875,0.84,0.8466666666666667,0.85,1.0
21,20261343,4a05161acd99383d,34.825644011617015,600,0.8191,0,0.718801996672213,max_episode_steps,1.0,40.07521467053925,600.0,0.0,1.0766667127609253,521.9266967773438,4.864999771118164,507.54803466796875,0.02587679587304592,0.977526843547821,1.0766667127609253,1.0766667127609253,0.0,0.0,4.864999771118164,4.864999771118164,0.0,0.0,0.0,4.7866668701171875,4.667778015136719,120.22564401161775,-11.999999999999833,-43.200000000000344,-22.20000000000018,-8.0,0.0,1187.0,288.0,37.78338349001594,9.167324722093174,2.2918311805232934,113.35015047004791,6.875493541569874,0.057188244638602004,432.0,426.0,459.0,463.0,7.0,431.0,444.0,0.0013651666666666667,0.06679202445089875,0.765,0.72,0.71,0.74,1.0
22,20261344,0d6619a76783a75c,-63.945349692241685,600,0.3016,0,0.9633943427620633,max_episode_steps,1.0,9.501550102586155,600.0,0.0,1.971666693687439,267.9750061035156,6.929999828338623,137.55999755859375,0.028110357001423836,0.9112943410873413,1.971666693687439,1.971666693687439,0.0,0.0,6.929999828338623,6.929999828338623,0.0,0.0,0.0,5.958333492279053,3.5454165935516357,28.50465030775845,-11.999999999999833,-57.90000000000055,-14.550000000000072,-8.0,0.0,287.0,46.0,9.135493733474794,1.464225476445437,0.36605636911135925,27.406481200424377,1.0981691073340778,0.038525963149078725,579.0,571.0,582.0,293.0,0.0,290.0,291.0,0.0005026666666666667,0.015835916837643592,0.97,0.965,0.9516666666666667,0.485,1.0
23,20261345,c630421a0f75e41f,59.43494174856109,600,0.9287,0,0.7054908485856906,max_episode_steps,1.0,47.77831391618699,600.0,0.0,1.3083332777023315,215.10166931152344,2.5233333110809326,173.23388671875,0.010536659508943558,0.1863277107477188,1.3083332777023315,1.3083332777023315,0.0,0.0,2.5233333110809326,2.5233333110809326,0.0,0.0,0.0,2.1500000953674316,2.0019445419311523,143.334941748561,-11.999999999999833,-42.40000000000033,-21.50000000000017,-8.0,0.0,1424.0,308.0,45.327327792571786,9.803944494460758,2.4509861236151895,135.9819833777154,7.352958370845555,0.05129913391072611,424.0,415.0,444.0,449.0,5.0,418.0,430.0,0.0015478333333333334,0.07963052319364498,0.74,0.7066666666666667,0.6916666666666667,0.7166666666666667,1.0
24,20261346,3ef1cc95af045ab5,-89.58840338692501,600,0.148,0,0.9833610648918469,max_episode_steps,1.0,1.4483099821362475,600.0,0.0,2.996666669845581,182.961669921875,6.014999866485596,61.08722686767578,0.04510960355401039,0.45575231313705444,2.996666669845581,2.996666669845581,0.0,0.0,6.014999866485596,6.014999866485596,0.0,0.0,0.0,2.0216667652130127,2.0088887214660645,4.344929946408743,-11.999999999999833,-59.10000000000057,-14.83333333333341,-8.0,0.0,43.0,10.0,1.3687325105902999,0.3183098861837907,0.07957747154594767,4.1061975317709,0.238732414637843,0.054945054945054944,591.0,585.0,594.0,298.0,0.0,296.0,296.66666666666663,0.0002466666666666667,0.0024138499702270793,0.99,0.985,0.975,0.4944444444444444,1.0
25,20261347,fe974d36925ebf26,-2.1412127270098793,600,0.622,0,0.8352745424292846,max_episode_steps,1.0,31.13070686877474,600.0,0.0,2.7316665649414062,575.3350219726562,6.664999961853027,224.26930236816406,0.04241497069597244,0.5508906245231628,2.7316665649414062,2.7316665649414062,0.0,0.0,6.664999961853027,6.664999961853027,0.0,0.0,0.0,4.073333263397217,2.6177778244018555,93.3921206063242,-11.999999999999833,-50.20000000000044,-25.33333333333356,-8.0,0.0,931.0,188.0,29.634650403710907,5.984225860255264,1.496056465063816,88.90395121113274,4.488169395191446,0.0480572597137014,502.0,491.0,507.0,521.0,1.0,499.0,506.6666666666667,0.0010366666666666666,0.0518845114479579,0.845,0.8366666666666667,0.8183333333333334,0.8444444444444444,1.0
26,20261348,d22ec0b42169ba12,28.817403555333456,600,0.7301,0,0.7870216306156406,max_episode_steps,1.0,36.07246785177808,600.0,0.0,3.013333320617676,690.8900146484375,5.284999847412109,230.5612030029297,0.009705215692520142,0.12451563775539398,3.013333320617676,3.013333320617676,0.0,0.0,5.284999847412109,5.284999847412109,0.0,0.0,0.0,2.2866666316986084,1.810361385345459,108.21740355533427,-11.999999999999833,-47.3000000000004,-12.100000000000037,-8.0,0.0,1072.0,245.0,34.12281979890235,7.798592211502873,1.9496480528757183,102.3684593967071,5.848944158627149,0.054048091771453734,473.0,463.0,492.0,250.0,2.0,237.0,242.0,0.0012168333333333332,0.06012077975296346,0.82,0.7883333333333333,0.7716666666666666,0.4033333333333333,1.0
27,20261349,dc95cdf618d6d72f,-34.553914858378285,600,0.47,0,0.8585690515806988,max_episode_steps,1.0,20.920917269429648,600.0,0.0,1.0616666078567505,412.2583312988281,3.265000104904175,399.8564147949219,0.004924414213746786,0.12680208683013916,1.0616666078567505,1.0616666078567505,0.0,0.0,3.265000104904175,3.265000104904175,0.0,0.0,0.0,3.200000047683716,3.1061110496520996,62.762751808288925,-11.999999999999833,-51.60000000000046,-25.7166666666669,-8.0,0.0,618.0,157.0,19.67155096615826,4.997465213085514,1.2493663032713784,59.014652898474786,3.7480989098141313,0.059718524153670544,516.0,503.0,528.0,520.0,1.0,511.0,514.3333333333333,0.0007833333333333333,0.03486819544904941,0.88,0.86,0.8383333333333334,0.8572222222222221,1.0
28,20261350,23124f82d119ee6b,56.40987083139733,600,0.8957,0,0.6722129783693843,max_episode_steps,1.0,45.83662361046588,600.0,0.0,1.934999942779541,320.2149963378906,3.319999933242798,182.17889404296875,0.026148904114961624,0.7000612616539001,1.934999942779541,1.934999942779541,0.0,0.0,3.319999933242798,3.319999933242798,0.0,0.0,0.0,2.2850000858306885,1.8641666173934937,137.50987083139756,-11.999999999999833,-40.400000000000304,-20.70000000000016,-8.0,0.0,1353.0,348.0,43.06732760066688,11.077184039195926,2.7692960097989814,129.20198280200069,8.307888029396926,0.06041666666666657,404.0,395.0,435.0,431.0,7.0,402.0,414.0,0.0014928333333333334,0.0763943726841098,0.725,0.6733333333333333,0.6583333333333333,0.69,1.0
29,20261351,c2c28ed546605763,58.355316998905735,600,0.8794,0,0.6738768718801996,max_episode_steps,1.0,46.45732788852425,600.0,0.0,3.31166672706604,495.1600036621094,6.256666660308838,202.19091796875,0.018824640661478043,0.7500501871109009,3.31166672706604,3.31166672706604,0.0,0.0,6.256666660308838,6.256666660308838,0.0,0.0,0.0,3.9183332920074463,2.525611162185669,139.3719836655728,-11.999999999999833,-40.500000000000306,-20.516666666666826,-8.0,0.0,1388.0,286.0,44.181412202310135,9.103662744856418,2.2759156862141046,132.5442366069305,6.827747058642304,0.04898937992463166,405.0,405.0,457.0,431.0,0.0,400.0,410.33333333333337,0.0014656666666666666,0.07742887981420708,0.7616666666666667,0.675,0.675,0.683888888888889,1.0
30,20261352,833febb6e531e355,164.84402687794278,221,0.9511,1,0.02702702702702703,coverage_reached,0.0,50.221342292647535,221.0,0.0,3.5610859394073486,469.3574523925781,8.262443542480469,150.71575927734375,0.035255130380392075,0.6099351048469543,3.5610859394073486,3.5610859394073486,0.0,0.0,8.262443542480469,8.262443542480469,0.0,0.0,0.0,4.597285270690918,2.5742833614349365,150.66402687794275,-4.419999999999994,-0.5,-0.9000000000000006,0.0,20.0,1483.0,379.0,47.205356121056184,12.063944686365682,3.0159861715914205,141.61606836316855,9.047958514774235,0.060053874187925724,5.0,6.0,37.0,39.0,7.0,4.0,18.0,0.004303619909502262,0.22724589272691192,0.167420814479638,0.02262443438914027,0.027149321266968326,0.08144796380090498,0.0
31,20261353,de6d71115bb795ec,175.36168033989185,199,0.9546,1,0.04,coverage_reached,0.0,53.6750045577417,199.0,0.0,3.3919599056243896,374.5728759765625,6.296482563018799,119.74079132080078,0.03876525163650513,0.6467719078063965,3.3919599056243896,3.3919599056243896,0.0,0.0,6.296482563018799,6.296482563018799,0.0,0.0,0.0,3.708542823791504,1.9469012022018433,161.02501367322506,-3.980000000000003,-0.7999999999999999,-0.883333333333334,0.0,20.0,1585.0,405.0,50.45211696013084,12.891550390443529,3.222887597610882,151.3563508803925,9.668662792832631,0.06004447739065966,8.0,0.0,26.0,40.0,7.0,3.0,17.66666666666667,0.004796984924623116,0.2697236409936769,0.1306532663316583,0.04020100502512563,0.0,0.08877721943048579,0.0
32,20261354,5304bfa7fbced6a3,168.36177364872768,222,0.9559,1,0.02242152466367713,coverage_reached,0.0,51.3672578829092,222.0,0.0,2.855855941772461,423.8558654785156,5.144144058227539,161.57200622558594,0.029049456119537354,0.4814704954624176,2.855855941772461,2.855855941772461,0.0,0.0,5.144144058227539,5.144144058227539,0.0,0.0,0.0,2.472972869873047,1.9265016317367554,154.1017736487277,-4.439999999999993,-0.5,-0.8000000000000005,0.0,20.0,1520.0,375.0,48.38310269993622,11.936620731892159,2.9841551829730397,145.1493080998086,8.952465548919099,0.05809450038729657,5.0,12.0,41.0,37.0,3.0,4.0,16.000000000000004,0.004305855855855856,0.23138404451760902,0.18468468468468469,0.02252252252252252,0.05405405405405406,0.07207207207207209,0.0
33,20261355,e4ac162df1f9f153,-63.07809516766895,600,0.3433,0,0.9234608985024958,max_episode_steps,1.0,13.440634944110565,600.0,0.0,2.991666555404663,530.489990234375,7.076666831970215,177.90724182128906,0.016980350017547607,0.5894349217414856,2.991666555404663,2.991666555404663,0.0,0.0,7.076666831970215,7.076666831970215,0.0,0.0,0.0,3.1516666412353516,2.3788888454437256,40.32190483233169,-11.999999999999833,-55.50000000000052,-27.90000000000026,-8.0,0.0,397.0,101.0,12.636902481496493,3.2149298504562847,0.8037324626140712,37.91070744448946,2.411197387842214,0.05979869745411486,555.0,549.0,563.0,563.0,1.0,555.0,558.0,0.0005721666666666667,0.022401058240184277,0.9383333333333334,0.925,0.915,0.93,1.0
34,20261356,40f4fb64bdaa5546,-72.31257937835522,600,0.2972,0,0.9417637271214643,max_episode_steps,1.0,10.91802909610402,600.0,0.0,1.9850000143051147,344.9416809082031,6.023333549499512,174.8119354248047,0.008730159141123295,0.7831496596336365,1.9850000143051147,1.9850000143051147,0.0,0.0,6.023333549499512,6.023333549499512,0.0,0.0,0.0,5.0283331871032715,3.058333396911621,32.75408728831207,-11.999999999999833,-56.600000000000534,-28.46666666666694,-8.0,0.0,330.0,52.0,10.504226244065094,1.6552114081557112,0.4138028520389278,31.512678732195273,1.2414085561167838,0.03790087463556852,566.0,562.0,573.0,575.0,1.0,566.0,569.3333333333334,0.0004953333333333334,0.018196715160173366,0.955,0.9433333333333334,0.9366666666666666,0.948888888888889,1.0
35,20261357,a0e7a9d772eb1e81,159.5637212494028,200,0.9506,1,0.029850746268656716,coverage_reached,0.0,48.399018194245386,200.0,0.0,2.509999990463257,418.7099914550781,5.869999885559082,219.84523010253906,0.03434240445494652,0.6140735149383545,2.509999990463257,2.509999990463257,0.0,0.0,5.869999885559082,5.869999885559082,0.0,0.0,0.0,3.690000057220459,2.9920835494995117,145.1970545827361,-4.000000000000003,-0.6,-1.033333333333334,0.0,20.0,1434.0,346.0,45.64563767875561,11.013522061959161,2.7533805154897903,136.93691303626673,8.260141546469358,0.05688918119039783,6.0,6.0,38.0,49.0,3.0,5.0,20.666666666666664,0.004753,0.24199509097122693,0.19,0.03,0.03,0.10333333333333332,0.0
36,20261358,701a50d39da2f9e7,-10.654546636057907,600,0.5824,0,0.8519134775374376,max_episode_steps,1.0,28.87070667686981,600.0,0.0,2.940000057220459,549.9033203125,7.9666666984558105,189.9663848876953,0.038027212023735046,0.7044021487236023,2.940000057220459,2.940000057220459,0.0,0.0,7.9666666984558105,7.9666666984558105,0.0,0.0,0.0,6.0,2.7612500190734863,86.61212003060947,-11.999999999999833,-51.20000000000046,-26.066666666666904,-8.0,0.0,864.0,172.0,27.501974166279503,5.474930042361196,1.368732510590299,82.50592249883853,4.1061975317709,0.04740904079382581,512.0,508.0,516.0,536.0,4.0,512.0,521.3333333333333,0.0009706666666666667,0.048117844461449684,0.86,0.8533333333333334,0.8466666666666667,0.8688888888888887,1.0
37,20261359,ef7b31d03c0e0430,156.1460683631686,226,0.9513,1,0.013215859030837005,coverage_reached,0.0,47.20535612105616,226.0,0.0,2.8362832069396973,495.1017761230469,5.194690227508545,184.24977111816406,0.030682483687996864,0.490877240896225,2.8362832069396973,2.8362832069396973,0.0,0.0,5.194690227508545,5.194690227508545,0.0,0.0,0.0,2.8318583965301514,1.8629792928695679,141.61606836316852,-4.519999999999992,-0.2,-0.7500000000000004,0.0,20.0,1410.0,292.0,44.881693951914464,9.294648676566686,2.3236621691416715,134.6450818557435,6.97098650742501,0.04922454484153737,2.0,19.0,67.0,37.0,6.0,1.0,15.000000000000002,0.00420929203539823,0.20887325717281488,0.29646017699115046,0.008849557522123894,0.084070796460177,0.06637168141592921,0.0
38,20261360,a74a3568ec6ded39,-13.047364899720407,600,0.5158,0,0.8469217970049917,max_episode_steps,1.0,23.523100588982135,600.0,0.0,2.011666774749756,634.1716918945312,4.168333530426025,321.3450012207031,0.01607331819832325,0.08751478046178818,2.011666774749756,2.011666774749756,0.0,0.0,4.168333530426025,4.168333530426025,0.0,0.0,0.0,3.059999942779541,2.121666669845581,70.56930176694638,-11.999999999999833,-50.70000000000045,-12.916666666666718,-8.0,0.0,701.0,152.0,22.31352302148372,4.838310269993615,1.2095775674984037,66.9405690644512,3.6287327024952143,0.05142083897158321,507.0,502.0,528.0,266.0,1.0,254.0,258.3333333333333,0.0008596666666666667,0.039205167648303556,0.88,0.845,0.8366666666666667,0.4305555555555555,1.0
39,20261361,99b33951749dfcda,-19.927340636975394,600,0.5201,0,0.8818635607321131,max_episode_steps,1.0,26.6186642321195,600.0,0.0,2.0433332920074463,518.683349609375,10.736666679382324,256.49029541015625,0.019580500200390816,0.903054416179657,2.0433332920074463,2.0433332920074463,0.0,0.0,10.736666679382324,9.8100004196167,0.9266666769981384,0.9150000214576721,0.9150000214576721,8.693333625793457,5.297500133514404,79.8559926963585,-11.999999999999833,-53.00000000000048,-26.78333333333358,-8.0,0.0,799.0,149.0,25.432959906084882,4.74281730413848,1.18570432603462,76.29887971825463,3.557112978103861,0.0445440956651719,530.0,528.0,539.0,546.0,1.0,530.0,535.6666666666666,0.0008668333333333334,0.04436444038686583,0.8983333333333333,0.8833333333333333,0.88,0.8927777777777777,1.0
40,20261362,d234d6692c9f915b,-25.796238860827536,600,0.5342,0,0.9001663893510815,max_episode_steps,1.0,20.690142601946388,600.0,0.0,3.866666555404663,481.7966613769531,7.9683332443237305,128.08206176757812,0.03600906953215599,0.4108334183692932,3.866666555404663,3.866666555404663,0.0,0.0,7.9683332443237305,7.9683332443237305,0.0,0.0,0.0,3.1600000858306885,2.1448333263397217,62.07042780583918,-11.999999999999833,-54.1000000000005,-13.76666666666673,-8.0,0.0,622.0,112.0,19.798874920631775,3.565070725258454,0.8912676813146135,59.39662476189537,2.673803043943841,0.04307692307692305,541.0,535.0,545.0,283.0,1.0,271.0,275.3333333333333,0.0008903333333333334,0.03448357100324398,0.9083333333333333,0.9016666666666666,0.8916666666666667,0.45888888888888885,1.0
41,20261363,ee7a0b65643f6f72,-96.05117283724012,600,0.1916,0,0.956738768718802,max_episode_steps,1.0,3.421831276475749,600.0,0.0,2.988333225250244,285.5566711425781,4.081666469573975,95.72777557373047,0.0034164779353886843,0.43270161747932434,2.988333225250244,2.988333225250244,0.0,0.0,4.081666469573975,4.081666469573975,0.0,0.0,0.0,2.065000057220459,1.3731943368911743,10.26549382942725,-11.999999999999833,-57.50000000000055,-28.816666666666944,-8.0,0.0,95.0,50.0,3.0239439187460113,1.5915494309189533,0.3978873577297383,9.071831756238034,1.1936620731892151,0.11627906976744189,575.0,568.0,584.0,578.0,1.0,575.0,576.3333333333333,0.0003193333333333333,0.005703052127459582,0.9733333333333334,0.9583333333333334,0.9466666666666667,0.9605555555555554,1.0
42,20261364,307f2821bac19af6,58.8013963833796,600,0.8403,0,0.7304492512479202,max_episode_steps,1.0,44.77824323890475,600.0,0.0,3.7816667556762695,472.5533447265625,9.123332977294922,128.3762969970703,0.027256233617663383,0.21797828376293182,3.7816667556762695,3.7816667556762695,0.0,0.0,9.123332977294922,9.123332977294922,0.0,0.0,0.0,4.053333282470703,2.468388795852661,134.33472971671424,-11.999999999999833,-43.900000000000354,-11.633333333333365,-8.0,0.0,1332.0,299.0,42.39887683968092,9.517465596895342,2.3793663992238354,127.19663051904286,7.138099197671499,0.05313666251999281,439.0,434.0,452.0,249.0,5.0,222.0,232.66666666666666,0.0014005,0.07463040539817459,0.7533333333333333,0.7316666666666667,0.7233333333333334,0.3877777777777778,1.0
43,20261365,3f2cf76604d014f3,-62.82779097841537,600,0.2727,0,0.9517470881863561,max_episode_steps,1.0,9.612958562750478,600.0,0.0,2.986666679382324,423.4716796875,7.973333358764648,142.09429931640625,0.04621315747499466,0.629633903503418,2.986666679382324,2.986666679382324,0.0,0.0,7.973333358764648,7.973333358764648,0.0,0.0,0.0,3.986666679382324,2.676666736602783,28.83887568825144,-11.999999999999833,-57.20000000000054,-14.46666666666674,-8.0,0.0,288.0,56.0,9.16732472209317,1.7825353626292275,0.4456338406573069,27.501974166279517,1.3369015219719211,0.04635761589403974,572.0,568.0,576.0,294.0,0.0,287.0,289.3333333333333,0.0004545,0.01602159760458413,0.96,0.9533333333333334,0.9466666666666667,0.48222222222222216,1.0
44,20261366,1ec6ebff4bd82adc,164.6146606706238,219,0.9546,1,0.04090909090909091,coverage_reached,0.0,50.1815535568746,219.0,0.0,2.3196346759796143,446.9862976074219,6.529680252075195,225.7933807373047,0.031611427664756775,0.6507081985473633,2.3196346759796143,2.3196346759796143,0.0,0.0,6.529680252075195,6.529680252075195,0.0,0.0,0.0,4.301369667053223,3.165905714035034,150.54466067062387,-4.379999999999995,-0.7,-0.8500000000000006,0.0,20.0,1485.0,366.0,47.269018098292904,11.650141834326748,2.912535458581687,141.8070542948788,8.737606375745042,0.05803996194100847,7.0,4.0,46.0,40.0,7.0,2.0,17.0,0.004358904109589041,0.2291395139583315,0.2100456621004566,0.0319634703196347,0.0182648401826484,0.0776255707762557,0.0
45,20261367,4e8ddabd80a4ce20,41.81350777826824,600,0.7809,0,0.7554076539101497,max_episode_steps,1.0,39.748947037200864,600.0,0.0,1.9199999570846558,586.7216796875,5.590000152587891,318.430419921875,0.046587299555540085,0.6512824296951294,1.9199999570846558,1.9199999570846558,0.0,0.0,5.590000152587891,5.590000152587891,0.0,0.0,0.0,4.659999847412109,2.9936113357543945,119.24684111160258,-11.999999999999833,-45.400000000000375,-12.03333333333337,-8.0,0.0,1184.0,259.0,37.68789052416083,8.244226052160178,2.0610565130400444,113.06367157248245,6.183169539120132,0.051851851851851836,454.0,446.0,461.0,264.0,0.0,229.0,240.66666666666669,0.0013015000000000001,0.06624824506200144,0.7683333333333333,0.7566666666666667,0.7433333333333333,0.40111111111111114,1.0
46,20261368,23bd65344d50de61,-53.12649826673616,600,0.423,0,0.8985024958402662,max_episode_steps,1.0,16.01894502219927,600.0,0.0,3.0199999809265137,315.9700012207031,7.00166654586792,104.7798080444336,0.003541194135323167,0.053409870713949203,3.0199999809265137,3.0199999809265137,0.0,0.0,7.00166654586792,7.00166654586792,0.0,0.0,0.0,3.9733333587646484,2.3194446563720703,48.05683506659782,-11.999999999999833,-54.0000000000005,-27.183333333333586,-8.0,0.0,474.0,117.0,15.087888605111678,3.7242256683503494,0.9310564170875874,45.263665815335024,2.7931692512627633,0.058122205663189284,540.0,536.0,549.0,550.0,1.0,540.0,543.6666666666667,0.000705,0.026698241703665446,0.915,0.9,0.8933333333333333,0.9061111111111112,1.0
47,20261369,f10eb2ae9fe22490,46.43447088652003,600,0.8386,0,0.7520798668885191,max_episode_steps,1.0,42.36704585106253,600.0,0.0,1.2966666221618652,471.3666687011719,1.7483333349227905,431.04876708984375,0.007524564862251282,0.1618565171957016,1.2966666221618652,1.2966666221618652,0.0,0.0,1.7483333349227905,1.7483333349227905,0.0,0.0,0.0,1.4166666269302368,1.2276945114135742,127.1011375531877,-11.999999999999833,-45.20000000000037,-15.466666666666818,-8.0,0.0,1262.0,276.0,40.17070763639438,8.785352858672631,2.196338214668158,120.51212290918318,6.589014644004459,0.051840721262208796,452.0,444.0,466.0,473.0,3.0,226.0,309.3333333333333,0.0013976666666666666,0.07061174308510422,0.7766666666666666,0.7533333333333333,0.74,0.5155555555555555,1.0
48,20261370,342122e051075118,-17.763326712614415,600,0.5467,0,0.8369384359400999,max_episode_steps,1.0,25.9900022069065,600.0,0.0,2.0283334255218506,432.9483337402344,8.206666946411133,215.4813995361328,0.021175358444452286,0.9730531573295593,2.0283334255218506,2.0283334255218506,0.0,0.0,8.206666946411133,8.15999984741211,0.046666666865348816,0.0416666679084301,0.0416666679084301,7.136666774749756,4.095555305480957,77.97000662071957,-11.999999999999833,-50.300000000000445,-25.43333333333356,-8.0,0.0,775.0,166.0,24.669016179243748,5.283944110650923,1.3209860276627308,74.00704853773142,3.962958082988192,0.050826699326393054,503.0,498.0,514.0,517.0,3.0,503.0,508.6666666666667,0.0009111666666666666,0.04331667034484417,0.8566666666666667,0.8383333333333334,0.83,0.8477777777777779,1.0
49,20261371,8579db8cdc093f1f,-82.39396626244255,600,0.1873,0,0.9650582362728786,max_episode_steps,1.0,3.429789023630345,600.0,0.0,1.9900000095367432,193.538330078125,2.068333387374878,97.72166442871094,0.03006802871823311,0.2778036594390869,1.9900000095367432,1.9900000095367432,0.0,0.0,2.068333387374878,2.068333387374878,0.0,0.0,0.0,1.0783333778381348,1.0611110925674438,10.289367070891034,-11.999999999999833,-58.000000000000554,-14.683333333333408,-8.0,0.0,103.0,19.0,3.2785918276930444,0.6047887837492023,0.15119719593730058,9.835775483079132,0.4535915878119017,0.04408352668213457,580.0,574.0,587.0,296.0,1.0,292.0,293.66666666666663,0.00031216666666666665,0.005716315039383909,0.9783333333333334,0.9666666666666667,0.9566666666666667,0.4894444444444444,1.0
50,20261372,9e713a992b4667fc,-72.74769680600785,600,0.3016,0,0.940099833610649,max_episode_steps,1.0,10.695212175775367,600.0,0.0,2.991666555404663,389.36334228515625,8.0,130.3673553466797,0.02459939569234848,0.4491444528102875,2.991666555404663,2.991666555404663,0.0,0.0,8.0,8.0,0.0,0.0,0.0,4.045000076293945,2.6794440746307373,32.0856365273261,-11.999999999999833,-56.50000000000053,-28.333333333333602,-8.0,0.0,319.0,68.0,10.154085369262921,2.1645072260497757,0.5411268065124439,30.462256107788765,1.6233804195373327,0.05059523809523811,565.0,559.0,572.0,571.0,1.0,564.0,566.6666666666667,0.0005026666666666667,0.01782535362629228,0.9533333333333334,0.9416666666666667,0.9316666666666666,0.9444444444444445,1.0
51,20261373,4e9f95a8cd5bb909,-63.90332987904551,600,0.3696,0,0.9367720465890182,max_episode_steps,1.0,13.560001151429482,600.0,0.0,1.0466666221618652,347.9549865722656,8.001667022705078,343.0072326660156,0.0223167035728693,0.9807724952697754,1.0466666221618652,1.0466666221618652,0.0,0.0,8.001667022705078,7.985000133514404,0.01666666753590107,0.011666666716337204,0.011666666716337204,7.87666654586792,7.837777614593506,40.68000345428847,-11.999999999999833,-56.30000000000053,-28.2833333333336,-8.0,0.0,410.0,64.0,13.050705333535417,2.03718327157626,0.509295817894065,39.152116000606256,1.5278874536821954,0.03755868544600939,563.0,557.0,568.0,571.0,0.0,563.0,565.6666666666666,0.000616,0.022600001919049137,0.9466666666666667,0.9383333333333334,0.9283333333333333,0.9427777777777777,1.0
52,20261374,ed2f58fba5bb07c2,-29.589337914570386,600,0.4472,0,0.8768718801996672,max_episode_steps,1.0,18.87577625069879,600.0,0.0,2.9733333587646484,506.1866760253906,5.133333206176758,171.56484985351562,0.013416477479040623,0.09260173887014389,2.9733333587646484,2.9733333587646484,0.0,0.0,5.133333206176758,5.133333206176758,0.0,0.0,0.0,2.1649999618530273,1.7470279932022095,56.62732875209635,-11.999999999999833,-52.70000000000048,-13.516666666666726,-8.0,0.0,559.0,136.0,17.79352263767389,4.3290144520995515,1.0822536130248879,53.38056791302171,3.2467608390746645,0.05733558178752106,527.0,520.0,535.0,280.0,1.0,265.0,270.3333333333333,0.0007453333333333333,0.03145962708449799,0.8916666666666667,0.8783333333333333,0.8666666666666667,0.45055555555555554,1.0
53,20261375,67827e600143f0b2,37.37536178225018,600,0.7663,0,0.7437603993344426,max_episode_steps,1.0,37.958453927417054,600.0,0.0,1.2649999856948853,314.625,6.440000057220459,267.3783264160156,0.009089191444218159,0.17188774049282074,1.2649999856948853,1.2649999856948853,0.0,0.0,6.440000057220459,6.429999828338623,0.009999999776482582,0.009999999776482582,0.009999999776482582,6.105000019073486,5.556389331817627,113.87536178225119,-11.999999999999833,-44.700000000000365,-11.800000000000034,-8.0,0.0,1128.0,258.0,35.905355161531595,8.212395063541802,2.0530987658854505,107.71606548459482,6.159296297656343,0.05408805031446533,447.0,442.0,455.0,253.0,5.0,225.0,236.0,0.0012771666666666667,0.06326408987902843,0.7583333333333333,0.745,0.7366666666666667,0.3933333333333333,1.0
54,20261376,ad56ccdfe2b396a1,1.1749845169036366,600,0.6257,0,0.8053244592346089,max_episode_steps,1.0,31.369439283412582,600.0,0.0,1.8916666507720947,370.22833251953125,8.143333435058594,211.27471923828125,0.036167800426483154,0.6064404249191284,1.8916666507720947,1.8916666507720947,0.0,0.0,8.143333435058594,8.039999961853027,0.10333333164453506,0.0716666653752327,0.0716666653752327,6.386666774749756,4.549166679382324,94.1083178502378,-11.999999999999833,-48.40000000000042,-24.533333333333548,-8.0,0.0,929.0,226.0,29.570988426474145,7.193803427753671,1.7984508569384177,88.71296527942252,5.395352570815248,0.0573313039066463,484.0,480.0,497.0,501.0,3.0,484.0,490.66666666666663,0.0010428333333333333,0.052282398805687635,0.8283333333333334,0.8066666666666666,0.8,0.8177777777777777,1.0
55,20261377,92829ad0c182e951,-48.464620863580556,600,0.3514,0,0.9317803660565723,max_episode_steps,1.0,13.934015267695438,600.0,0.0,1.975000023841858,499.92498779296875,7.986666679382324,255.4933319091797,0.04616779834032059,0.9491017460823059,1.975000023841858,1.975000023841858,0.0,0.0,7.986666679382324,7.983333110809326,0.0033333334140479565,0.0033333334140479565,0.0033333334140479565,6.961666584014893,4.10277795791626,41.80204580308632,-11.999999999999833,-56.000000000000526,-14.266666666666737,-8.0,0.0,411.0,107.0,13.0825363221538,3.4059157821665593,0.8514789455416398,39.24760896646139,2.554436836624921,0.06110793832095946,560.0,552.0,561.0,290.0,4.0,281.0,285.3333333333333,0.0005856666666666666,0.023223358779492397,0.935,0.9333333333333333,0.92,0.4755555555555555,1.0
56,20261378,165bb426e16227f3,-40.64924403002024,600,0.4567,0,0.8535773710482529,max_episode_steps,1.0,18.828029767771216,600.0,0.0,2.055000066757202,658.780029296875,5.108333110809326,325.9958190917969,0.04229780659079552,0.7983272075653076,2.055000066757202,2.055000066757202,0.0,0.0,5.108333110809326,5.108333110809326,0.0,0.0,0.0,3.9100000858306885,2.5027222633361816,56.484089303313645,-11.999999999999833,-51.30000000000046,-25.833333333333567,-8.0,0.0,550.0,166.0,17.507043740108486,5.283944110650923,1.3209860276627308,52.52113122032542,3.962958082988192,0.0701606086221471,513.0,506.0,523.0,522.0,2.0,513.0,516.6666666666666,0.0007611666666666666,0.03138004961295203,0.8716666666666667,0.855,0.8433333333333334,0.861111111111111,1.0
57,20261379,8ba00cf4d8d77783,58.08160755165423,600,0.8786,0,0.7254575707154742,max_episode_steps,1.0,44.388313628329584,600.0,0.0,2.758333444595337,407.17999267578125,5.306666851043701,169.539306640625,0.03909296914935112,0.7494650483131409,2.758333444595337,2.758333444595337,0.0,0.0,5.306666851043701,5.306666851043701,0.0,0.0,0.0,3.2933332920074463,2.115833282470703,133.16494088498874,-11.999999999999833,-43.60000000000035,-11.483333333333363,-8.0,0.0,1314.0,322.0,41.8259190445501,10.249578335118063,2.5623945837795157,125.47775713365037,7.687183751338536,0.05772678379347427,436.0,430.0,458.0,245.0,4.0,220.0,229.66666666666666,0.0014643333333333333,0.07398052271388264,0.7633333333333333,0.7266666666666667,0.7166666666666667,0.3827777777777778,1.0
58,20261380,962afc4afb6a2073,165.52581097226198,202,0.9517,1,0.03940886699507389,coverage_reached,0.0,50.44415921297621,202.0,0.0,1.6089109182357788,548.4356689453125,6.262376308441162,413.53094482421875,0.04272468388080597,0.7946357131004333,1.6089109182357788,1.6089109182357788,0.0,0.0,6.262376308441162,6.257425785064697,0.004950494971126318,0.004950494971126318,0.004950494971126318,5.321782112121582,4.641914367675781,151.33247763892876,-4.040000000000002,-0.7999999999999999,-0.9666666666666675,0.0,20.0,1488.0,387.0,47.364511064148054,12.318592595312712,3.079648148828178,142.09353319244423,9.238944446484512,0.061050638902034916,8.0,0.0,15.0,40.0,4.0,7.0,19.333333333333332,0.004711386138613861,0.24972356046027827,0.07425742574257425,0.039603960396039604,0.0,0.0957095709570957,0.0
59,20261381,09db32f85cb066f5,31.927803931996067,600,0.792,0,0.7936772046589018,max_episode_steps,1.0,41.237045755110096,600.0,0.0,2.1516666412353516,343.7449951171875,3.441666603088379,160.71337890625,0.029319731518626213,0.6292317509651184,2.1516666412353516,2.1516666412353516,0.0,0.0,3.441666603088379,3.441666603088379,0.0,0.0,0.0,2.1666667461395264,1.5928611755371094,123.71113726533027,-11.999999999999833,-47.70000000000041,-24.08333333333354,-8.0,0.0,1243.0,210.0,39.56591885264519,6.684507609859605,1.6711269024649011,118.6977565579356,5.013380707394701,0.04052489386337318,477.0,468.0,491.0,499.0,2.0,472.0,481.6666666666667,0.00132,0.06872840959185016,0.8183333333333334,0.795,0.78,0.8027777777777778,1.0
60,20261382,fd5a6662d892e80b,-51.149526259386924,600,0.3771,0,0.9034941763727121,max_episode_steps,1.0,16.71126902464901,600.0,0.0,2.0233333110809326,409.663330078125,6.168333530426025,204.16278076171875,0.01704459823668003,0.8866481781005859,2.0233333110809326,2.0233333110809326,0.0,0.0,6.168333530426025,6.166666507720947,0.0016666667070239782,0.0016666667070239782,0.0016666667070239782,5.059999942779541,3.0631942749023438,50.133807073947025,-11.999999999999833,-54.0000000000005,-27.283333333333587,-8.0,0.0,502.0,92.0,15.979156286426294,2.9284509528908726,0.7321127382227182,47.93746885927885,2.1963382146681556,0.04380952380952383,540.0,537.0,558.0,555.0,2.0,540.0,545.6666666666666,0.0006284999999999999,0.027852115041081683,0.93,0.9,0.895,0.9094444444444444,1.0
61,20261383,6780594af47c26bd,166.0359987413634,213,0.9515,1,0.018691588785046728,coverage_reached,0.0,50.34866624712107,213.0,0.0,2.075117349624634,384.713623046875,5.48356819152832,211.61813354492188,0.0354827381670475,0.6306745409965515,2.075117349624634,2.075117349624634,0.0,0.0,5.48356819152832,5.48356819152832,0.0,0.0,0.0,3.5868544578552246,2.979733943939209,151.04599874136323,-4.259999999999997,-0.2,-0.55,0.0,20.0,1490.0,367.0,47.42817304138478,11.681972822945125,2.9204932057362814,142.28451912415454,8.761479617208822,0.05800537379484733,2.0,5.0,39.0,27.0,2.0,2.0,11.000000000000002,0.004467136150234742,0.2363787147752163,0.18309859154929578,0.009389671361502348,0.023474178403755867,0.05164319248826292,0.0
62,20261384,90f345732bdb8ef9,158.6979700290691,190,0.9514,1,0.06806282722513089,coverage_reached,0.0,48.2159900096897,190.0,0.0,3.3421051502227783,357.1684265136719,6.747368335723877,119.4551773071289,0.037916216999292374,0.7594922780990601,3.3421051502227783,3.3421051502227783,0.0,0.0,6.747368335723877,6.747368335723877,0.0,0.0,0.0,4.278947353363037,2.2319300174713135,144.647970029069,-3.800000000000003,-1.2,-0.9500000000000007,0.0,20.0,1427.0,351.0,45.42282075842695,11.172677005051066,2.7931692512627664,136.26846227528085,8.379507753788277,0.05793035154315882,12.0,1.0,20.0,40.0,1.0,8.0,19.000000000000004,0.005007368421052632,0.25376836847205103,0.10526315789473684,0.06315789473684211,0.005263157894736842,0.10000000000000002,0.0
63,20261385,d5ab3cbe66865116,34.26076143926964,600,0.8064,0,0.7337770382695508,max_episode_steps,1.0,40.298031590867886,600.0,0.0,1.1966667175292969,560.0216674804688,3.9116666316986084,518.900390625,0.009111867286264896,0.17172151803970337,1.1966667175292969,1.1966667175292969,0.0,0.0,3.9116666316986084,3.9049999713897705,0.006666666828095913,0.006666666828095913,0.006666666828095913,3.426666736602783,3.278055429458618,120.89409477260375,-11.999999999999833,-44.10000000000036,-22.53333333333352,-8.0,0.0,1196.0,280.0,38.06986238758136,8.912676813146149,2.2281692032865372,114.20958716274413,6.684507609859594,0.05529225908372818,441.0,441.0,457.0,466.0,4.0,441.0,450.66666666666663,0.001344,0.0671633859847798,0.7616666666666667,0.735,0.735,0.7511111111111111,1.0
64,20261386,2a60ca814e5578ab,32.42202902463177,600,0.8151,0,0.7520798668885191,max_episode_steps,1.0,40.21845411932194,600.0,0.0,3.700000047683716,488.9633483886719,6.289999961853027,141.1812286376953,0.017297808080911636,0.7466573715209961,3.700000047683716,3.700000047683716,0.0,0.0,6.289999961853027,6.289999961853027,0.0,0.0,0.0,3.4566667079925537,1.883388876914978,120.65536235796588,-11.999999999999833,-45.20000000000037,-23.033333333333527,-8.0,0.0,1188.0,302.0,37.81521447863434,9.61295856275048,2.40323964068762,113.44564343590302,7.2097189220628515,0.059754649782350545,452.0,448.0,468.0,475.0,3.0,452.0,460.6666666666667,0.0013585000000000001,0.06703075686553657,0.78,0.7533333333333333,0.7466666666666667,0.7677777777777778,1.0
65,20261387,1f693b460eaa03f3,161.65360396567885,181,0.9514,1,0.02197802197802198,coverage_reached,0.0,48.74120132189294,181.0,0.0,1.8839778900146484,438.7403259277344,5.160221099853516,270.9175720214844,0.033537544310092926,0.7111274600028992,1.8839778900146484,1.8839778900146484,0.0,0.0,5.160221099853516,5.160221099853516,0.0,0.0,0.0,3.8839778900146484,3.0276243686676025,146.22360396567882,-3.6200000000000028,-0.4,-0.55,0.0,20.0,1448.0,333.0,46.091271519412885,10.599719209920234,2.6499298024800586,138.27381455823877,7.949789407440163,0.054367346938775415,4.0,3.0,33.0,29.0,2.0,1.0,11.000000000000002,0.0052563535911602215,0.26928840509333113,0.18232044198895028,0.022099447513812154,0.016574585635359115,0.06077348066298344,0.0
66,20261388,2af023e75db86e5d,-60.6908192589235,600,0.2696,0,0.9101497504159733,max_episode_steps,1.0,9.175282469247767,600.0,0.0,1.0049999952316284,446.42333984375,5.0933332443237305,445.2083435058594,0.018699921667575836,0.9991289377212524,1.0049999952316284,1.0049999952316284,0.0,0.0,5.0933332443237305,5.0933332443237305,0.0,0.0,0.0,5.0883331298828125,5.073333263397217,27.525847407743317,-11.999999999999833,-54.4000000000005,-13.81666666666673,-8.0,0.0,265.0,93.0,8.435211983870454,2.960281941509252,0.740070485377313,25.30563595161135,2.22021145613194,0.08065915004336516,544.0,540.0,559.0,282.0,1.0,273.0,276.3333333333333,0.0004493333333333333,0.015292137448746279,0.9316666666666666,0.9066666666666666,0.9,0.46055555555555555,1.0
67,20261389,4f95910189ad7c7c,-10.973443420623683,600,0.6027,0,0.848585690515807,max_episode_steps,1.0,28.592185526458987,600.0,0.0,1.9916666746139526,601.625,6.211666584014893,308.18475341796875,0.00711640203371644,0.09436200559139252,1.9916666746139526,1.9916666746139526,0.0,0.0,6.211666584014893,6.210000038146973,0.0016666667070239782,0.0016666667070239782,0.0016666667070239782,4.244999885559082,3.195972204208374,85.77655657937699,-11.999999999999833,-51.000000000000455,-25.75000000000023,-8.0,0.0,859.0,157.0,27.34281922318763,4.997465213085512,1.249366303271378,82.02845766956285,3.7480989098141335,0.04369607570275534,510.0,506.0,520.0,526.0,1.0,509.0,515.0,0.0010045,0.04765364254409831,0.8666666666666667,0.85,0.8433333333333334,0.8583333333333333,1.0
68,20261390,b7723553a632c584,-85.93027992650829,600,0.2244,0,0.9600665557404326,max_episode_steps,1.0,6.9232400244974475,600.0,0.0,2.001666784286499,362.7733459472656,5.034999847412109,181.71221923828125,0.03323885053396225,0.9186840057373047,2.001666784286499,2.001666784286499,0.0,0.0,5.034999847412109,5.034999847412109,0.0,0.0,0.0,4.026666641235352,2.528888702392578,20.76972007349234,-11.999999999999833,-57.70000000000055,-29.000000000000277,-8.0,0.0,210.0,30.0,6.6845076098596055,0.9549296585513721,0.23873241463784303,20.053522829578814,0.7161972439135291,0.034482758620689655,577.0,571.0,579.0,585.0,1.0,577.0,580.0,0.000374,0.011538733374162412,0.965,0.9616666666666667,0.9516666666666667,0.9666666666666667,1.0
69,20261391,295baa11edf1f257,-70.59370599296278,600,0.2983,0,0.9417637271214643,max_episode_steps,1.0,11.490986891234845,600.0,0.0,1.0049999952316284,365.9266662597656,4.023333549499512,365.5174865722656,0.026972787454724312,0.9986600875854492,1.0049999952316284,1.0049999952316284,0.0,0.0,4.023333549499512,4.023333549499512,0.0,0.0,0.0,4.016666889190674,4.012499809265137,34.472960673704534,-11.999999999999833,-56.600000000000534,-28.46666666666694,-8.0,0.0,351.0,40.0,11.172677005051053,1.2732395447351625,0.31830988618379064,33.51803101515315,0.954929658551372,0.027700831024930754,566.0,565.0,575.0,577.0,1.0,565.0,569.3333333333333,0.0004971666666666667,0.019151644818724743,0.9583333333333334,0.9433333333333334,0.9416666666666667,0.9488888888888888,1.0
70,20261392,41b486ae0bc347ca,161.13224249576592,192,0.9512,1,0.046632124352331605,coverage_reached,0.0,48.868525276366476,192.0,0.0,2.234375,405.59375,5.052083492279053,238.64695739746094,0.03701341524720192,0.7628175616264343,2.234375,2.234375,0.0,0.0,5.052083492279053,5.052083492279053,0.0,0.0,0.0,3.53125,2.863194227218628,146.6055758290994,-3.840000000000003,-0.8999999999999999,-0.7333333333333337,0.0,20.0,1451.0,337.0,46.186764485268036,10.727043164393752,2.681760791098438,138.56029345580404,8.045282373295302,0.0548770558540954,9.0,0.0,25.0,31.0,3.0,5.0,14.666666666666668,0.004954166666666667,0.25452356914774205,0.13020833333333334,0.046875,0.0,0.0763888888888889,0.0
71,20261393,38df3e981a35b054,160.01733623638796,175,0.9523,1,0.028409090909090908,coverage_reached,0.0,48.25577874546267,175.0,0.0,3.8457143306732178,461.3028564453125,8.794285774230957,133.3502960205078,0.04044055938720703,0.6699113249778748,3.8457143306732178,3.8457143306732178,0.0,0.0,8.794285774230957,8.708571434020996,0.08571428805589676,0.051428571343421936,0.051428571343421936,4.988571643829346,2.53076171875,144.76733623638802,-3.5000000000000027,-0.5,-0.7500000000000004,0.0,20.0,1427.0,356.0,45.422820758426944,11.33183194814296,2.83295798703574,136.2684622752808,8.498873961107195,0.05870712401055399,5.0,0.0,17.0,34.0,1.0,5.0,15.000000000000007,0.005441714285714286,0.2757473071169295,0.09714285714285714,0.02857142857142857,0.0,0.08571428571428576,0.0
72,20261394,2cd9c05258992392,68.03045811358956,600,0.9151,0,0.6006655574043261,max_episode_steps,1.0,47.515708260085326,600.0,0.0,1.346666693687439,344.0883483886719,2.3499999046325684,271.7723693847656,0.010748298838734627,0.21082989871501923,1.346666693687439,1.346666693687439,0.0,0.0,2.3499999046325684,2.3499999046325684,0.0,0.0,0.0,1.8966666460037231,1.680277705192566,142.54712478025598,-11.999999999999833,-35.80000000000024,-18.7166666666668,-8.0,0.0,1406.0,347.0,44.754369997440975,11.045353050577553,2.7613382626443883,134.263109992323,8.284014787933138,0.058114218723831726,358.0,376.0,424.0,405.0,8.0,355.0,374.3333333333333,0.0015251666666666666,0.07919284710014221,0.7066666666666667,0.5966666666666667,0.6266666666666667,0.6238888888888888,1.0
73,20261395,5e53d70abe1ad3f1,15.69296585513664,600,0.6262,0,0.7903494176372712,max_episode_steps,1.0,31.83098861837906,600.0,0.0,2.9100000858306885,631.7916870117188,9.908333778381348,219.17025756835938,0.03114512376487255,0.6893912553787231,2.9100000858306885,2.9100000858306885,0.0,0.0,9.908333778381348,9.895000457763672,0.013333333656191826,0.009999999776482582,0.009999999776482582,5.898333549499512,3.4858334064483643,95.4929658551372,-11.999999999999833,-47.500000000000405,-12.30000000000004,-8.0,0.0,937.0,252.0,29.825636335421173,8.021409131831527,2.005352282957882,89.4769090062636,6.016056848873641,0.06299999999999994,475.0,468.0,491.0,258.0,2.0,239.0,246.0,0.0010436666666666667,0.053051647697298435,0.8183333333333334,0.7916666666666666,0.78,0.41,1.0
74,20261396,cb38ef22275b622e,41.95721664980404,600,0.8059,0,0.7504159733777038,max_episode_steps,1.0,39.557961105490584,600.0,0.0,1.9483333826065063,491.7850036621094,4.421666622161865,256.9865417480469,0.02390400506556034,0.3166329562664032,1.9483333826065063,1.9483333826065063,0.0,0.0,4.421666622161865,4.414999961853027,0.006666666828095913,0.006666666828095913,0.006666666828095913,3.305000066757202,2.387500047683716,118.67388331647179,-11.999999999999833,-45.10000000000037,-11.6166666666667,-8.0,0.0,1178.0,259.0,37.49690459245053,8.244226052160181,2.0610565130400453,112.49071377735166,6.183169539120125,0.05210219271776294,451.0,441.0,463.0,245.0,2.0,225.0,232.33333333333334,0.0013431666666666666,0.06592993517581763,0.7716666666666666,0.7516666666666667,0.735,0.38722222222222225,1.0
75,20261397,deb5ddac81b72cd2,-52.96861167662566,600,0.3176,0,0.961730449251248,max_episode_steps,1.0,13.138240552235962,600.0,0.0,1.9783333539962769,395.6716613769531,6.954999923706055,201.0722198486328,0.06270219385623932,0.8798770904541016,1.9783333539962769,1.9783333539962769,0.0,0.0,6.954999923706055,6.954999923706055,0.0,0.0,0.0,5.958333492279053,3.5352776050567627,39.41472165670788,-11.999999999999833,-57.80000000000055,-14.583333333333407,-8.0,0.0,404.0,35.0,12.859719401825146,1.1140846016432675,0.2785211504108169,38.57915820547542,0.8355634512324503,0.021199273167777102,578.0,573.0,580.0,295.0,0.0,290.0,291.66666666666663,0.0005293333333333334,0.021897067587059935,0.9666666666666667,0.9633333333333334,0.955,0.48611111111111105,1.0
76,20261398,61d28d64a90608ab,-13.666941699599564,600,0.6003,0,0.7953410981697171,max_episode_steps,1.0,26.13324165568922,600.0,0.0,1.2166666984558105,377.7933349609375,3.43833327293396,346.3598327636719,0.0077248685993254185,0.11176976561546326,1.2166666984558105,1.2166666984558105,0.0,0.0,3.43833327293396,3.43833327293396,0.0,0.0,0.0,3.113333225250244,2.988194465637207,78.39972496706761,-11.999999999999833,-47.80000000000041,-24.26666666666688,-8.0,0.0,770.0,204.0,24.509861236151885,6.493521678149332,1.623380419537333,73.52958370845566,4.870141258611993,0.062119366626065715,478.0,481.0,503.0,500.0,2.0,477.0,485.3333333333333,0.0010004999999999999,0.04355540275948203,0.8383333333333334,0.7966666666666666,0.8016666666666666,0.8088888888888889,1.0
77,20261399,14dd1d28ec8f87fc,-58.79030159853733,600,0.3719,0,0.8968386023294509,max_episode_steps,1.0,13.997677244932197,600.0,0.0,2.9800000190734863,637.1266479492188,6.106666564941406,213.3847198486328,0.0337112620472908,0.7103978395462036,2.9800000190734863,2.9800000190734863,0.0,0.0,6.106666564941406,6.106666564941406,0.0,0.0,0.0,3.113333225250244,2.061805486679077,41.99303173479658,-11.999999999999833,-53.800000000000495,-26.983333333333583,-8.0,0.0,416.0,95.0,13.241691265245697,3.0239439187460104,0.7559859796865026,39.725073795737075,2.2679579390595093,0.054007959067652093,538.0,536.0,549.0,545.0,4.0,535.0,539.6666666666667,0.0006198333333333333,0.023329462074886995,0.915,0.8966666666666666,0.8933333333333333,0.8994444444444446,1.0
78,20261400,6c5b17a3625e3438,-77.0336360833002,600,0.2915,0,0.9467554076539102,max_episode_steps,1.0,9.477676861122367,600.0,0.0,1.996666669845581,305.8999938964844,7.043333530426025,154.0893096923828,0.025525318458676338,0.34008336067199707,1.996666669845581,1.996666669845581,0.0,0.0,7.043333530426025,7.0316667556762695,0.011666666716337204,0.004999999888241291,0.004999999888241291,4.054999828338623,3.5536112785339355,28.4330305833671,-11.999999999999833,-56.90000000000054,-28.56666666666694,-8.0,0.0,284.0,55.0,9.040000767619656,1.7507043740108483,0.4376760935027121,27.12000230285898,1.3130282805081368,0.04617968094038622,569.0,564.0,575.0,576.0,0.0,569.0,571.3333333333334,0.0004858333333333333,0.015796128101870612,0.9583333333333334,0.9483333333333334,0.94,0.9522222222222223,1.0
79,20261401,59dc717e01c8786a,-52.80215560251918,600,0.3824,0,0.8868552412645591,max_episode_steps,1.0,15.788170354716016,600.0,0.0,2.930000066757202,533.0150146484375,7.933333396911621,187.3611297607422,0.014172334223985672,0.8107388615608215,2.930000066757202,2.930000066757202,0.0,0.0,7.933333396911621,7.933333396911621,0.0,0.0,0.0,5.054999828338623,2.7958333492279053,47.364511064148054,-11.999999999999833,-53.30000000000049,-26.866666666666916,-8.0,0.0,460.0,144.0,14.642254764454368,4.583662361046584,1.145915590261646,43.92676429336309,3.4377467707849374,0.07258064516129031,533.0,528.0,540.0,543.0,3.0,533.0,537.3333333333334,0.0006373333333333334,0.026313617257860026,0.9,0.8883333333333333,0.88,0.8955555555555557,1.0
80,20261402,8c6173b559c2a9c8,-41.39123900475679,600,0.4347,0,0.9051580698835274,max_episode_steps,1.0,20.125142553970168,600.0,0.0,1.9283332824707031,278.2099914550781,4.046666622161865,150.9179229736328,0.05964474380016327,0.61859130859375,1.9283332824707031,1.9283332824707031,0.0,0.0,4.046666622161865,4.046666622161865,0.0,0.0,0.0,3.113333225250244,2.1870832443237305,60.37542766191049,-11.999999999999833,-54.4000000000005,-27.366666666666923,-8.0,0.0,603.0,117.0,19.194086136882586,3.7242256683503494,0.9310564170875874,57.58225841064774,2.7931692512627615,0.046263345195729506,544.0,537.0,551.0,554.0,0.0,544.0,547.3333333333333,0.0007245,0.03354190425661695,0.9183333333333333,0.9066666666666666,0.895,0.912222222222222,1.0
81,20261403,b983dc45739b654d,17.793037491943196,600,0.7321,0,0.7953410981697171,max_episode_steps,1.0,36.59767916398133,600.0,0.0,4.611666679382324,723.9533081054688,8.643333435058594,159.5836639404297,0.03303099423646927,0.49307799339294434,4.611666679382324,4.611666679382324,0.0,0.0,8.643333435058594,8.643333435058594,0.0,0.0,0.0,4.038333415985107,1.944333553314209,109.79303749194402,-11.999999999999833,-47.80000000000041,-24.20000000000021,-8.0,0.0,1094.0,223.0,34.82310154850669,7.0983104618985315,1.7745776154746329,104.46930464552011,5.323732846423897,0.048488801913459424,478.0,472.0,489.0,493.0,3.0,478.0,484.0,0.0012201666666666667,0.06099613193996889,0.815,0.7966666666666666,0.7866666666666666,0.8066666666666666,1.0
82,20261404,0897a00e47cc5781,-7.3823872913934085,600,0.6184,0,0.78369384359401,max_episode_steps,1.0,27.772537569535736,600.0,0.0,2.1050000190734863,562.1266479492188,4.295000076293945,275.2216796875,0.006587301380932331,0.11465265601873398,2.1050000190734863,2.1050000190734863,0.0,0.0,4.295000076293945,4.295000076293945,0.0,0.0,0.0,2.1533334255218506,2.0537500381469727,83.31761270860723,-11.999999999999833,-47.0000000000004,-23.700000000000202,-8.0,0.0,814.0,234.0,25.910424735360557,7.448451336700703,1.8621128341751758,77.73127420608174,5.586338502525524,0.06704871060171913,470.0,457.0,492.0,489.0,5.0,464.0,474.0,0.0010306666666666665,0.04628756261589289,0.82,0.7833333333333333,0.7616666666666667,0.79,1.0
83,20261405,3c41c8ee97feecff,-66.62440998316379,600,0.3134,0,0.9284525790349417,max_episode_steps,1.0,12.414085561167838,600.0,0.0,1.006666660308838,314.0416564941406,3.1066665649414062,312.80499267578125,0.02392668090760708,0.9991918802261353,1.006666660308838,1.006666660308838,0.0,0.0,3.1066665649414062,3.1066665649414062,0.0,0.0,0.0,3.0999999046325684,3.0875000953674316,37.242256683503506,-11.999999999999833,-55.80000000000052,-28.066666666666933,-8.0,0.0,377.0,52.0,12.000282709128909,1.6552114081557112,0.4138028520389278,36.00084812738672,1.2414085561167838,0.03333333333333335,558.0,552.0,564.0,568.0,0.0,558.0,561.3333333333333,0.0005223333333333333,0.020690142601946397,0.94,0.93,0.92,0.9355555555555555,1.0
84,20261406,abfe397cde02924b,36.482474760353945,600,0.7561,0,0.8069883527454242,max_episode_steps,1.0,39.14415825345165,600.0,0.0,3.873333215713501,312.864990234375,7.335000038146973,82.88749694824219,0.03938775509595871,0.3557370603084564,3.873333215713501,3.873333215713501,0.0,0.0,7.335000038146973,7.335000038146973,0.0,0.0,0.0,3.301666736602783,1.9319167137145996,117.43247476035495,-11.999999999999833,-48.50000000000042,-12.450000000000042,-8.0,0.0,1174.0,223.0,37.36958063797701,7.098310461898532,1.774577615474633,112.10874191393114,5.323732846423895,0.045334417564545586,485.0,481.0,489.0,260.0,1.0,243.0,249.0,0.0012601666666666666,0.06524026375575274,0.815,0.8083333333333333,0.8016666666666666,0.415,1.0
85,20261407,4e1810073fe1443e,-65.16534911652742,600,0.3524,0,0.8935108153078203,max_episode_steps,1.0,11.761550294491066,600.0,0.0,1.0199999809265137,393.3233337402344,2.1433334350585938,390.8066711425781,0.02371504157781601,0.9759950041770935,1.0199999809265137,1.0199999809265137,0.0,0.0,2.1433334350585938,2.1433334350585938,0.0,0.0,0.0,2.123333215713501,2.1083333492279053,35.2846508834732,-11.999999999999833,-53.50000000000049,-26.950000000000248,-8.0,0.0,350.0,78.0,11.140846016432675,2.482817112233566,0.6207042780583915,33.42253804929801,1.862112834175176,0.05277401894451965,535.0,532.0,557.0,545.0,2.0,535.0,539.0,0.0005873333333333334,0.019602583824151778,0.9283333333333333,0.8916666666666667,0.8866666666666667,0.8983333333333333,1.0
86,20261408,4d8c2a46c52bb58b,158.80350979327082,167,0.9537,1,0.017857142857142856,coverage_reached,0.0,47.65894770886805,167.0,0.0,2.2335329055786133,404.9101867675781,6.215569019317627,238.39071655273438,0.03785626217722893,0.8986605405807495,2.2335329055786133,2.2335329055786133,0.0,0.0,6.215569019317627,6.215569019317627,0.0,0.0,0.0,4.856287479400635,3.481337070465088,142.97684312660414,-3.3400000000000025,-0.30000000000000004,-0.5333333333333333,0.0,20.0,1416.0,325.0,45.07267988362475,10.345071300973196,2.586267825243299,135.21803965087432,7.758803475729889,0.054266154616797395,3.0,0.0,15.0,24.0,6.0,1.0,10.666666666666668,0.005710778443113773,0.2853829204123835,0.08982035928143713,0.017964071856287425,0.0,0.06387225548902196,0.0
87,20261409,b35b43b5bdd8aa9e,26.351323307286712,600,0.7129,0,0.7470881863560732,max_episode_steps,1.0,34.36155221354021,600.0,0.0,1.443333387374878,508.4150085449219,2.738333225250244,437.8150634765625,0.008873771876096725,0.0922904908657074,1.443333387374878,1.443333387374878,0.0,0.0,2.738333225250244,2.738333225250244,0.0,0.0,0.0,2.131666660308838,1.9639166593551636,103.08465664062064,-11.999999999999833,-44.90000000000037,-11.833333333333368,-8.0,0.0,1008.0,286.0,32.0856365273261,9.103662744856416,2.275915686214104,96.25690958197833,6.827747058642306,0.06623436776285312,449.0,444.0,475.0,253.0,5.0,226.0,236.66666666666669,0.0011881666666666666,0.057269253689233676,0.7916666666666666,0.7483333333333333,0.74,0.3944444444444445,1.0
88,20261410,0cdde8b5141e0ff5,165.2110924819851,169,0.9507,1,0.011764705882352941,coverage_reached,0.0,49.73591971621728,169.0,0.0,4.171597480773926,488.88165283203125,9.60354995727539,134.59022521972656,0.04180922731757164,0.4858904182910919,4.171597480773926,4.171597480773926,0.0,0.0,9.60354995727539,9.60354995727539,0.0,0.0,0.0,4.165680408477783,2.5980417728424072,149.20775914865195,-3.3800000000000026,-0.1,-0.5166666666666666,0.0,20.0,1473.0,358.0,46.88704623487237,11.395493925379709,2.8488734813449272,140.6611387046172,8.54662044403477,0.0572799999999999,1.0,0.0,11.0,26.0,3.0,1.0,10.333333333333334,0.005625443786982248,0.29429538293619695,0.0650887573964497,0.005917159763313609,0.0,0.061143984220907305,0.0
89,20261411,b4be5829a2db46d1,53.41496428416173,600,0.8612,0,0.6555740432612313,max_episode_steps,1.0,44.093876983609626,600.0,0.0,2.258333444595337,437.3033447265625,4.784999847412109,202.91041564941406,0.0335298553109169,0.7003089189529419,2.258333444595337,2.258333444595337,0.0,0.0,4.784999847412109,4.784999847412109,0.0,0.0,0.0,3.116666555404663,2.142305612564087,132.28163095082883,-11.999999999999833,-38.90000000000028,-19.966666666666818,-8.0,0.0,1307.0,313.0,41.603102124221444,9.963099437552659,2.4907748593881647,124.80930637266431,7.472324578164473,0.05648799855621721,389.0,418.0,448.0,417.0,3.0,389.0,399.33333333333337,0.0014353333333333334,0.07348979497268271,0.7466666666666667,0.6483333333333333,0.6966666666666667,0.6655555555555556,1.0
90,20261412,1a4ae7f5f67936de,68.25935461029674,600,0.9378,0,0.6855241264559068,max_episode_steps,1.0,46.66422931454369,600.0,0.0,1.2366666793823242,283.2166748046875,3.255000114440918,234.66307067871094,0.010975057259202003,0.203081414103508,1.2366666793823242,1.2366666793823242,0.0,0.0,3.255000114440918,3.255000114440918,0.0,0.0,0.0,2.751666784286499,2.5808334350585938,139.99268794363113,-11.999999999999833,-40.90000000000031,-10.833333333333353,-8.0,0.0,1377.0,356.0,43.83127132750798,11.331831948142957,2.8329579870357393,131.493813982524,8.498873961107202,0.06070941336971342,409.0,405.0,439.0,235.0,3.0,206.0,216.66666666666669,0.001563,0.07777371552423948,0.7316666666666667,0.6816666666666666,0.675,0.36111111111111116,1.0
91,20261413,f7c810899af1f504,162.79797031692644,227,0.95,1,0.017543859649122806,coverage_reached,0.0,49.34599010564212,227.0,0.0,1.5286343097686768,382.0176086425781,3.264317274093628,296.0627746582031,0.028429580852389336,0.6627255082130432,1.5286343097686768,1.5286343097686768,0.0,0.0,3.264317274093628,3.264317274093628,0.0,0.0,0.0,2.590308427810669,2.344346284866333,148.03797031692656,-4.539999999999991,-0.1,-0.6000000000000001,0.0,20.0,1462.0,353.0,46.53690536007022,11.236338982287819,2.8090847455719548,139.61071608021058,8.42725423671585,0.05692630220932103,1.0,16.0,58.0,31.0,3.0,1.0,12.0,0.004185022026431718,0.21738321632441465,0.2555066079295154,0.004405286343612335,0.07048458149779736,0.05286343612334802,0.0
92,20261414,0dfbc828ba029bf7,55.05958860202962,600,0.8454,0,0.7387687188019967,max_episode_steps,1.0,43.71986286734363,600.0,0.0,2.7850000858306885,450.8800048828125,6.493333339691162,169.8312530517578,0.028507182374596596,0.6294374465942383,2.7850000858306885,2.7850000858306885,0.0,0.0,6.493333339691162,6.493333339691162,0.0,0.0,0.0,3.944999933242798,2.413055658340454,131.15958860203096,-11.999999999999833,-44.40000000000036,-11.700000000000033,-8.0,0.0,1298.0,302.0,41.316623226656034,9.612958562750485,2.4032396406876213,123.94986967996817,7.20971892206285,0.054969057153258,444.0,439.0,462.0,253.0,3.0,223.0,234.0,0.001409,0.07286643811223938,0.77,0.74,0.7316666666666667,0.39,1.0
93,20261415,2f168890fe16006b,8.6867215250191,600,0.6032,0,0.8552412645590682,max_episode_steps,1.0,31.051129397228785,600.0,0.0,1.1133333444595337,464.8616638183594,4.329999923706055,445.7833251953125,0.019977325573563576,0.9520584344863892,1.1133333444595337,1.1133333444595337,0.0,0.0,4.329999923706055,4.329999923706055,0.0,0.0,0.0,4.053333282470703,3.991527557373047,93.15338819168637,-11.999999999999833,-51.30000000000046,-13.166666666666721,-8.0,0.0,935.0,162.0,29.76197435818442,5.156620156177408,1.289155039044352,89.28592307455332,3.8674651171330567,0.04151717068170167,513.0,509.0,524.0,274.0,0.0,258.0,263.3333333333333,0.0010053333333333333,0.05175188232871464,0.8733333333333333,0.855,0.8483333333333334,0.4388888888888889,1.0
94,20261416,b523142135333041,-96.68136060634139,600,0.1828,0,0.9667221297836939,max_episode_steps,1.0,3.517324242330887,600.0,0.0,2.001666784286499,201.413330078125,5.014999866485596,100.67638397216797,0.03778155520558357,0.9221807718276978,2.001666784286499,2.001666784286499,0.0,0.0,5.014999866485596,5.014999866485596,0.0,0.0,0.0,4.013333320617676,2.5061111450195312,10.55197272699266,-11.999999999999833,-58.100000000000556,-29.133333333333614,-8.0,0.0,107.0,14.0,3.4059157821665593,0.445633840657307,0.11140846016432675,10.21774734649968,0.33422538049298023,0.031674208144796386,581.0,577.0,586.0,586.0,0.0,581.0,582.6666666666667,0.00030466666666666663,0.005862207070551478,0.9766666666666667,0.9683333333333334,0.9616666666666667,0.9711111111111113,1.0
95,20261417,0a6da9883e7ba190,161.76484815186762,206,0.9509,1,0.043478260869565216,coverage_reached,0.0,48.95606049506703,206.0,0.0,1.9902912378311157,341.0679626464844,3.37864089012146,197.74435424804688,0.03136076405644417,0.564498782157898,1.9902912378311157,1.9902912378311157,0.0,0.0,3.37864089012146,3.37864089012146,0.0,0.0,0.0,2.2330098152160645,1.8628641366958618,146.868181485201,-4.12,-0.2,-0.7833333333333337,0.0,20.0,1463.0,300.0,46.568736348688596,9.549296585513726,2.3873241463784316,139.70620904606568,7.161972439135281,0.0487646293888166,2.0,15.0,44.0,36.0,7.0,2.0,15.666666666666671,0.004616019417475728,0.23765077910226712,0.21359223300970873,0.009708737864077669,0.07281553398058252,0.07605177993527511,0.0
96,20261418,664fc3df60e0c50e,32.3212539733387,600,0.7449,0,0.7104825291181365,max_episode_steps,1.0,38.63486243555761,600.0,0.0,1.1549999713897705,325.6833190917969,2.0166666507720947,289.04998779296875,0.01926303841173649,0.9211929440498352,1.1549999713897705,1.1549999713897705,0.0,0.0,2.0166666507720947,2.0166666507720947,0.0,0.0,0.0,1.6883333921432495,1.607777714729309,115.90458730667275,-11.999999999999833,-42.30000000000033,-21.283333333333502,-8.0,0.0,1140.0,295.0,36.28732702495213,9.390141642421833,2.3475354106054582,108.86198107485647,7.042606231816359,0.06076210092687939,423.0,423.0,451.0,436.0,3.0,419.0,425.66666666666663,0.0012415,0.06439143739259601,0.7516666666666667,0.705,0.705,0.7094444444444444,1.0
97,20261419,bc49a260a0edcc1a,-30.743844948715285,600,0.4719,0,0.8951747088186356,max_episode_steps,1.0,18.90760723931717,600.0,0.0,2.8583333492279053,517.3466796875,7.994999885559082,193.3222198486328,0.02085033990442753,0.9422287940979004,2.8583333492279053,2.8583333492279053,0.0,0.0,7.994999885559082,7.961666584014893,0.03333333507180214,0.021666666492819786,0.021666666492819786,6.105000019073486,2.994999885559082,56.7228217179515,-11.999999999999833,-53.800000000000495,-13.666666666666728,-8.0,0.0,555.0,156.0,17.666198683200392,4.965634224467136,1.241408556116784,52.99859604960115,3.72422566835035,0.06565656565656564,538.0,528.0,546.0,281.0,1.0,269.0,273.3333333333333,0.0007865,0.03151267873219528,0.91,0.8966666666666666,0.88,0.45555555555555555,1.0
98,20261420,1b603986aa504798,7.241134962470577,600,0.6855,0,0.7803660565723793,max_episode_steps,1.0,32.19704498749042,600.0,0.0,1.3600000143051147,399.4366760253906,2.8983333110809326,344.9038391113281,0.01061980426311493,0.5254733562469482,1.3600000143051147,1.3600000143051147,0.0,0.0,2.8983333110809326,2.8983333110809326,0.0,0.0,0.0,2.5199999809265137,2.1405277252197266,96.5911349624713,-11.999999999999833,-46.20000000000039,-23.150000000000194,-8.0,0.0,961.0,202.0,30.58958006226228,6.429859700912568,1.607464925228142,91.76874018678686,4.822394775684426,0.04992585269401875,462.0,474.0,498.0,471.0,4.0,457.0,463.0,0.0011425,0.05366174164581737,0.83,0.77,0.79,0.7716666666666666,1.0
99,20261421,a0baf9f80efda9b5,-18.70494730057732,600,0.493,0,0.8818635607321131,max_episode_steps,1.0,22.57612867758536,600.0,0.0,1.9900000095367432,604.9366455078125,6.011666774749756,306.1102600097656,0.03787225857377052,0.47756245732307434,1.9900000095367432,1.9900000095367432,0.0,0.0,6.011666774749756,6.010000228881836,0.0016666667070239782,0.0016666667070239782,0.0016666667070239782,4.025000095367432,3.054722309112549,67.72838603275605,-11.999999999999833,-53.00000000000048,-13.43333333333339,-8.0,0.0,672.0,149.0,21.390424351550738,4.742817304138479,1.1857043260346198,64.1712730546522,3.5571129781038606,0.05252026788861473,530.0,525.0,533.0,275.0,1.0,265.0,268.6666666666667,0.0008216666666666666,0.03762688112930893,0.8883333333333333,0.8833333333333333,0.875,0.44777777777777783,1.0
100,20261422,cdb8a24f7d727cd0,-10.691940979956248,600,0.5948,0,0.8585690515806988,max_episode_steps,1.0,28.95824189557035,600.0,0.0,2.0816667079925537,323.885009765625,8.074999809265137,157.31707763671875,0.0053930459544062614,0.0596601627767086,2.0816667079925537,2.0816667079925537,0.0,0.0,8.074999809265137,8.074999809265137,0.0,0.0,0.0,4.945000171661377,3.926389217376709,86.87472568671113,-11.999999999999833,-51.60000000000046,-25.966666666666903,-8.0,0.0,869.0,163.0,27.661129109371416,5.18845114479579,1.2971127861989475,82.98338732811425,3.8913383585968386,0.04479252541907114,516.0,518.0,528.0,525.0,1.0,516.0,519.3333333333333,0.0009913333333333334,0.04826373649261725,0.88,0.86,0.8633333333333333,0.8655555555555554,1.0
