block,method_id,group,display_name,episode_idx,episode_seed,epsilon,success,final_coverage,episode_reward,episode_length,repeat_visit_ratio,timeout_flag,done_reason,random_action_count,greedy_action_count,random_action_ratio,accessible_block_count,total_accessible_unknown_area,total_frontier_cluster_count,mean_block_area,local_frontier_coverage,local_frontier_block_area_mean,value_total_block_count_before_cap,value_packed_block_count,value_truncated_block_count,value_block_cap_hit_flag,value_total_entry_count_before_cap,value_packed_entry_count,value_truncated_entry_count,value_entry_cap_hit_block_count,value_entry_cap_hit_flag,value_max_frontier_clusters_per_block,value_mean_frontier_clusters_per_block,info_reward_sum,step_penalty_sum,recent_revisit_penalty_sum,turn_penalty_sum,timeout_penalty_sum,terminal_bonus_sum,delta_empty_sum,delta_obstacle_sum,empty_info_gain_sum,obstacle_info_gain_sum,weighted_obstacle_info_gain_sum,weighted_info_gain_sum,empty_info_reward_sum,obstacle_info_reward_sum,obstacle_info_contribution_ratio,recent_revisit_trigger_count,stall_trigger_count,zero_info_step_count,turn_ge_90_count,turn_135_count,turn_180_count,turn_penalty_weight_sum,checkpoint_path
official_final_seed_block,A,A,full_method_main,1,20261323,0.04,1,0.9548,168.51923916449385,131,0.0,0.0,coverage_reached,1,130,0.007633587786259542,3.8778626918792725,480.2137451171875,7.916030406951904,144.1426544189453,0.040591299533843994,0.6771497130393982,3.8778626918792725,3.8778626918792725,0.0,0.0,7.916030406951904,7.916030406951904,0.0,0.0,0.0,3.992366313934326,2.4946563243865967,151.6059058311605,-2.620000000000002,0.0,-0.4666666666666666,0.0,20.0,1482.0,272.0,47.173525132437796,8.658028904199107,1.7316057808398218,48.905130913277624,146.23792791055706,5.367977920603447,0.035407445977610016,0.0,0.0,1.0,27.0,1.0,0.0,9.33333333333333,C:\Users\Dk\Desktop\SCI\DRL_PF\checkpoint_store\full_method_main\A_full_method.pt
official_final_seed_block,A,A,full_method_main,2,20261324,0.04,1,0.9535,163.81778917635583,184,0.05945945945945946,0.0,coverage_reached,7,177,0.03804347826086957,5.16304349899292,542.4728393554688,12.086956977844238,122.26307678222656,0.036564625799655914,0.45672544836997986,5.16304349899292,5.16304349899292,0.0,0.0,12.086956977844238,12.0054349899292,0.08152174204587936,0.04891304299235344,0.04891304299235344,4.52717399597168,2.8363442420959473,148.98112250968896,-3.680000000000003,-0.7,-0.7833333333333339,0.0,20.0,1452.0,289.0,46.218595473886396,9.199155710711556,1.8398311421423101,48.05842661602876,143.27764596904788,5.703476540641168,0.038283216320042425,7.0,7.0,39.0,30.0,5.0,6.0,15.666666666666671,C:\Users\Dk\Desktop\SCI\DRL_PF\checkpoint_store\full_method_main\A_full_method.pt
official_final_seed_block,A,A,full_method_main,3,20261325,0.04,1,0.9517,156.01001413465823,270,0.12546125461254612,0.0,coverage_reached,8,262,0.02962962962962963,3.82962965965271,506.78887939453125,11.074073791503906,134.43714904785156,0.024162257090210915,0.38832223415374756,3.82962965965271,3.82962965965271,0.0,0.0,11.074073791503906,11.051852226257324,0.02222222276031971,0.014814814552664757,0.014814814552664757,5.655555725097656,2.9100000858306885,144.3433474679911,-5.399999999999973,-1.5000000000000002,-1.433333333333334,0.0,20.0,1399.0,319.0,44.53155307711232,10.154085369262924,2.0308170738525844,46.56237015096492,138.0478145390482,6.2955329289430155,0.04361498496035003,15.0,75.0,119.0,54.0,10.0,11.0,28.666666666666657,C:\Users\Dk\Desktop\SCI\DRL_PF\checkpoint_store\full_method_main\A_full_method.pt
official_final_seed_block,A,A,full_method_main,4,20261326,0.04,1,0.9565,146.68736626409327,581,0.22508591065292097,0.0,coverage_reached,19,562,0.03270223752151463,6.220309734344482,585.549072265625,13.891566276550293,98.71614074707031,0.01722731627523899,0.15113452076911926,6.220309734344482,6.220309734344482,0.0,0.0,13.891566276550293,13.781411170959473,0.1101549044251442,0.03614457696676254,0.03614457696676254,5.370051860809326,2.3633246421813965,144.540699597425,-11.619999999999841,-2.800000000000001,-3.4333333333333287,0.0,20.0,1394.0,354.0,44.37239813402045,11.268169970906195,2.2536339941812384,46.626032128201736,137.55443421546332,6.986265381961842,0.0483342435827417,28.0,282.0,397.0,135.0,41.0,15.0,68.66666666666664,C:\Users\Dk\Desktop\SCI\DRL_PF\checkpoint_store\full_method_main\A_full_method.pt
official_final_seed_block,A,A,full_method_main,5,20261327,0.04,1,0.9517,146.36610647351318,499,0.43,0.0,coverage_reached,19,480,0.03807615230460922,3.8997995853424072,369.0721435546875,5.641282558441162,99.8410415649414,0.016836393624544144,0.5251050591468811,3.8997995853424072,3.8997995853424072,0.0,0.0,5.641282558441162,5.641282558441162,0.0,0.0,0.0,2.394789695739746,1.4847360849380493,148.11277314017948,-9.979999999999876,-6.799999999999992,-4.966666666666657,0.0,20.0,1429.0,360.0,45.486482735663685,11.459155902616473,2.291831180523293,47.778313916186974,141.00809648055744,7.104676659622214,0.047968021319120625,68.0,269.0,339.0,182.0,56.0,30.0,99.33333333333329,C:\Users\Dk\Desktop\SCI\DRL_PF\checkpoint_store\full_method_main\A_full_method.pt
official_final_seed_block,A,A,full_method_main,6,20261328,0.04,1,0.956,160.60098153893443,195,0.07653061224489796,0.0,coverage_reached,7,188,0.035897435897435895,6.005128383636475,487.9333190917969,9.225641250610352,89.07722473144531,0.036850981414318085,0.5370525121688843,6.005128383636475,6.005128383636475,0.0,0.0,9.225641250610352,9.225641250610352,0.0,0.0,0.0,4.051281929016113,1.6766035556793213,147.50098153893424,-3.900000000000003,-1.4000000000000001,-1.6000000000000003,0.0,20.0,1423.0,359.0,45.295496803953434,11.427324913998094,2.2854649827996187,47.58096178675303,140.41604009225554,7.084941446678822,0.048033181696548105,14.0,0.0,36.0,59.0,13.0,12.0,31.99999999999999,C:\Users\Dk\Desktop\SCI\DRL_PF\checkpoint_store\full_method_main\A_full_method.pt
official_final_seed_block,A,A,full_method_main,7,20261329,0.04,1,0.9509,158.62507716108544,239,0.07083333333333333,0.0,coverage_reached,9,230,0.03765690376569038,5.234309673309326,445.12969970703125,11.523012161254883,101.09402465820312,0.026708032935857773,0.2854406237602234,5.234309673309326,5.234309673309326,0.0,0.0,11.523012161254883,11.510459899902344,0.012552301399409771,0.012552301399409771,0.012552301399409771,4.334728240966797,2.4965779781341553,145.70507716108543,-4.779999999999986,-0.9999999999999999,-1.300000000000001,0.0,20.0,1412.0,323.0,44.94535592915125,10.281409323736439,2.0562818647472874,47.001637793898546,139.33060338036893,6.3744737807165945,0.04374915346065285,10.0,53.0,88.0,57.0,7.0,7.0,25.99999999999999,C:\Users\Dk\Desktop\SCI\DRL_PF\checkpoint_store\full_method_main\A_full_method.pt
official_final_seed_block,A,A,full_method_main,8,20261330,0.04,0,0.9181,119.25609155561129,600,0.32945091514143093,1.0,max_episode_steps,26,574,0.043333333333333335,5.051666736602783,399.010009765625,9.979999542236328,85.60993194580078,0.014160999096930027,0.18744023144245148,5.051666736602783,5.051666736602783,0.0,0.0,9.979999542236328,9.979999542236328,0.0,0.0,0.0,4.110000133514404,2.0418412685394287,149.35609155561352,-11.999999999999833,-4.899999999999999,-5.1999999999999895,-8.0,0.0,1449.0,323.0,46.12310250803128,10.281409323736442,2.0562818647472882,48.1793843727786,142.98161777489693,6.3744737807165945,0.04267970401691334,49.0,387.0,443.0,194.0,74.0,22.0,103.99999999999996,C:\Users\Dk\Desktop\SCI\DRL_PF\checkpoint_store\full_method_main\A_full_method.pt
official_final_seed_block,A,A,full_method_main,9,20261331,0.04,1,0.9503,163.08361672815454,276,0.11191335740072202,0.0,coverage_reached,11,265,0.03985507246376811,4.119565010070801,592.9891357421875,10.282608985900879,156.73458862304688,0.028714383020997047,0.44969385862350464,4.119565010070801,4.119565010070801,0.0,0.0,10.282608985900879,9.985507011413574,0.2971014380455017,0.14492753148078918,0.14492753148078918,5.938405990600586,2.7679696083068848,152.77028339482098,-5.51999999999997,-2.1000000000000005,-2.0666666666666655,0.0,20.0,1481.0,336.0,47.141694143819436,10.69521217577537,2.139042435155074,49.28073657897446,146.1392518458401,6.631031548980731,0.04340524480041342,21.0,69.0,122.0,76.0,10.0,19.0,41.33333333333335,C:\Users\Dk\Desktop\SCI\DRL_PF\checkpoint_store\full_method_main\A_full_method.pt
official_final_seed_block,A,A,full_method_main,10,20261332,0.04,0,0.9391,121.25718053963818,600,0.24792013311148087,1.0,max_episode_steps,21,579,0.035,3.3533332347869873,457.1499938964844,7.84499979019165,141.2148895263672,0.012777778320014477,0.20621666312217712,3.3533332347869873,3.3533332347869873,0.0,0.0,7.84499979019165,7.84499979019165,0.0,0.0,0.0,4.301666736602783,2.5790278911590576,146.79051387297204,-11.999999999999833,-2.0000000000000004,-3.5333333333333288,-8.0,0.0,1422.0,328.0,45.26366581533503,10.440564266828343,2.088112853365667,47.35177866870071,140.3173640275386,6.473149845433575,0.044097875773057335,20.0,356.0,423.0,153.0,41.0,9.0,70.66666666666664,C:\Users\Dk\Desktop\SCI\DRL_PF\checkpoint_store\full_method_main\A_full_method.pt
official_final_seed_block,A,A,full_method_main,11,20261333,0.04,1,0.9511,160.1065786125828,534,0.2803738317757009,0.0,coverage_reached,15,519,0.028089887640449437,6.237827777862549,357.6029968261719,10.71535587310791,67.70745849609375,0.016785990446805954,0.2666622996330261,6.237827777862549,6.237827777862549,0.0,0.0,10.71535587310791,10.691011428833008,0.024344569072127342,0.016853932291269302,0.016853932291269302,3.7003746032714844,1.9610366821289062,157.2699119459147,-10.679999999999861,-2.9000000000000012,-3.5833333333333295,0.0,20.0,1524.0,349.0,48.51042665440968,11.109015027814301,2.221803005562859,50.73222965997255,150.3823226286699,6.8875893172448714,0.04379470447985956,29.0,270.0,363.0,137.0,42.0,18.0,71.6666666666666,C:\Users\Dk\Desktop\SCI\DRL_PF\checkpoint_store\full_method_main\A_full_method.pt
official_final_seed_block,A,A,full_method_main,12,20261334,0.04,1,0.9502,165.6016692382544,231,0.0603448275862069,0.0,coverage_reached,7,224,0.030303030303030304,5.662337779998779,435.2164611816406,11.255411148071289,89.58822631835938,0.030617155134677887,0.36596959829330444,5.662337779998779,5.662337779998779,0.0,0.0,11.255411148071289,11.086580276489258,0.16883116960525513,0.08225107938051224,0.08225107938051224,4.632034778594971,2.1550590991973877,151.92166923825482,-4.6199999999999894,-0.7999999999999999,-0.9000000000000006,0.0,20.0,1478.0,308.0,47.04620117796427,9.803944494460753,1.96078889889215,49.006990076856454,145.84322365168921,6.078445586565671,0.040010392309690855,8.0,57.0,91.0,38.0,6.0,5.0,17.999999999999996,C:\Users\Dk\Desktop\SCI\DRL_PF\checkpoint_store\full_method_main\A_full_method.pt
official_final_seed_block,A,A,full_method_main,13,20261335,0.04,1,0.9525,164.6549854171355,176,0.011299435028248588,0.0,coverage_reached,6,170,0.03409090909090909,4.238636493682861,476.7670593261719,9.664772987365723,146.31735229492188,0.03504432365298271,0.6297876238822937,4.238636493682861,4.238636493682861,0.0,0.0,9.664772987365723,9.664772987365723,0.0,0.0,0.0,4.3977274894714355,2.7913169860839844,148.9416520838022,-3.5200000000000027,-0.2,-0.5666666666666668,0.0,20.0,1444.0,327.0,45.963947564939396,10.40873327820996,2.081746655641992,48.045694220581396,142.4882374513121,6.453414632490178,0.043328474890685066,2.0,0.0,30.0,26.0,4.0,2.0,11.333333333333336,C:\Users\Dk\Desktop\SCI\DRL_PF\checkpoint_store\full_method_main\A_full_method.pt
official_final_seed_block,A,A,full_method_main,14,20261336,0.04,1,0.9535,158.41856861962657,359,0.18888888888888888,0.0,coverage_reached,10,349,0.027855153203342618,5.412256240844727,554.9303588867188,10.933147430419922,106.70335388183594,0.02403375320136547,0.3114013671875,5.412256240844727,5.412256240844727,0.0,0.0,10.933147430419922,10.92479133605957,0.008356546051800251,0.008356546051800251,0.008356546051800251,4.777158737182617,2.1332778930664062,150.16523528629259,-7.179999999999935,-2.500000000000001,-2.0666666666666664,0.0,20.0,1458.0,319.0,46.409581405596654,10.154085369262928,2.0308170738525857,48.44039847944929,143.8697023573497,6.295532928943021,0.041924037324221376,25.0,128.0,189.0,88.0,14.0,11.0,41.333333333333336,C:\Users\Dk\Desktop\SCI\DRL_PF\checkpoint_store\full_method_main\A_full_method.pt
official_final_seed_block,A,A,full_method_main,15,20261337,0.04,1,0.9502,153.93700749653252,341,0.1286549707602339,0.0,coverage_reached,20,321,0.05865102639296188,5.475073337554932,355.42523193359375,11.290322303771973,68.94612121582031,0.02457757480442524,0.2971195578575134,5.475073337554932,5.475073337554932,0.0,0.0,11.290322303771973,11.290322303771973,0.0,0.0,0.0,3.401759624481201,2.119258403778076,143.57367416319872,-6.8199999999999426,-0.8999999999999999,-1.9166666666666659,0.0,20.0,1384.0,355.0,44.05408824783665,11.300000959524573,2.260000191904915,46.31408843974154,136.56767356829357,7.006000594905236,0.04879725085910655,9.0,130.0,181.0,83.0,18.0,7.0,38.33333333333334,C:\Users\Dk\Desktop\SCI\DRL_PF\checkpoint_store\full_method_main\A_full_method.pt
official_final_seed_block,A,A,full_method_main,16,20261338,0.04,1,0.955,162.13543816519757,273,0.09854014598540146,0.0,coverage_reached,16,257,0.05860805860805861,7.516483306884766,420.5641174316406,14.296703338623047,73.27845764160156,0.029744252562522888,0.35509517788887024,7.516483306884766,7.516483306884766,0.0,0.0,14.296703338623047,14.256410598754883,0.04029304161667824,0.021978022530674934,0.021978022530674934,4.523809432983398,2.2155251502990723,150.89543816519836,-5.4599999999999715,-1.8000000000000005,-1.5000000000000002,0.0,20.0,1457.0,361.0,46.377750416978316,11.490986891234856,2.29819737824697,48.67594779522528,143.77102629263277,7.12441187256561,0.0472142296625687,18.0,46.0,112.0,52.0,10.0,14.0,29.99999999999999,C:\Users\Dk\Desktop\SCI\DRL_PF\checkpoint_store\full_method_main\A_full_method.pt
official_final_seed_block,A,A,full_method_main,17,20261339,0.04,1,0.9505,173.1744923884809,177,0.10674157303370786,0.0,coverage_reached,7,170,0.03954802259887006,4.5536723136901855,493.7796630859375,10.824858665466309,156.97366333007812,0.041725918650627136,0.7659794092178345,4.5536723136901855,4.5536723136901855,0.0,0.0,10.824858665466309,10.819209098815918,0.005649717524647713,0.005649717524647713,0.005649717524647713,5.762712001800537,3.1888418197631836,159.1644923884809,-3.5400000000000027,-1.4000000000000001,-1.0500000000000007,0.0,20.0,1553.0,300.0,49.43352532434272,9.549296585513728,1.909859317102745,51.34338464144538,153.24392850546243,5.920563883018513,0.037197768133911985,14.0,11.0,27.0,40.0,7.0,8.0,20.999999999999996,C:\Users\Dk\Desktop\SCI\DRL_PF\checkpoint_store\full_method_main\A_full_method.pt
official_final_seed_block,A,A,full_method_main,18,20261340,0.04,1,0.9504,161.33984780120883,452,0.17880794701986755,0.0,coverage_reached,10,442,0.022123893805309734,7.143805503845215,396.93804931640625,13.024335861206055,63.16145324707031,0.01787971891462803,0.24063773453235626,7.143805503845215,7.143805503845215,0.0,0.0,13.024335861206055,13.024335861206055,0.0,0.0,0.0,3.11061954498291,1.9038156270980835,153.7965144678774,-9.039999999999896,-1.4000000000000001,-2.016666666666667,0.0,20.0,1488.0,353.0,47.36451106414804,11.236338982287815,2.247267796457564,49.61177886060567,146.82998429885896,6.966530169018447,0.045297061465417704,14.0,208.0,283.0,90.0,21.0,5.0,40.333333333333364,C:\Users\Dk\Desktop\SCI\DRL_PF\checkpoint_store\full_method_main\A_full_method.pt
official_final_seed_block,A,A,full_method_main,19,20261341,0.04,1,0.95,153.74206828640652,241,0.07024793388429752,0.0,coverage_reached,13,228,0.05394190871369295,6.514523029327393,510.4273986816406,13.029046058654785,91.07305145263672,0.033750154078006744,0.3828223943710327,6.514523029327393,6.514523029327393,0.0,0.0,13.029046058654785,12.84647274017334,0.1825726181268692,0.0912863090634346,0.0912863090634346,5.634854793548584,2.316605567932129,140.71206828640643,-4.819999999999985,-0.7999999999999999,-1.3500000000000005,0.0,20.0,1363.0,315.0,43.38563748685069,10.026761414789414,2.00535228295788,45.3909897698086,134.4954762092371,6.2165920771694365,0.044179523141655005,8.0,30.0,87.0,58.0,11.0,6.0,26.999999999999993,C:\Users\Dk\Desktop\SCI\DRL_PF\checkpoint_store\full_method_main\A_full_method.pt
official_final_seed_block,A,A,full_method_main,20,20261342,0.04,1,0.9511,172.66150066825412,192,0.06735751295336788,0.0,coverage_reached,6,186,0.03125,6.661458492279053,439.0572814941406,14.890625,107.36650848388672,0.034580498933792114,0.44514891505241394,6.661458492279053,6.661458492279053,0.0,0.0,14.890625,14.822916984558105,0.0677083358168602,0.0416666679084301,0.0416666679084301,6.536458492279053,2.8219125270843506,157.15150066825447,-3.840000000000003,0.0,-0.6500000000000001,0.0,20.0,1538.0,273.0,48.95606049506701,8.68985989281749,1.7379719785634968,50.69403247363053,151.76378753470772,5.3877131335468444,0.03428356147180713,0.0,32.0,60.0,35.0,4.0,0.0,13.000000000000002,C:\Users\Dk\Desktop\SCI\DRL_PF\checkpoint_store\full_method_main\A_full_method.pt
official_final_seed_block,A,A,full_method_main,21,20261343,0.04,1,0.953,158.2156537254506,283,0.0880281690140845,0.0,coverage_reached,8,275,0.028268551236749116,5.014134407043457,446.141357421875,8.455830574035645,89.04205322265625,0.021505894139409065,0.4252307415008545,5.014134407043457,5.014134407043457,0.0,0.0,8.455830574035645,8.455830574035645,0.0,0.0,0.0,3.6007068157196045,1.7354704141616821,146.15898705878342,-5.659999999999967,-0.7999999999999999,-1.483333333333334,0.0,20.0,1410.0,356.0,44.881693951914514,11.33183194814296,2.2663663896285895,47.14806034154309,139.13325125093496,7.025735807848635,0.04806913313529573,8.0,72.0,117.0,66.0,15.0,4.0,29.666666666666657,C:\Users\Dk\Desktop\SCI\DRL_PF\checkpoint_store\full_method_main\A_full_method.pt
official_final_seed_block,A,A,full_method_main,22,20261344,0.04,0,0.9413,115.28523081318706,600,0.19966722129783693,1.0,max_episode_steps,27,573,0.045,4.686666488647461,472.2149963378906,9.248332977294922,109.35095977783203,0.01418745331466198,0.17122559249401093,4.686666488647461,4.686666488647461,0.0,0.0,9.248332977294922,9.248332977294922,0.0,0.0,0.0,3.244999885559082,2.175377130508423,141.71856414651955,-11.999999999999833,-3.0000000000000013,-3.4333333333333282,-8.0,0.0,1363.0,366.0,43.385637486850705,11.650141834326746,2.33002836686535,45.71566585371602,134.49547620923715,7.223087937282586,0.05096783177830388,30.0,343.0,422.0,138.0,40.0,14.0,68.66666666666671,C:\Users\Dk\Desktop\SCI\DRL_PF\checkpoint_store\full_method_main\A_full_method.pt
official_final_seed_block,A,A,full_method_main,23,20261345,0.04,1,0.9506,160.83638841502045,401,0.12686567164179105,0.0,coverage_reached,12,389,0.029925187032418952,5.551122188568115,418.5760498046875,7.598503589630127,79.90290832519531,0.01768820732831955,0.18656112253665924,5.551122188568115,5.551122188568115,0.0,0.0,7.598503589630127,7.598503589630127,0.0,0.0,0.0,2.3241894245147705,1.4359666109085083,151.07305508168892,-8.019999999999918,-0.5,-1.7166666666666675,0.0,20.0,1469.0,310.0,46.7597222803989,9.867606471697517,1.973521294339502,48.733243574738374,144.95513906923657,6.117916012452462,0.040496407576747225,5.0,186.0,244.0,76.0,19.0,4.0,34.333333333333336,C:\Users\Dk\Desktop\SCI\DRL_PF\checkpoint_store\full_method_main\A_full_method.pt
official_final_seed_block,A,A,full_method_main,24,20261346,0.04,1,0.9511,160.22894230508373,343,0.13662790697674418,0.0,coverage_reached,13,330,0.037900874635568516,6.483964920043945,410.98541259765625,11.39941692352295,68.01431274414062,0.022576570510864258,0.3161862790584564,6.483964920043945,6.483964920043945,0.0,0.0,11.39941692352295,11.204081535339355,0.1953352838754654,0.09620991349220276,0.09620991349220276,4.131195545196533,1.8869545459747314,149.8889423050852,-6.859999999999942,-1.2,-1.6000000000000008,0.0,20.0,1450.0,345.0,46.1549334966497,10.98169107334079,2.196338214668157,48.35127171131786,143.08029383961397,6.8086484654712915,0.04542462146148786,12.0,117.0,189.0,67.0,15.0,7.0,31.999999999999996,C:\Users\Dk\Desktop\SCI\DRL_PF\checkpoint_store\full_method_main\A_full_method.pt
official_final_seed_block,A,A,full_method_main,25,20261347,0.04,0,0.9463,121.5677593405543,600,0.31114808652246256,1.0,max_episode_steps,28,572,0.04666666666666667,4.585000038146973,309.64666748046875,8.826666831970215,77.67802429199219,0.01219954527914524,0.2244197130203247,4.585000038146973,4.585000038146973,0.0,0.0,8.826666831970215,8.800000190734863,0.02666666731238365,0.021666666492819786,0.021666666492819786,3.0983333587646484,2.1126046180725098,151.4677593405568,-11.999999999999833,-4.999999999999998,-4.8999999999999915,-8.0,0.0,1461.0,370.0,46.50507437145181,11.777465788800267,2.3554931577600544,48.86056752921189,144.16573055150064,7.302028789056165,0.04820846905537464,50.0,372.0,429.0,176.0,58.0,30.0,97.99999999999994,C:\Users\Dk\Desktop\SCI\DRL_PF\checkpoint_store\full_method_main\A_full_method.pt
official_final_seed_block,A,A,full_method_main,26,20261348,0.04,1,0.95,161.81143428699662,268,0.07806691449814127,0.0,coverage_reached,13,255,0.048507462686567165,6.130597114562988,470.7611999511719,12.388059616088867,86.72962188720703,0.025425592437386513,0.3568321764469147,6.130597114562988,6.130597114562988,0.0,0.0,12.388059616088867,12.358208656311035,0.02985074557363987,0.02985074557363987,0.02985074557363987,5.026119232177734,2.0907397270202637,149.45476762033044,-5.359999999999974,-0.7999999999999999,-1.4833333333333343,0.0,20.0,1444.0,353.0,45.96394756493938,11.236338982287814,2.247267796457566,48.21121536139696,142.48823745131213,6.966530169018448,0.0466129671200317,8.0,49.0,106.0,62.0,15.0,6.0,29.666666666666664,C:\Users\Dk\Desktop\SCI\DRL_PF\checkpoint_store\full_method_main\A_full_method.pt
official_final_seed_block,A,A,full_method_main,27,20261349,0.04,1,0.956,160.26905344004172,396,0.18639798488664988,0.0,coverage_reached,24,372,0.06060606060606061,5.027777671813965,475.6792907714844,9.974747657775879,105.47484588623047,0.02276163175702095,0.29572075605392456,5.027777671813965,5.027777671813965,0.0,0.0,9.974747657775879,9.974747657775879,0.0,0.0,0.0,4.0126261711120605,2.091372013092041,153.85572010670745,-7.919999999999919,-2.800000000000001,-2.8666666666666645,0.0,20.0,1496.0,316.0,47.61915897309505,10.058592403407792,2.0117184806815573,49.63087745377662,147.61939281659474,6.2363272901128335,0.04053360697793745,28.0,168.0,232.0,110.0,42.0,10.0,57.333333333333385,C:\Users\Dk\Desktop\SCI\DRL_PF\checkpoint_store\full_method_main\A_full_method.pt
official_final_seed_block,A,A,full_method_main,28,20261350,0.04,1,0.9538,168.31054818187744,157,0.0189873417721519,0.0,coverage_reached,8,149,0.050955414012738856,4.834394931793213,513.8726196289062,10.057324409484863,158.96815490722656,0.04065745323896408,0.7088119387626648,4.834394931793213,4.834394931793213,0.0,0.0,10.057324409484863,10.044586181640625,0.012738853693008423,0.012738853693008423,0.012738853693008423,4.745223045349121,2.690223455429077,152.75054818187758,-3.1400000000000023,-0.30000000000000004,-1.0000000000000007,0.0,20.0,1478.0,350.0,47.04620117796425,11.140846016432675,2.2281692032865354,49.27437038125078,145.84322365168921,6.907324530188262,0.04521963824289408,3.0,0.0,10.0,47.0,9.0,2.0,20.000000000000007,C:\Users\Dk\Desktop\SCI\DRL_PF\checkpoint_store\full_method_main\A_full_method.pt
official_final_seed_block,A,A,full_method_main,29,20261351,0.04,1,0.9526,153.4023099473233,594,0.292436974789916,0.0,coverage_reached,16,578,0.026936026936026935,6.9494948387146,498.6632995605469,14.00336742401123,92.62128448486328,0.014464371837675571,0.2756596505641937,6.9494948387146,6.9494948387146,0.0,0.0,14.00336742401123,14.00336742401123,0.0,0.0,0.0,4.764309883117676,2.305432081222534,155.84897661399054,-11.879999999999836,-5.699999999999996,-4.866666666666657,0.0,20.0,1516.0,317.0,48.25577874546269,10.090423392026173,2.018084678405233,50.27386342386797,149.59291411093426,6.256062503056229,0.04014182600987721,57.0,351.0,426.0,178.0,54.0,30.0,97.3333333333333,C:\Users\Dk\Desktop\SCI\DRL_PF\checkpoint_store\full_method_main\A_full_method.pt
official_final_seed_block,A,A,full_method_main,30,20261352,0.04,0,0.9139,115.60880133432906,600,0.3793677204658902,1.0,max_episode_steps,19,581,0.03166666666666667,7.2783331871032715,393.614990234375,14.234999656677246,61.06380844116211,0.013253968209028244,0.20203009247779846,7.2783331871032715,7.2783331871032715,0.0,0.0,14.234999656677246,14.234999656677246,0.0,0.0,0.0,5.00166654586792,2.056044340133667,148.4088013343305,-11.999999999999833,-6.999999999999991,-5.799999999999987,-8.0,0.0,1435.0,345.0,45.67746866737401,10.981691073340794,2.196338214668157,47.87380688204215,141.60015286885928,6.808648465471295,0.04587765957446817,70.0,368.0,435.0,213.0,65.0,35.0,116.00000000000003,C:\Users\Dk\Desktop\SCI\DRL_PF\checkpoint_store\full_method_main\A_full_method.pt
official_final_seed_block,A,A,full_method_main,31,20261353,0.04,1,0.9501,180.73033709473188,196,0.030456852791878174,0.0,coverage_reached,6,190,0.030612244897959183,6.2040815353393555,368.63775634765625,13.26530647277832,73.29307556152344,0.03746124356985092,0.4212937653064728,6.2040815353393555,6.2040815353393555,0.0,0.0,13.26530647277832,13.137755393981934,0.12755101919174194,0.1071428582072258,0.1071428582072258,5.872448921203613,2.3748531341552734,165.93367042806528,-3.920000000000003,-0.4,-0.8833333333333341,0.0,20.0,1607.0,373.0,51.152398709735174,11.872958754655397,2.374591750931079,53.52699046066624,158.57243600017912,7.3612344278863455,0.0443625118934348,4.0,11.0,42.0,41.0,8.0,2.0,17.666666666666664,C:\Users\Dk\Desktop\SCI\DRL_PF\checkpoint_store\full_method_main\A_full_method.pt
official_final_seed_block,A,A,full_method_main,32,20261354,0.04,1,0.9509,163.41107999254388,322,0.15789473684210525,0.0,coverage_reached,8,314,0.024844720496894408,4.062111854553223,547.7266845703125,9.701863288879395,150.73654174804688,0.023992622271180153,0.4466107189655304,4.062111854553223,4.062111854553223,0.0,0.0,9.701863288879395,9.692546844482422,0.009316770359873772,0.009316770359873772,0.009316770359873772,4.931676864624023,2.634368419647217,156.9344133258772,-6.439999999999951,-4.100000000000001,-2.9833333333333303,0.0,20.0,1517.0,367.0,48.287609734081066,11.681972822945129,2.3363945645890265,50.6240042986701,149.6915901756513,7.2428231502259806,0.04615191146881291,41.0,88.0,151.0,96.0,13.0,35.0,59.66666666666672,C:\Users\Dk\Desktop\SCI\DRL_PF\checkpoint_store\full_method_main\A_full_method.pt
official_final_seed_block,A,A,full_method_main,33,20261355,0.04,1,0.9539,166.99053326397754,216,0.06912442396313365,0.0,coverage_reached,10,206,0.046296296296296294,7.101851940155029,439.2731628417969,12.69444465637207,68.83778381347656,0.0366906002163887,0.32323774695396423,7.101851940155029,7.101851940155029,0.0,0.0,12.69444465637207,12.69444465637207,0.0,0.0,0.0,3.907407522201538,1.9076918363571167,153.9938665973114,-4.319999999999996,-1.2,-1.4833333333333338,0.0,20.0,1495.0,328.0,47.587327984476694,10.440564266828328,2.0881128533656677,49.675440837842416,147.52071675187779,6.473149845433568,0.04203511469947457,12.0,23.0,71.0,52.0,17.0,10.0,29.666666666666657,C:\Users\Dk\Desktop\SCI\DRL_PF\checkpoint_store\full_method_main\A_full_method.pt
official_final_seed_block,A,A,full_method_main,34,20261356,0.04,1,0.9527,163.686903071235,307,0.1038961038961039,0.0,coverage_reached,12,295,0.03908794788273615,5.416938304901123,457.55047607421875,12.0358304977417,90.62613677978516,0.027188723906874657,0.3479486405849457,5.416938304901123,5.416938304901123,0.0,0.0,12.0358304977417,12.019543647766113,0.016286645084619522,0.016286645084619522,0.016286645084619522,4.560260772705078,2.268540859222412,152.27690307123595,-6.139999999999957,-0.8999999999999999,-1.5499999999999996,0.0,20.0,1480.0,316.0,47.10986315520106,10.058592403407792,2.0117184806815565,49.12158163588258,146.0405757811232,6.236327290112831,0.040953862104717485,9.0,102.0,145.0,68.0,13.0,6.0,30.999999999999975,C:\Users\Dk\Desktop\SCI\DRL_PF\checkpoint_store\full_method_main\A_full_method.pt
official_final_seed_block,A,A,full_method_main,35,20261357,0.04,1,0.9579,166.2838494428588,164,0.04242424242424243,0.0,coverage_reached,4,160,0.024390243902439025,3.3109755516052246,385.19512939453125,8.560976028442383,133.08465576171875,0.036530058830976486,0.6857069730758667,3.3109755516052246,3.3109755516052246,0.0,0.0,8.560976028442383,8.536585807800293,0.024390242993831635,0.018292682245373726,0.018292682245373726,5.871951103210449,2.970325231552124,151.01384944285863,-3.2800000000000025,-0.6,-0.8500000000000008,0.0,20.0,1464.0,332.0,46.60056733730694,10.56788822130185,2.11357764426037,48.7141449815673,144.46175874565157,6.552090697207152,0.04338734971249349,6.0,5.0,22.0,41.0,6.0,2.0,17.0,C:\Users\Dk\Desktop\SCI\DRL_PF\checkpoint_store\full_method_main\A_full_method.pt
official_final_seed_block,A,A,full_method_main,36,20261358,0.04,1,0.9501,168.25544040175103,229,0.06086956521739131,0.0,coverage_reached,10,219,0.043668122270742356,4.956331729888916,431.61572265625,10.92139720916748,113.07404327392578,0.029933953657746315,0.3806256949901581,4.956331729888916,4.956331729888916,0.0,0.0,10.92139720916748,10.85152816772461,0.06986899673938751,0.043668121099472046,0.043668121099472046,5.065502166748047,2.7689507007598877,155.11877373508491,-4.57999999999999,-0.9999999999999999,-1.283333333333334,0.0,20.0,1507.0,325.0,47.969299847897275,10.345071300973204,2.06901426019464,50.03831410809189,148.70482952848155,6.413944206603387,0.04134860050890586,10.0,35.0,75.0,55.0,8.0,7.0,25.666666666666654,C:\Users\Dk\Desktop\SCI\DRL_PF\checkpoint_store\full_method_main\A_full_method.pt
official_final_seed_block,A,A,full_method_main,37,20261359,0.04,1,0.9513,152.9595785410476,383,0.140625,0.0,coverage_reached,11,372,0.028720626631853787,4.530025959014893,450.0992126464844,7.464751720428467,105.32262420654297,0.018016258254647255,0.2531241476535797,4.530025959014893,4.530025959014893,0.0,0.0,7.464751720428467,7.464751720428467,0.0,0.0,0.0,2.49869441986084,1.7091072797775269,145.36957854104762,-7.659999999999925,-2.500000000000001,-2.249999999999999,0.0,20.0,1416.0,286.0,45.07267988362478,9.103662744856418,1.8207325489712827,46.893412432596065,139.72530763923683,5.644270901810979,0.03882704317132772,25.0,202.0,247.0,90.0,13.0,16.0,45.0,C:\Users\Dk\Desktop\SCI\DRL_PF\checkpoint_store\full_method_main\A_full_method.pt
official_final_seed_block,A,A,full_method_main,38,20261360,0.04,1,0.954,167.09685608098454,186,0.0427807486631016,0.0,coverage_reached,11,175,0.05913978494623656,4.623655796051025,521.2096557617188,8.844085693359375,124.94557189941406,0.03441591560840607,0.5738852620124817,4.623655796051025,4.623655796051025,0.0,0.0,8.844085693359375,8.844085693359375,0.0,0.0,0.0,3.5322580337524414,2.0257489681243896,151.78352274765115,-3.720000000000003,-0.30000000000000004,-0.6666666666666669,0.0,20.0,1474.0,321.0,46.918877223490746,10.217747346499685,2.0435494692999367,48.962426692790636,145.44851939282117,6.3350033548298095,0.04173709530620214,3.0,12.0,32.0,33.0,5.0,1.0,13.333333333333334,C:\Users\Dk\Desktop\SCI\DRL_PF\checkpoint_store\full_method_main\A_full_method.pt
official_final_seed_block,A,A,full_method_main,39,20261361,0.04,1,0.9504,165.06620492712125,429,0.1744186046511628,0.0,coverage_reached,17,412,0.039627039627039624,5.254079341888428,425.40093994140625,9.0,94.81107330322266,0.020746449008584023,0.2699376940727234,5.254079341888428,5.254079341888428,0.0,0.0,9.0,8.983682632446289,0.016317015513777733,0.0139860138297081,0.0139860138297081,3.6433565616607666,1.827865481376648,157.54620492712243,-8.579999999999906,-1.5000000000000002,-2.3999999999999986,0.0,20.0,1520.0,383.0,48.38310269993617,12.191268640839198,2.4382537281678394,50.82135642810405,149.9876183698022,7.558586557320303,0.047976951020919506,15.0,167.0,251.0,99.0,21.0,12.0,47.99999999999999,C:\Users\Dk\Desktop\SCI\DRL_PF\checkpoint_store\full_method_main\A_full_method.pt
official_final_seed_block,A,A,full_method_main,40,20261362,0.04,1,0.9509,146.28136343263358,259,0.09615384615384616,0.0,coverage_reached,14,245,0.05405405405405406,5.783783912658691,396.4285583496094,8.787644386291504,69.44998931884766,0.021765204146504402,0.27593350410461426,5.783783912658691,5.783783912658691,0.0,0.0,8.787644386291504,8.787644386291504,0.0,0.0,0.0,2.7567567825317383,1.624714970588684,133.31136343263339,-5.1799999999999775,-0.7,-1.1500000000000004,0.0,20.0,1306.0,225.0,41.571271135603055,7.16197243913529,1.4323944878270585,43.00366562343013,128.87094052036957,4.440422912263882,0.033308660251665435,7.0,109.0,147.0,49.0,14.0,3.0,23.0,C:\Users\Dk\Desktop\SCI\DRL_PF\checkpoint_store\full_method_main\A_full_method.pt
official_final_seed_block,A,A,full_method_main,41,20261363,0.04,1,0.9509,156.41391135101009,345,0.2138728323699422,0.0,coverage_reached,19,326,0.05507246376811594,5.307246208190918,563.8521728515625,8.895651817321777,114.1021499633789,0.021111439913511276,0.37052658200263977,5.307246208190918,5.307246208190918,0.0,0.0,8.895651817321777,8.895651817321777,0.0,0.0,0.0,3.1826086044311523,1.7484573125839233,150.26391135100974,-6.899999999999941,-4.100000000000001,-2.849999999999998,0.0,20.0,1457.0,329.0,46.37775041697828,10.472395255446722,2.094479051089343,48.472229468067624,143.77102629263265,6.492885058376968,0.04320987654320994,41.0,126.0,173.0,102.0,31.0,19.0,57.00000000000001,C:\Users\Dk\Desktop\SCI\DRL_PF\checkpoint_store\full_method_main\A_full_method.pt
official_final_seed_block,A,A,full_method_main,42,20261364,0.04,1,0.9523,162.44771458685716,405,0.1896551724137931,0.0,coverage_reached,10,395,0.024691358024691357,6.26913595199585,297.3283996582031,12.26419734954834,68.9925537109375,0.0199490487575531,0.3330517113208771,6.26913595199585,6.26913595199585,0.0,0.0,12.26419734954834,12.234567642211914,0.029629629105329514,0.01975308731198311,0.01975308731198311,5.02716064453125,2.3892524242401123,155.19771458685835,-8.099999999999916,-2.400000000000001,-2.2499999999999996,0.0,20.0,1496.0,384.0,47.61915897309508,12.223099629457568,2.444619925891513,50.06377889898657,147.6193928165947,7.578321770263695,0.04883011190233984,24.0,175.0,233.0,95.0,24.0,8.0,44.999999999999986,C:\Users\Dk\Desktop\SCI\DRL_PF\checkpoint_store\full_method_main\A_full_method.pt
official_final_seed_block,A,A,full_method_main,43,20261365,0.04,1,0.9594,154.04572010670816,533,0.24531835205992508,0.0,coverage_reached,17,516,0.03189493433395872,5.04878044128418,470.07318115234375,8.242026329040527,96.97608184814453,0.015426307916641235,0.20499573647975922,5.04878044128418,5.04878044128418,0.0,0.0,8.242026329040527,8.242026329040527,0.0,0.0,0.0,3.1744840145111084,1.6981462240219116,153.85572010670757,-10.659999999999862,-4.999999999999998,-4.149999999999993,0.0,20.0,1491.0,341.0,47.46000403000319,10.85436711886727,2.1708734237734544,49.63087745377669,147.1260124930099,6.729707613697709,0.04374037968188818,50.0,300.0,371.0,156.0,55.0,19.0,82.99999999999991,C:\Users\Dk\Desktop\SCI\DRL_PF\checkpoint_store\full_method_main\A_full_method.pt
official_final_seed_block,A,A,full_method_main,44,20261366,0.04,1,0.9505,169.21550230990266,171,0.040697674418604654,0.0,coverage_reached,10,161,0.05847953216374269,7.298245429992676,476.6842041015625,14.847952842712402,86.8061752319336,0.04304411634802818,0.48207876086235046,7.298245429992676,7.298245429992676,0.0,0.0,14.847952842712402,14.760233879089355,0.08771929889917374,0.05847953259944916,0.05847953259944916,4.409356594085693,2.2868411540985107,154.36883564323574,-3.4200000000000026,-0.7,-1.033333333333334,0.0,20.0,1495.0,347.0,47.58732798447669,11.045353050577544,2.2090706101155084,49.79639859459225,147.52071675187784,6.848118891358079,0.044362055740219924,7.0,0.0,17.0,44.0,8.0,5.0,20.666666666666668,C:\Users\Dk\Desktop\SCI\DRL_PF\checkpoint_store\full_method_main\A_full_method.pt
official_final_seed_block,A,A,full_method_main,45,20261367,0.04,1,0.9517,164.59073390633017,233,0.029914529914529916,0.0,coverage_reached,8,225,0.034334763948497854,5.29613733291626,496.1630859375,15.35193157196045,141.3549041748047,0.031230229884386063,0.446281760931015,5.29613733291626,5.29613733291626,0.0,0.0,15.35193157196045,15.120171546936035,0.23175965249538422,0.06437768042087555,0.06437768042087555,7.175965785980225,3.5094592571258545,150.50073390633037,-4.659999999999989,-0.30000000000000004,-0.9500000000000007,0.0,20.0,1452.0,366.0,46.21859547388641,11.650141834326751,2.33002836686535,48.54862384075177,143.27764596904794,7.223087937282589,0.047993705743509085,3.0,18.0,64.0,46.0,7.0,2.0,18.999999999999996,C:\Users\Dk\Desktop\SCI\DRL_PF\checkpoint_store\full_method_main\A_full_method.pt
official_final_seed_block,A,A,full_method_main,46,20261368,0.04,1,0.9602,158.2412142536381,301,0.08278145695364239,0.0,coverage_reached,3,298,0.009966777408637873,6.405315399169922,389.923583984375,12.299003601074219,65.52908325195312,0.023383881896734238,0.2958800494670868,6.405315399169922,6.405315399169922,0.0,0.0,12.299003601074219,12.2923583984375,0.006644518114626408,0.006644518114626408,0.006644518114626408,4.44850492477417,1.9871388673782349,145.7445475869722,-6.01999999999996,-0.4,-1.0833333333333341,0.0,20.0,1408.0,345.0,44.818031974677695,10.981691073340789,2.196338214668156,47.014370189345925,138.935899121501,6.808648465471292,0.046716316858497,4.0,61.0,128.0,55.0,6.0,2.0,21.666666666666664,C:\Users\Dk\Desktop\SCI\DRL_PF\checkpoint_store\full_method_main\A_full_method.pt
official_final_seed_block,A,A,full_method_main,47,20261369,0.04,1,0.951,163.4314342869973,237,0.09663865546218488,0.0,coverage_reached,6,231,0.02531645569620253,4.0042195320129395,467.1434631347656,6.9831223487854,123.18130493164062,0.023795172572135925,0.4278956651687622,4.0042195320129395,4.0042195320129395,0.0,0.0,6.9831223487854,6.9831223487854,0.0,0.0,0.0,2.7763712406158447,1.748814582824707,149.45476762033041,-4.739999999999987,-0.4,-0.8833333333333341,0.0,20.0,1448.0,333.0,46.09127151941292,10.599719209920245,2.1199438419840453,48.21121536139695,142.8829417101801,6.571825910150553,0.04397200581011491,4.0,61.0,79.0,46.0,3.0,2.0,17.666666666666668,C:\Users\Dk\Desktop\SCI\DRL_PF\checkpoint_store\full_method_main\A_full_method.pt
official_final_seed_block,A,A,full_method_main,48,20261370,0.04,0,0.945,120.99381737050375,600,0.22961730449251247,1.0,max_episode_steps,24,576,0.04,9.975000381469727,351.9483337402344,15.548333168029785,41.97654342651367,0.017694631591439247,0.14824719727039337,9.975000381469727,9.975000381469727,0.0,0.0,15.548333168029785,15.536666870117188,0.011666666716337204,0.011666666716337204,0.011666666716337204,3.743333339691162,1.7599210739135742,149.27715070383994,-11.999999999999833,-4.100000000000001,-4.183333333333327,-8.0,0.0,1433.0,399.0,45.613806690137224,12.70056445873325,2.540112891746653,48.1539195818839,141.4028007394255,7.874349964414618,0.05274986779481753,41.0,314.0,431.0,166.0,49.0,18.0,83.66666666666661,C:\Users\Dk\Desktop\SCI\DRL_PF\checkpoint_store\full_method_main\A_full_method.pt
official_final_seed_block,A,A,full_method_main,49,20261371,0.04,1,0.9518,162.48012526961378,199,0.035,0.0,coverage_reached,9,190,0.04522613065326633,3.2964823246002197,599.8743896484375,7.030150890350342,228.89419555664062,0.03101676143705845,0.4617781937122345,3.2964823246002197,3.2964823246002197,0.0,0.0,7.030150890350342,7.030150890350342,0.0,0.0,0.0,4.030150890350342,2.5909430980682373,148.3101252696135,-3.980000000000003,-0.6,-1.2499999999999998,0.0,20.0,1436.0,335.0,45.70929965599232,10.66338118715699,2.132676237431397,47.84197589342374,141.6988289335762,6.611296336037338,0.04457751164337996,6.0,25.0,44.0,53.0,12.0,5.0,24.99999999999998,C:\Users\Dk\Desktop\SCI\DRL_PF\checkpoint_store\full_method_main\A_full_method.pt
official_final_seed_block,A,A,full_method_main,50,20261372,0.04,1,0.9505,159.3435995737016,349,0.09142857142857143,0.0,coverage_reached,14,335,0.04011461318051576,6.378223419189453,507.95989990234375,9.828080177307129,88.43560028076172,0.022454828023910522,0.3298254907131195,6.378223419189453,6.378223419189453,0.0,0.0,9.828080177307129,9.828080177307129,0.0,0.0,0.0,3.0114612579345703,1.621500849723816,149.79026624036814,-6.979999999999939,-1.6000000000000003,-1.8666666666666671,0.0,20.0,1450.0,340.0,46.15493349664964,10.82253613024889,2.1645072260497775,48.31944072269941,143.08029383961392,6.709972400754312,0.04479578392621874,16.0,138.0,187.0,78.0,18.0,8.0,37.333333333333314,C:\Users\Dk\Desktop\SCI\DRL_PF\checkpoint_store\full_method_main\A_full_method.pt
official_final_seed_block,A,A,full_method_main,51,20261373,0.04,1,0.9533,159.63615122721131,189,0.02631578947368421,0.0,coverage_reached,6,183,0.031746031746031744,4.8412699699401855,502.13226318359375,10.714285850524902,118.80249786376953,0.03542933985590935,0.5196866393089294,4.8412699699401855,4.8412699699401855,0.0,0.0,10.714285850524902,10.714285850524902,0.0,0.0,0.0,4.4285712242126465,2.528193473815918,144.38281789387796,-3.780000000000003,-0.2,-0.7666666666666672,0.0,20.0,1395.0,341.0,44.40422912263876,10.854367118867266,2.1708734237734526,46.57510254641227,137.65311028018033,6.729707613697708,0.046610169491525445,2.0,8.0,33.0,38.0,6.0,1.0,15.333333333333341,C:\Users\Dk\Desktop\SCI\DRL_PF\checkpoint_store\full_method_main\A_full_method.pt
official_final_seed_block,A,A,full_method_main,52,20261374,0.04,1,0.9522,150.53428503646765,596,0.22278056951423786,0.0,coverage_reached,24,572,0.040268456375838924,6.565436363220215,384.5838928222656,12.355704307556152,59.66676330566406,0.015435481444001198,0.2813432514667511,6.565436363220215,6.565436363220215,0.0,0.0,12.355704307556152,12.355704307556152,0.0,0.0,0.0,4.18120813369751,1.9022870063781738,149.98761836980208,-11.919999999999835,-4.000000000000002,-3.5333333333333283,0.0,20.0,1449.0,355.0,46.123102508031266,11.300000959524578,2.260000191904914,48.3831026999362,142.981617774897,7.006000594905238,0.046710526315789494,40.0,362.0,436.0,138.0,28.0,23.0,70.66666666666664,C:\Users\Dk\Desktop\SCI\DRL_PF\checkpoint_store\full_method_main\A_full_method.pt
official_final_seed_block,A,A,full_method_main,53,20261375,0.04,1,0.9506,152.7273215103923,398,0.18796992481203006,0.0,coverage_reached,19,379,0.04773869346733668,5.417085647583008,417.1004943847656,12.517587661743164,94.12095642089844,0.019450997933745384,0.33359500765800476,5.417085647583008,5.417085647583008,0.0,0.0,12.517587661743164,12.464823722839355,0.05276381969451904,0.04271356761455536,0.04271356761455536,5.484924793243408,2.662717342376709,148.27065484372676,-7.959999999999918,-4.4,-3.1833333333333305,0.0,20.0,1431.0,358.0,45.55014471290044,11.395493925379716,2.2790987850759423,47.82924349797641,141.20544860999138,7.065206233735426,0.047650738719552825,44.0,170.0,240.0,100.0,19.0,36.0,63.66666666666667,C:\Users\Dk\Desktop\SCI\DRL_PF\checkpoint_store\full_method_main\A_full_method.pt
official_final_seed_block,A,A,full_method_main,54,20261376,0.04,1,0.9558,169.51033262162596,288,0.09342560553633218,0.0,coverage_reached,6,282,0.020833333333333332,4.559027671813965,462.2673645019531,10.73263931274414,113.49176025390625,0.02470710501074791,0.49188750982284546,4.559027671813965,4.559027671813965,0.0,0.0,10.73263931274414,10.722222328186035,0.010416666977107525,0.010416666977107525,0.010416666977107525,4.5625,2.546808958053589,157.4869992882922,-5.759999999999965,-0.7999999999999999,-1.416666666666667,0.0,20.0,1525.0,355.0,48.54225764302807,11.300000959524574,2.260000191904916,50.802257834933,150.48099869338705,7.006000594905241,0.044486215538847164,8.0,74.0,121.0,62.0,17.0,3.0,28.333333333333318,C:\Users\Dk\Desktop\SCI\DRL_PF\checkpoint_store\full_method_main\A_full_method.pt
official_final_seed_block,A,A,full_method_main,55,20261377,0.04,1,0.9508,160.05760345190149,367,0.13858695652173914,0.0,coverage_reached,15,352,0.04087193460490463,6.659400463104248,363.983642578125,14.05177116394043,86.39887237548828,0.025622965767979622,0.3820175528526306,6.659400463104248,6.659400463104248,0.0,0.0,14.05177116394043,13.87193489074707,0.17983651161193848,0.08719345927238464,0.08719345927238464,4.940054416656494,2.643761157989502,151.23093678523603,-7.3399999999999315,-1.5000000000000002,-2.3333333333333317,0.0,20.0,1451.0,408.0,46.186764485268036,12.98704335629867,2.5974086712597337,48.7841731565278,143.178969904331,8.051966880905177,0.05324285527861151,15.0,127.0,187.0,97.0,19.0,12.0,46.66666666666667,C:\Users\Dk\Desktop\SCI\DRL_PF\checkpoint_store\full_method_main\A_full_method.pt
official_final_seed_block,A,A,full_method_main,56,20261378,0.04,1,0.9519,155.28297601908307,493,0.17611336032388664,0.0,coverage_reached,25,468,0.05070993914807302,4.227180480957031,298.75457763671875,7.634888648986816,86.9046859741211,0.016995303332805634,0.23285825550556183,4.227180480957031,4.227180480957031,0.0,0.0,7.634888648986816,7.63286018371582,0.0020283975172787905,0.0020283975172787905,0.0020283975172787905,3.1399593353271484,1.979315161705017,148.84297601908517,-9.859999999999879,-1.2,-2.4999999999999987,0.0,20.0,1439.0,347.0,45.80479262184749,11.045353050577555,2.209070610115509,48.013863231962986,141.99485712772724,6.848118891358083,0.046009016176080664,12.0,246.0,305.0,109.0,29.0,6.0,50.00000000000001,C:\Users\Dk\Desktop\SCI\DRL_PF\checkpoint_store\full_method_main\A_full_method.pt
official_final_seed_block,A,A,full_method_main,57,20261379,0.04,1,0.9518,161.10493842688356,263,0.07196969696969698,0.0,coverage_reached,9,254,0.034220532319391636,3.6121673583984375,422.7756652832031,8.117870330810547,118.84827423095703,0.02692636102437973,0.4140395522117615,3.6121673583984375,3.6121673583984375,0.0,0.0,8.117870330810547,8.117870330810547,0.0,0.0,0.0,3.7718632221221924,2.2817671298980713,148.44827176021732,-5.259999999999976,-0.7999999999999999,-1.2833333333333339,0.0,20.0,1432.0,362.0,45.581975701518836,11.522817879853232,2.3045635759706453,47.88653927748946,141.30412467470833,7.144147085509004,0.04812549853762302,8.0,73.0,95.0,57.0,8.0,6.0,25.66666666666666,C:\Users\Dk\Desktop\SCI\DRL_PF\checkpoint_store\full_method_main\A_full_method.pt
official_final_seed_block,A,A,full_method_main,58,20261380,0.04,1,0.9517,172.0089147058396,167,0.02976190476190476,0.0,coverage_reached,4,163,0.023952095808383235,6.676646709442139,563.2335205078125,17.2275447845459,151.276611328125,0.038480862975120544,0.6553956270217896,6.676646709442139,6.676646709442139,0.0,0.0,17.2275447845459,15.670659065246582,1.5568861961364746,0.38922154903411865,0.38922154903411865,8.269460678100586,3.909409284591675,156.5989147058395,-3.3400000000000025,-0.5,-0.7500000000000004,0.0,20.0,1515.0,360.0,48.2239477568443,11.459155902616466,2.291831180523295,50.51577893736758,149.49423804621725,7.1046766596222115,0.045368620037807214,5.0,0.0,16.0,33.0,2.0,5.0,15.000000000000009,C:\Users\Dk\Desktop\SCI\DRL_PF\checkpoint_store\full_method_main\A_full_method.pt
official_final_seed_block,A,A,full_method_main,59,20261381,0.04,1,0.9511,166.09888263348796,319,0.134375,0.0,coverage_reached,16,303,0.050156739811912224,6.14106559753418,414.3887023925781,9.952978134155273,73.9225082397461,0.021566830575466156,0.3654824495315552,6.14106559753418,6.14106559753418,0.0,0.0,9.952978134155273,9.946708679199219,0.006269592326134443,0.006269592326134443,0.006269592326134443,3.7523510456085205,1.813819408416748,154.86221596682077,-6.379999999999952,-0.9999999999999999,-1.383333333333333,0.0,20.0,1514.0,277.0,48.19211676822591,8.817183847291009,1.7634367694582007,49.95555353768413,149.3955619815004,5.46665398532043,0.035300114693513476,10.0,126.0,168.0,62.0,11.0,5.0,27.66666666666665,C:\Users\Dk\Desktop\SCI\DRL_PF\checkpoint_store\full_method_main\A_full_method.pt
official_final_seed_block,A,A,full_method_main,60,20261382,0.04,0,0.7305,92.66007754139095,600,0.23627287853577372,1.0,max_episode_steps,15,585,0.025,3.059999942779541,258.8016662597656,4.465000152587891,86.26097869873047,0.009417989291250706,0.16586121916770935,3.059999942779541,3.059999942779541,0.0,0.0,4.465000152587891,4.465000152587891,0.0,0.0,0.0,2.2233333587646484,1.4777776002883911,117.010077541389,-11.999999999999833,-1.8000000000000005,-2.55,-8.0,0.0,1140.0,229.0,36.28732702495216,7.2892963936088115,1.4578592787217624,37.74518630367396,112.49071377735157,4.519363764037464,0.03862371394838932,18.0,416.0,481.0,107.0,30.0,8.0,51.00000000000002,C:\Users\Dk\Desktop\SCI\DRL_PF\checkpoint_store\full_method_main\A_full_method.pt
official_final_seed_block,A,A,full_method_main,61,20261383,0.04,1,0.9506,155.31645255972668,314,0.2920634920634921,0.0,coverage_reached,7,307,0.022292993630573247,2.9713375568389893,398.80572509765625,7.624203681945801,145.6582794189453,0.035327933728694916,0.5941183567047119,2.9713375568389893,2.9713375568389893,0.0,0.0,7.624203681945801,7.624203681945801,0.0,0.0,0.0,4.859872817993164,2.8736729621887207,154.54645255972645,-6.279999999999954,-7.999999999999988,-4.949999999999991,0.0,20.0,1494.0,361.0,47.555496995858334,11.490986891234842,2.2981973782469702,49.8536943741053,147.42204068716086,7.124411872565608,0.046098837951730316,80.0,116.0,145.0,128.0,11.0,79.0,98.9999999999999,C:\Users\Dk\Desktop\SCI\DRL_PF\checkpoint_store\full_method_main\A_full_method.pt
official_final_seed_block,A,A,full_method_main,62,20261384,0.04,1,0.9523,157.1800163712094,396,0.15365239294710328,0.0,coverage_reached,12,384,0.030303030303030304,5.722222328186035,399.35101318359375,11.914141654968262,78.4141845703125,0.017539339140057564,0.2391798496246338,5.722222328186035,5.722222328186035,0.0,0.0,11.914141654968262,11.808080673217773,0.10606060922145844,0.07070706784725189,0.07070706784725189,4.580808162689209,2.200039863586426,148.56668303787768,-7.919999999999919,-1.4000000000000001,-2.0666666666666664,0.0,20.0,1437.0,343.0,45.74113064461075,10.918029096104021,2.1836058192208045,47.924736463831536,141.7975049982934,6.769178039584497,0.04556323060573856,14.0,192.0,240.0,90.0,22.0,6.0,41.33333333333335,C:\Users\Dk\Desktop\SCI\DRL_PF\checkpoint_store\full_method_main\A_full_method.pt
official_final_seed_block,A,A,full_method_main,63,20261385,0.04,1,0.9501,164.88384944285835,229,0.05652173913043478,0.0,coverage_reached,6,223,0.026200873362445413,6.410480499267578,428.31878662109375,11.85152816772461,82.1487045288086,0.032607510685920715,0.5232304930686951,6.410480499267578,6.410480499267578,0.0,0.0,11.85152816772461,11.838427543640137,0.013100436888635159,0.013100436888635159,0.013100436888635159,4.174672603607178,2.053703546524048,151.01384944285874,-4.57999999999999,-0.7,-0.8500000000000002,0.0,20.0,1467.0,317.0,46.6960603031621,10.090423392026167,2.0180846784052324,48.714144981567344,144.75778693980246,6.256062503056223,0.04142707788813384,7.0,38.0,76.0,37.0,4.0,5.0,17.0,C:\Users\Dk\Desktop\SCI\DRL_PF\checkpoint_store\full_method_main\A_full_method.pt
official_final_seed_block,A,A,full_method_main,64,20261386,0.04,1,0.9521,161.97053102742476,200,0.13432835820895522,0.0,coverage_reached,10,190,0.05,4.664999961853027,552.8599853515625,10.645000457763672,146.51004028320312,0.03875283524394035,0.46730658411979675,4.664999961853027,4.664999961853027,0.0,0.0,10.645000457763672,10.640000343322754,0.004999999888241291,0.004999999888241291,0.004999999888241291,4.054999828338623,2.791835308074951,149.77053102742488,-4.000000000000003,-2.3000000000000007,-1.4999999999999993,0.0,20.0,1451.0,334.0,46.18676448526804,10.631550198538607,2.126310039707723,48.313074524975754,143.1789699043309,6.591561123093941,0.044011068651996325,23.0,14.0,59.0,53.0,7.0,15.0,29.99999999999998,C:\Users\Dk\Desktop\SCI\DRL_PF\checkpoint_store\full_method_main\A_full_method.pt
official_final_seed_block,A,A,full_method_main,65,20261387,0.04,1,0.9509,163.8486775180288,218,0.045662100456621,0.0,coverage_reached,10,208,0.045871559633027525,2.6972477436065674,529.0780029296875,8.206421852111816,239.90553283691406,0.03347271680831909,0.6384004354476929,2.6972477436065674,2.6972477436065674,0.0,0.0,8.206421852111816,8.192660331726074,0.013761468231678009,0.013761468231678009,0.013761468231678009,5.958715438842773,3.903440237045288,149.90867751802844,-4.359999999999995,-0.5,-1.2,0.0,20.0,1454.0,326.0,46.28225745112317,10.376902289591582,2.0753804579183144,48.35763790904146,143.47499809848182,6.433679419546784,0.04291732490784627,5.0,25.0,56.0,56.0,14.0,1.0,23.999999999999986,C:\Users\Dk\Desktop\SCI\DRL_PF\checkpoint_store\full_method_main\A_full_method.pt
official_final_seed_block,A,A,full_method_main,66,20261388,0.04,0,0.9086,118.13828667811727,600,0.3261231281198003,1.0,max_episode_steps,26,574,0.043333333333333335,3.9083333015441895,588.4099731445312,10.196666717529297,173.65553283691406,0.014368858188390732,0.28445807099342346,3.9083333015441895,3.9083333015441895,0.0,0.0,10.196666717529297,9.96166706085205,0.23499999940395355,0.09666666388511658,0.09666666388511658,5.063333511352539,3.0589921474456787,147.20495334478338,-11.999999999999833,-4.300000000000001,-4.766666666666659,-8.0,0.0,1422.0,349.0,45.26366581533504,11.109015027814307,2.2218030055628617,47.48546882089791,140.3173640275387,6.887589317244871,0.0467891138222282,43.0,328.0,418.0,188.0,60.0,19.0,95.33333333333319,C:\Users\Dk\Desktop\SCI\DRL_PF\checkpoint_store\full_method_main\A_full_method.pt
official_final_seed_block,A,A,full_method_main,67,20261389,0.04,1,0.9513,148.9651562236878,546,0.25594149908592323,0.0,coverage_reached,25,521,0.045787545787545784,2.642857074737549,405.03662109375,8.122710227966309,164.79627990722656,0.012272308580577374,0.18404679000377655,2.642857074737549,2.642857074737549,0.0,0.0,8.122710227966309,8.122710227966309,0.0,0.0,0.0,4.683150291442871,3.126495599746704,147.9351562236892,-10.919999999999856,-4.100000000000001,-3.949999999999994,0.0,20.0,1432.0,336.0,45.58197570151887,10.69521217577537,2.1390424351550736,47.72101813667394,141.3041246747085,6.631031548980733,0.04482390608324439,41.0,330.0,392.0,147.0,42.0,24.0,78.99999999999994,C:\Users\Dk\Desktop\SCI\DRL_PF\checkpoint_store\full_method_main\A_full_method.pt
official_final_seed_block,A,A,full_method_main,68,20261390,0.04,1,0.9502,150.37824192441644,547,0.28102189781021897,0.0,coverage_reached,18,529,0.03290676416819013,8.372942924499512,340.0621643066406,12.632540702819824,45.393959045410156,0.018924081698060036,0.17430341243743896,8.372942924499512,8.372942924499512,0.0,0.0,12.632540702819824,12.628885269165039,0.0036563072353601456,0.0036563072353601456,0.0036563072353601456,3.009140729904175,1.599719762802124,150.93490859108502,-10.939999999999856,-5.1999999999999975,-4.416666666666659,0.0,20.0,1455.0,373.0,46.31408843974157,11.872958754655405,2.3745917509310797,48.68868019067267,143.57367416319883,7.361234427886353,0.04877092050209209,52.0,264.0,374.0,163.0,44.0,29.0,88.33333333333329,C:\Users\Dk\Desktop\SCI\DRL_PF\checkpoint_store\full_method_main\A_full_method.pt
official_final_seed_block,A,A,full_method_main,69,20261391,0.04,0,0.9296,105.5334116126965,600,0.49417637271214643,1.0,max_episode_steps,26,574,0.043333333333333335,4.235000133514404,372.4916687011719,7.824999809265137,114.24518585205078,0.015445956960320473,0.2672666311264038,4.235000133514404,4.235000133514404,0.0,0.0,7.824999809265137,7.824999809265137,0.0,0.0,0.0,3.4049999713897705,2.042377233505249,147.81674494602882,-11.999999999999833,-13.09999999999997,-9.18333333333333,-8.0,0.0,1434.0,320.0,45.64563767875562,10.185916357881302,2.037183271576261,47.68282095033185,141.50147680414233,6.315268141886412,0.042723631508678264,131.0,382.0,440.0,277.0,70.0,102.0,183.66666666666637,C:\Users\Dk\Desktop\SCI\DRL_PF\checkpoint_store\full_method_main\A_full_method.pt
official_final_seed_block,A,A,full_method_main,70,20261392,0.04,1,0.9512,162.79247851732367,248,0.10843373493975904,0.0,coverage_reached,13,235,0.05241935483870968,4.681451797485352,415.8427429199219,13.181451797485352,124.73505401611328,0.030539099127054214,0.4746747314929962,4.681451797485352,4.681451797485352,0.0,0.0,13.181451797485352,12.778225898742676,0.4032258093357086,0.22580644488334656,0.22580644488334656,6.875,3.8323397636413574,150.61914518399075,-4.959999999999982,-1.3,-1.5666666666666669,0.0,20.0,1461.0,327.0,46.505074371451826,10.408733278209958,2.0817466556419917,48.58682102709384,144.16573055150073,6.453414632490175,0.04284591194968553,13.0,67.0,97.0,63.0,9.0,11.0,31.333333333333318,C:\Users\Dk\Desktop\SCI\DRL_PF\checkpoint_store\full_method_main\A_full_method.pt
official_final_seed_block,A,A,full_method_main,71,20261393,0.04,1,0.95,164.37207275951297,161,0.037037037037037035,0.0,coverage_reached,4,157,0.024844720496894408,4.490683078765869,510.0931701660156,12.42236042022705,213.9454803466797,0.041098013520240784,0.5862687826156616,4.490683078765869,4.490683078765869,0.0,0.0,12.42236042022705,11.819875717163086,0.6024844646453857,0.260869562625885,0.260869562625885,6.459627151489258,4.252384662628174,149.15873942617955,-3.2200000000000024,-0.6,-0.9666666666666673,0.0,20.0,1445.0,333.0,45.99577855355776,10.599719209920233,2.1199438419840453,48.115722395541816,142.58691351602906,6.571825910150545,0.04405927494046045,6.0,0.0,14.0,42.0,8.0,4.0,19.333333333333336,C:\Users\Dk\Desktop\SCI\DRL_PF\checkpoint_store\full_method_main\A_full_method.pt
official_final_seed_block,A,A,full_method_main,72,20261394,0.04,0,0.9352,125.32131047069528,600,0.23627287853577372,1.0,max_episode_steps,19,581,0.03166666666666667,6.87333345413208,509.0400085449219,11.416666984558105,82.59426879882812,0.016288738697767258,0.15910162031650543,6.87333345413208,6.87333345413208,0.0,0.0,11.416666984558105,11.40333366394043,0.013333333656191826,0.008333333767950535,0.008333333767950535,3.1066665649414062,1.8624054193496704,150.95464380402828,-11.999999999999833,-2.400000000000001,-3.233333333333329,-8.0,0.0,1463.0,334.0,46.568736348688596,10.631550198538612,2.1263100397077213,48.69504638839631,144.36308268093453,6.591561123093943,0.04366583867172184,24.0,338.0,435.0,137.0,41.0,8.0,64.66666666666671,C:\Users\Dk\Desktop\SCI\DRL_PF\checkpoint_store\full_method_main\A_full_method.pt
official_final_seed_block,A,A,full_method_main,73,20261395,0.04,1,0.9512,170.70056757288347,236,0.16033755274261605,0.0,coverage_reached,5,231,0.0211864406779661,6.254237174987793,617.0042114257812,13.368643760681152,101.82466888427734,0.03040085919201374,0.5923705101013184,6.254237174987793,6.254237174987793,0.0,0.0,13.368643760681152,13.266948699951172,0.10169491171836853,0.05932203307747841,0.05932203307747841,6.453389644622803,2.216254711151123,159.95390090621663,-4.719999999999987,-2.600000000000001,-1.9333333333333336,0.0,20.0,1551.0,350.0,49.36986334710594,11.140846016432677,2.228169203286535,51.59803255039246,153.04657637602838,6.907324530188262,0.04318322023442323,26.0,44.0,84.0,72.0,24.0,10.0,38.66666666666665,C:\Users\Dk\Desktop\SCI\DRL_PF\checkpoint_store\full_method_main\A_full_method.pt
official_final_seed_block,A,A,full_method_main,74,20261396,0.04,1,0.9514,153.0684574846688,424,0.19294117647058823,0.0,coverage_reached,11,413,0.025943396226415096,4.433962345123291,420.1839599609375,12.023585319519043,99.08968353271484,0.019910797476768494,0.18771657347679138,4.433962345123291,4.433962345123291,0.0,0.0,12.023585319519043,11.992924690246582,0.03066037781536579,0.021226415410637856,0.021226415410637856,3.941037654876709,2.800300359725952,146.19845748467029,-8.479999999999908,-2.3000000000000007,-2.3499999999999996,0.0,20.0,1415.0,333.0,45.04084889500637,10.599719209920238,2.119943841984047,47.160792736990444,139.62663157451973,6.571825910150549,0.04495140388768904,23.0,205.0,247.0,93.0,28.0,10.0,47.000000000000014,C:\Users\Dk\Desktop\SCI\DRL_PF\checkpoint_store\full_method_main\A_full_method.pt
official_final_seed_block,A,A,full_method_main,75,20261397,0.04,1,0.95,158.67517337814144,322,0.19814241486068113,0.0,coverage_reached,14,308,0.043478260869565216,6.583850860595703,567.677001953125,11.29503059387207,98.24421691894531,0.027999605983495712,0.28392407298088074,6.583850860595703,6.583850860595703,0.0,0.0,11.29503059387207,11.29503059387207,0.0,0.0,0.0,3.1490683555603027,1.820816159248352,150.9151733781417,-6.439999999999951,-4.000000000000002,-1.8000000000000005,0.0,20.0,1457.0,362.0,46.37775041697832,11.522817879853223,2.3045635759706466,48.68231399294895,143.7710262926328,7.144147085509003,0.0473388256832745,40.0,106.0,170.0,71.0,21.0,8.0,36.000000000000014,C:\Users\Dk\Desktop\SCI\DRL_PF\checkpoint_store\full_method_main\A_full_method.pt
official_final_seed_block,A,A,full_method_main,76,20261398,0.04,1,0.9546,160.8644536064692,163,0.006097560975609756,0.0,coverage_reached,7,156,0.04294478527607362,3.8527607917785645,515.7177734375,6.687116622924805,142.29656982421875,0.03751930221915245,0.6170428395271301,3.8527607917785645,3.8527607917785645,0.0,0.0,6.687116622924805,6.687116622924805,0.0,0.0,0.0,3.3742332458496094,1.7727651596069336,144.75778693980243,-3.2600000000000025,-0.1,-0.5333333333333333,0.0,20.0,1403.0,320.0,44.658877031585824,10.1859163578813,2.037183271576261,46.696060303162085,138.44251879791616,6.315268141886407,0.04362644853442397,1.0,0.0,13.0,25.0,5.0,1.0,10.666666666666666,C:\Users\Dk\Desktop\SCI\DRL_PF\checkpoint_store\full_method_main\A_full_method.pt
official_final_seed_block,A,A,full_method_main,77,20261399,0.04,1,0.9503,157.26299093698526,371,0.16666666666666666,0.0,coverage_reached,17,354,0.04582210242587601,4.7951483726501465,523.9461059570312,8.52021598815918,119.85360717773438,0.018794579431414604,0.33903664350509644,4.7951483726501465,4.7951483726501465,0.0,0.0,8.52021598815918,8.5175199508667,0.002695417730137706,0.002695417730137706,0.002695417730137706,3.654986619949341,2.037781000137329,147.5996576036514,-7.41999999999993,-1.0999999999999999,-1.8166666666666678,0.0,20.0,1431.0,324.0,45.550144712900455,10.313240312354827,2.0626480624709633,47.61279277537147,141.20544860999138,6.394208993659997,0.04332129963898924,11.0,156.0,209.0,81.0,22.0,3.0,36.33333333333333,C:\Users\Dk\Desktop\SCI\DRL_PF\checkpoint_store\full_method_main\A_full_method.pt
official_final_seed_block,A,A,full_method_main,78,20261400,0.04,1,0.9501,163.76224356606647,167,0.017857142857142856,0.0,coverage_reached,10,157,0.059880239520958084,6.143712520599365,494.329345703125,10.634730339050293,84.9398422241211,0.036674950271844864,0.5322263240814209,6.143712520599365,6.143712520599365,0.0,0.0,10.634730339050293,10.634730339050293,0.0,0.0,0.0,4.383233547210693,1.8622970581054688,148.1522435660663,-3.3400000000000025,-0.30000000000000004,-0.7500000000000001,0.0,20.0,1439.0,312.0,45.80479262184749,9.93126844893427,1.9862536897868546,47.791046311634325,141.99485712772722,6.157386438339252,0.04156120953776478,3.0,4.0,26.0,31.0,10.0,2.0,15.000000000000002,C:\Users\Dk\Desktop\SCI\DRL_PF\checkpoint_store\full_method_main\A_full_method.pt
official_final_seed_block,A,A,full_method_main,79,20261401,0.04,1,0.95,162.947776495008,405,0.1625615763546798,0.0,coverage_reached,22,383,0.05432098765432099,6.55555534362793,380.2592468261719,15.130864143371582,62.5894775390625,0.01817978359758854,0.21281908452510834,6.55555534362793,6.55555534362793,0.0,0.0,15.130864143371582,15.123456954956055,0.007407407276332378,0.007407407276332378,0.007407407276332378,4.58271598815918,2.336533308029175,154.4477764950094,-8.099999999999916,-1.4000000000000001,-2.0,0.0,20.0,1499.0,331.0,47.71465193895028,10.536057232683484,2.1072114465366947,49.82186338548698,147.9154210107458,6.5323554842637614,0.042294914387937664,14.0,169.0,249.0,83.0,21.0,8.0,39.99999999999998,C:\Users\Dk\Desktop\SCI\DRL_PF\checkpoint_store\full_method_main\A_full_method.pt
official_final_seed_block,A,A,full_method_main,80,20261402,0.04,1,0.95,154.05980081096033,518,0.2832369942196532,0.0,coverage_reached,22,496,0.04247104247104247,5.4227800369262695,406.5907287597656,14.111968994140625,80.41384887695312,0.021025400608778,0.23924680054187775,5.4227800369262695,5.4227800369262695,0.0,0.0,14.111968994140625,13.920849800109863,0.19111968576908112,0.0810810774564743,0.0810810774564743,7.059845447540283,2.713561773300171,153.30313414429236,-10.359999999999868,-4.699999999999999,-4.1833333333333265,0.0,20.0,1476.0,388.0,46.9825392007275,12.350423583931091,2.4700847167862165,49.45262391751372,145.64587152225525,7.657262622037278,0.04994850669412983,47.0,252.0,321.0,162.0,43.0,23.0,83.6666666666666,C:\Users\Dk\Desktop\SCI\DRL_PF\checkpoint_store\full_method_main\A_full_method.pt
official_final_seed_block,A,A,full_method_main,81,20261403,0.04,1,0.952,158.091434286996,374,0.13066666666666665,0.0,coverage_reached,14,360,0.0374331550802139,4.572192668914795,424.37432861328125,8.363636016845703,104.17074584960938,0.021451003849506378,0.3252357840538025,4.572192668914795,4.572192668914795,0.0,0.0,8.363636016845703,8.259358406066895,0.1042780727148056,0.05614973232150078,0.05614973232150078,4.072192668914795,1.948614239692688,149.45476762033044,-7.4799999999999285,-1.7000000000000004,-2.1833333333333336,0.0,20.0,1445.0,348.0,45.99577855355777,11.077184039195922,2.215436807839184,48.21121536139701,142.58691351602903,6.867854104301473,0.04595272679255252,17.0,137.0,199.0,88.0,23.0,10.0,43.666666666666686,C:\Users\Dk\Desktop\SCI\DRL_PF\checkpoint_store\full_method_main\A_full_method.pt
official_final_seed_block,A,A,full_method_main,82,20261404,0.04,1,0.9508,133.38805396341286,522,0.3652007648183556,0.0,coverage_reached,23,499,0.044061302681992334,4.6130266189575195,459.162841796875,8.545976638793945,109.40472412109375,0.02048635669052601,0.43759483098983765,4.6130266189575195,4.6130266189575195,0.0,0.0,8.545976638793945,8.545976638793945,0.0,0.0,0.0,3.6417624950408936,1.9246351718902588,148.9613872967457,-10.439999999999866,-15.79999999999996,-9.333333333333343,0.0,20.0,1446.0,318.0,46.02760954217611,10.122254380644552,2.0244508761289093,48.05206041830507,142.68558958074593,6.275797715999624,0.04213036565977749,158.0,271.0,342.0,235.0,23.0,151.0,186.66666666666694,C:\Users\Dk\Desktop\SCI\DRL_PF\checkpoint_store\full_method_main\A_full_method.pt
official_final_seed_block,A,A,full_method_main,83,20261405,0.04,0,0.8095,94.0635414006855,600,0.43427620632279534,1.0,max_episode_steps,19,581,0.03166666666666667,4.900000095367432,416.2216796875,10.196666717529297,100.36229705810547,0.011738472618162632,0.30495139956474304,4.900000095367432,4.900000095367432,0.0,0.0,10.196666717529297,10.164999961853027,0.03166666626930237,0.023333333432674408,0.023333333432674408,4.553333282470703,2.3860039710998535,128.1802080673506,-11.999999999999833,-7.499999999999989,-6.616666666666652,-8.0,0.0,1249.0,250.0,39.756904784355456,7.957747154594766,1.5915494309189535,41.348454215274444,123.2464048315019,4.933803235848757,0.038491147036181686,75.0,410.0,468.0,229.0,80.0,44.0,132.33333333333334,C:\Users\Dk\Desktop\SCI\DRL_PF\checkpoint_store\full_method_main\A_full_method.pt
official_final_seed_block,A,A,full_method_main,84,20261406,0.04,0,0.9349,124.96914518398815,600,0.16638935108153077,1.0,max_episode_steps,26,574,0.043333333333333335,4.603333473205566,402.59832763671875,8.354999542236328,95.96871185302734,0.014565382152795792,0.23538359999656677,4.603333473205566,4.603333473205566,0.0,0.0,8.354999542236328,8.3100004196167,0.04500000178813934,0.021666666492819786,0.021666666492819786,3.43833327293396,1.9437077045440674,150.61914518399075,-11.999999999999833,-2.400000000000001,-3.2499999999999973,-8.0,0.0,1462.0,322.0,46.53690536007022,10.249578335118068,2.0499156670236114,48.586821027093826,144.26440661621768,6.354738567773204,0.04219077568134174,24.0,306.0,405.0,131.0,36.0,14.0,65.00000000000003,C:\Users\Dk\Desktop\SCI\DRL_PF\checkpoint_store\full_method_main\A_full_method.pt
official_final_seed_block,A,A,full_method_main,85,20261407,0.04,0,0.9499,112.53510699688394,600,0.3144758735440932,1.0,max_episode_steps,28,572,0.04666666666666667,7.010000228881836,375.7349853515625,10.928333282470703,60.09828186035156,0.01553288009017706,0.18941476941108704,7.010000228881836,7.010000228881836,0.0,0.0,10.928333282470703,10.928333282470703,0.0,0.0,0.0,3.1733334064483643,1.5991990566253662,143.21844033021762,-11.999999999999833,-5.699999999999996,-4.983333333333324,-8.0,0.0,1388.0,317.0,44.18141220231017,10.090423392026167,2.018084678405232,46.19949688071541,136.9623778271615,6.256062503056228,0.04368196224335127,57.0,370.0,433.0,174.0,41.0,42.0,99.66666666666666,C:\Users\Dk\Desktop\SCI\DRL_PF\checkpoint_store\full_method_main\A_full_method.pt
official_final_seed_block,A,A,full_method_main,86,20261408,0.04,1,0.9598,158.2721965758155,351,0.10227272727272728,0.0,coverage_reached,17,334,0.04843304843304843,4.07692289352417,483.6410217285156,7.595441818237305,129.26730346679688,0.0193615909665823,0.27523598074913025,4.07692289352417,4.07692289352417,0.0,0.0,7.595441818237305,7.595441818237305,0.0,0.0,0.0,3.675213575363159,2.137430191040039,147.6588632424817,-7.019999999999938,-0.9999999999999999,-1.3666666666666667,0.0,20.0,1432.0,322.0,45.581975701518864,10.249578335118056,2.049915667023613,47.63189136854248,141.30412467470842,6.354738567773199,0.04303662122427158,10.0,134.0,183.0,60.0,10.0,6.0,27.333333333333314,C:\Users\Dk\Desktop\SCI\DRL_PF\checkpoint_store\full_method_main\A_full_method.pt
official_final_seed_block,A,A,full_method_main,87,20261409,0.04,1,0.9531,154.5191921742394,578,0.1848013816925734,0.0,coverage_reached,28,550,0.04844290657439446,6.565743923187256,396.6418762207031,8.354671478271484,73.53263854980469,0.01284043025225401,0.15868549048900604,6.565743923187256,6.565743923187256,0.0,0.0,8.354671478271484,8.344290733337402,0.010380622930824757,0.010380622930824757,0.010380622930824757,2.3719723224639893,1.4259735345840454,151.11252550757567,-11.559999999999842,-1.8000000000000005,-3.23333333333333,0.0,20.0,1460.0,357.0,46.47324338283343,11.363662936761338,2.2727325873522686,48.74597597018573,144.0670544867837,7.045471020792032,0.0466240041791825,18.0,310.0,411.0,135.0,41.0,9.0,64.6666666666667,C:\Users\Dk\Desktop\SCI\DRL_PF\checkpoint_store\full_method_main\A_full_method.pt
official_final_seed_block,A,A,full_method_main,88,20261410,0.04,0,0.9123,119.74280297597578,600,0.2146422628951747,1.0,max_episode_steps,17,583,0.028333333333333332,5.579999923706055,368.00665283203125,9.006667137145996,78.12765502929688,0.01146636437624693,0.1129247173666954,5.579999923706055,5.579999923706055,0.0,0.0,9.006667137145996,9.005000114440918,0.0016666667070239782,0.0016666667070239782,0.0016666667070239782,2.693333387374878,1.803493857383728,145.62613630931185,-11.999999999999833,-2.400000000000001,-3.483333333333329,-8.0,0.0,1408.0,339.0,44.81803197467772,10.790705141630516,2.158141028326102,46.976173003003865,138.93589912150105,6.69023718781092,0.045941184442336386,24.0,377.0,449.0,147.0,26.0,18.0,69.66666666666671,C:\Users\Dk\Desktop\SCI\DRL_PF\checkpoint_store\full_method_main\A_full_method.pt
official_final_seed_block,A,A,full_method_main,89,20261411,0.04,1,0.9519,166.73970683045644,213,0.02336448598130841,0.0,coverage_reached,8,205,0.03755868544600939,2.5399060249328613,378.93896484375,7.2769951820373535,170.3384246826172,0.028722601011395454,0.6453477740287781,2.5399060249328613,2.5399060249328613,0.0,0.0,7.2769951820373535,7.23004674911499,0.04694835841655731,0.03755868598818779,0.03755868598818779,5.521126747131348,3.2155704498291016,152.31637349712273,-4.259999999999997,-0.4,-0.9166666666666673,0.0,20.0,1475.0,343.0,46.950708212109106,10.918029096104025,2.1836058192208028,49.134314031329936,145.54719545753838,6.769178039584498,0.04444156517232444,4.0,47.0,65.0,39.0,8.0,4.0,18.33333333333333,C:\Users\Dk\Desktop\SCI\DRL_PF\checkpoint_store\full_method_main\A_full_method.pt
official_final_seed_block,A,A,full_method_main,90,20261412,0.04,1,0.9507,157.00364432739931,282,0.0812720848056537,0.0,coverage_reached,12,270,0.0425531914893617,3.5709218978881836,486.992919921875,9.120567321777344,174.70155334472656,0.028963832184672356,0.521050214767456,3.5709218978881836,3.5709218978881836,0.0,0.0,9.120567321777344,8.992907524108887,0.12765957415103912,0.10638298094272614,0.10638298094272614,5.113475322723389,3.1217663288116455,146.06031099406647,-5.639999999999968,-1.6000000000000003,-1.816666666666666,0.0,20.0,1410.0,351.0,44.88169395191448,11.17267700505107,2.234535401010212,47.11622935292471,139.13325125093507,6.9270597431316645,0.04742602351033646,16.0,57.0,103.0,68.0,11.0,15.0,36.33333333333333,C:\Users\Dk\Desktop\SCI\DRL_PF\checkpoint_store\full_method_main\A_full_method.pt
official_final_seed_block,A,A,full_method_main,91,20261413,0.04,1,0.9551,158.04276045883137,501,0.21314741035856574,0.0,coverage_reached,24,477,0.04790419161676647,8.057884216308594,383.818359375,11.942115783691406,73.0265884399414,0.015406828373670578,0.21990202367305756,8.057884216308594,8.057884216308594,0.0,0.0,11.942115783691406,11.860279083251953,0.08183632791042328,0.031936127692461014,0.031936127692461014,3.485029935836792,1.7279245853424072,153.5794271255001,-10.019999999999875,-2.600000000000001,-2.9166666666666625,0.0,20.0,1489.0,337.0,47.39634205276646,10.727043164393754,2.1454086328787496,49.54175068564522,146.92866036357591,6.650766761924127,0.04330506296581859,26.0,270.0,344.0,116.0,31.0,14.0,58.33333333333337,C:\Users\Dk\Desktop\SCI\DRL_PF\checkpoint_store\full_method_main\A_full_method.pt
official_final_seed_block,A,A,full_method_main,92,20261414,0.04,1,0.9509,166.00123364464508,259,0.04230769230769231,0.0,coverage_reached,8,251,0.03088803088803089,5.648648738861084,429.9266357421875,11.050192832946777,83.83418273925781,0.02396273799240589,0.4185228943824768,5.648648738861084,5.648648738861084,0.0,0.0,11.050192832946777,10.942085266113281,0.10810811072587967,0.0617760606110096,0.0617760606110096,4.069498062133789,2.2554879188537598,152.94790031131132,-5.1799999999999775,-0.5,-1.2666666666666668,0.0,20.0,1480.0,350.0,47.10986315520099,11.140846016432691,2.2281692032865354,49.33803235848756,146.04057578112312,6.90732453018827,0.04516129032258073,5.0,70.0,100.0,62.0,10.0,2.0,25.33333333333331,C:\Users\Dk\Desktop\SCI\DRL_PF\checkpoint_store\full_method_main\A_full_method.pt
official_final_seed_block,A,A,full_method_main,93,20261415,0.04,1,0.9501,168.4997090670083,292,0.12286689419795221,0.0,coverage_reached,9,283,0.030821917808219176,4.592465877532959,462.75,7.287671089172363,131.70301818847656,0.02399589866399765,0.30787554383277893,4.592465877532959,4.592465877532959,0.0,0.0,7.287671089172363,7.267123222351074,0.02054794505238533,0.02054794505238533,0.02054794505238533,3.2431507110595703,1.9823139905929565,156.5397090670094,-5.839999999999963,-0.7,-1.5000000000000004,0.0,20.0,1521.0,327.0,48.41493368855456,10.408733278209958,2.08174665564199,50.49668034419657,150.0862944345191,6.453414632490174,0.04122541603630865,7.0,94.0,136.0,67.0,17.0,3.0,29.99999999999999,C:\Users\Dk\Desktop\SCI\DRL_PF\checkpoint_store\full_method_main\A_full_method.pt
official_final_seed_block,A,A,full_method_main,94,20261416,0.04,1,0.9515,153.70900421323506,509,0.18823529411764706,0.0,coverage_reached,10,499,0.019646365422396856,3.3555991649627686,460.1198425292969,7.722986221313477,164.76695251464844,0.014420699328184128,0.2501894235610962,3.3555991649627686,3.3555991649627686,0.0,0.0,7.722986221313477,7.632613182067871,0.09037327766418457,0.04911591485142708,0.04911591485142708,4.785854816436768,2.6532230377197266,149.1390042132362,-10.179999999999872,-2.700000000000001,-2.549999999999999,0.0,20.0,1447.0,322.0,46.05944053079454,10.249578335118063,2.049915667023612,48.10935619781814,142.78426564546305,6.354738567773199,0.04260950112478496,27.0,282.0,348.0,102.0,19.0,16.0,51.00000000000003,C:\Users\Dk\Desktop\SCI\DRL_PF\checkpoint_store\full_method_main\A_full_method.pt
official_final_seed_block,A,A,full_method_main,95,20261417,0.04,1,0.9504,151.06515846024192,273,0.3759124087591241,0.0,coverage_reached,11,262,0.040293040293040296,3.721611738204956,538.8168334960938,10.084249496459961,184.75294494628906,0.03623134270310402,0.6212100982666016,3.721611738204956,3.721611738204956,0.0,0.0,10.084249496459961,10.080586433410645,0.0036630036775022745,0.0036630036775022745,0.0036630036775022745,5.172161102294922,3.039412260055542,152.15849179357562,-5.4599999999999715,-9.99999999999998,-5.633333333333321,0.0,20.0,1487.0,275.0,47.33268007552966,8.753521870054248,1.750704374010848,49.08338444954055,146.73130823414195,5.427183559433637,0.035667963683527926,100.0,93.0,129.0,137.0,11.0,95.0,112.6666666666666,C:\Users\Dk\Desktop\SCI\DRL_PF\checkpoint_store\full_method_main\A_full_method.pt
official_final_seed_block,A,A,full_method_main,96,20261418,0.04,1,0.9511,167.0481524170199,404,0.19506172839506172,0.0,coverage_reached,21,383,0.05198019801980198,6.727722644805908,439.3465270996094,11.39108943939209,71.58657836914062,0.019010573625564575,0.21770590543746948,6.727722644805908,6.727722644805908,0.0,0.0,11.39108943939209,11.39108943939209,0.0,0.0,0.0,2.6212871074676514,1.7663437128067017,158.39481908368845,-8.079999999999917,-1.2,-2.066666666666667,0.0,20.0,1536.0,346.0,48.892398517830266,11.013522061959163,2.202704412391832,51.09510293022211,151.5664354052738,6.828383678414682,0.04310989284824322,12.0,206.0,253.0,86.0,24.0,7.0,41.33333333333332,C:\Users\Dk\Desktop\SCI\DRL_PF\checkpoint_store\full_method_main\A_full_method.pt
official_final_seed_block,A,A,full_method_main,97,20261419,0.04,0,0.9195,105.85370399899723,600,0.5773710482529119,1.0,max_episode_steps,21,579,0.035,9.046667098999023,392.3299865722656,13.936666488647461,51.25263977050781,0.02340136095881462,0.16561806201934814,9.046667098999023,9.046667098999023,0.0,0.0,13.936666488647461,13.893333435058594,0.04333333298563957,0.029999999329447746,0.029999999329447746,2.7316665649414062,1.6402103900909424,141.08703733233097,-11.999999999999833,-8.899999999999984,-6.333333333333319,-8.0,0.0,1365.0,324.0,43.44929946408744,10.313240312354818,2.0626480624709638,45.511947526558416,134.69282833867106,6.394208993659991,0.045321023919429305,89.0,410.0,449.0,238.0,78.0,32.0,126.66666666666663,C:\Users\Dk\Desktop\SCI\DRL_PF\checkpoint_store\full_method_main\A_full_method.pt
official_final_seed_block,A,A,full_method_main,98,20261420,0.04,1,0.951,159.1334414484939,229,0.04782608695652174,0.0,coverage_reached,12,217,0.05240174672489083,6.318777084350586,499.7641906738281,11.44978141784668,89.91849517822266,0.027854517102241516,0.28368690609931946,6.318777084350586,6.318777084350586,0.0,0.0,11.44978141784668,11.44978141784668,0.0,0.0,0.0,3.790393114089966,2.0316452980041504,145.33010811516095,-4.57999999999999,-0.6,-1.0166666666666675,0.0,20.0,1416.0,284.0,45.072679883624794,9.040000767619658,1.8080001535239305,46.88068003714869,139.7253076392369,5.60480047592419,0.03856599674090168,6.0,46.0,81.0,47.0,10.0,2.0,20.333333333333336,C:\Users\Dk\Desktop\SCI\DRL_PF\checkpoint_store\full_method_main\A_full_method.pt
official_final_seed_block,A,A,full_method_main,99,20261421,0.04,1,0.9501,161.26621760846896,344,0.1391304347826087,0.0,coverage_reached,12,332,0.03488372093023256,4.156976699829102,528.31396484375,8.07848834991455,145.57398986816406,0.025516794994473457,0.337171345949173,4.156976699829102,4.156976699829102,0.0,0.0,8.07848834991455,8.07848834991455,0.0,0.0,0.0,3.0203487873077393,2.0800321102142334,152.07955094180207,-6.879999999999941,-1.9000000000000006,-2.033333333333334,0.0,20.0,1476.0,326.0,46.982539200727516,10.376902289591577,2.0753804579183144,49.05791965864584,145.64587152225533,6.433679419546779,0.042304697638203985,19.0,151.0,200.0,79.0,23.0,10.0,40.666666666666664,C:\Users\Dk\Desktop\SCI\DRL_PF\checkpoint_store\full_method_main\A_full_method.pt
official_final_seed_block,A,A,full_method_main,100,20261422,0.04,0,0.8928,102.13125900733839,600,0.39267886855241263,1.0,max_episode_steps,24,576,0.04,4.449999809265137,592.768310546875,10.21166706085205,145.6924285888672,0.016632651910185814,0.233598992228508,4.449999809265137,4.449999809265137,0.0,0.0,10.21166706085205,10.208333015441895,0.0033333334140479565,0.0033333334140479565,0.0033333334140479565,4.066666603088379,2.4169445037841797,142.01459234067056,-11.999999999999833,-11.299999999999976,-8.583333333333323,-8.0,0.0,1379.0,301.0,43.89493330474477,9.58112757413211,1.9162255148264193,45.811158819571176,136.0742932447087,5.940299095961907,0.0418287937743191,113.0,359.0,437.0,271.0,76.0,84.0,171.66666666666677,C:\Users\Dk\Desktop\SCI\DRL_PF\checkpoint_store\full_method_main\A_full_method.pt
