method_id,episode_idx,episode_seed,episode_reward,episode_length,final_coverage,success,repeat_visit_ratio,done_reason,accessible_block_count,total_accessible_unknown_area,total_frontier_cluster_count,mean_block_area,local_frontier_coverage,local_frontier_block_area_mean,value_total_block_count_before_cap,value_packed_block_count,value_truncated_block_count,value_block_cap_hit_flag,value_total_entry_count_before_cap,value_packed_entry_count,value_truncated_entry_count,value_entry_cap_hit_block_count,value_entry_cap_hit_flag,value_max_frontier_clusters_per_block,value_mean_frontier_clusters_per_block,info_reward_sum,step_penalty_sum,recent_revisit_penalty_sum,turn_penalty_sum,timeout_penalty_sum,terminal_bonus_sum,delta_empty_sum,delta_obstacle_sum,empty_info_gain_sum,obstacle_info_gain_sum,weighted_obstacle_info_gain_sum,weighted_info_gain_sum,empty_info_reward_sum,obstacle_info_reward_sum,obstacle_info_contribution_ratio,recent_revisit_trigger_count,stall_trigger_count,zero_info_step_count,turn_ge_90_count,turn_135_count,turn_180_count,turn_penalty_weight_sum,timeout_flag,group,display_name,checkpoint_path
F5,1,20261323,44.72094052036813,600,0.8215,0,0.8336106489184693,max_episode_steps,5.699999809265137,601.8633422851562,11.613333702087402,108.21426391601562,0.015706727281212807,0.38743168115615845,5.699999809265137,5.699999809265137,0.0,0.0,11.613333702087402,11.613333702087402,0.0,0.0,0.0,5.110000133514404,2.13352370262146,128.87094052036957,-11.999999999999833,-50.10000000000044,-14.050000000000024,-8.0,0.0,1264.0,210.0,40.23436961363117,6.684507609859603,1.336901521971921,41.57127113560304,124.72654580225662,4.144394718112955,0.03215926493108727,501.0,494.0,502.0,508.0,335.0,0.0,280.9999999999997,1.0,F,occupancy_only_canvas,C:\Users\Dk\Desktop\SCI\DRL_PF\checkpoint_store\ablations\F5_ablation_occupancy_only_canvas.pt
F5,2,20261324,-24.682545704457986,600,0.551,0,0.8868552412645591,max_episode_steps,5.706666469573975,555.4466552734375,12.786666870117188,100.46499633789062,0.017437642440199852,0.093595489859581,5.706666469573975,5.706666469573975,0.0,0.0,12.786666870117188,12.773333549499512,0.013333333656191826,0.004999999888241291,0.004999999888241291,3.3533332347869873,2.3278608322143555,75.46745429554252,-11.999999999999833,-53.30000000000049,-26.850000000000247,-8.0,0.0,735.0,149.0,23.395776634508604,4.74281730413848,0.9485634608276965,24.344340095336314,72.5269075669767,2.940546728565859,0.03896443514644352,533.0,526.0,536.0,544.0,1.0,533.0,537.0,1.0,F,occupancy_only_canvas,C:\Users\Dk\Desktop\SCI\DRL_PF\checkpoint_store\ablations\F5_ablation_occupancy_only_canvas.pt
F5,3,20261325,20.644796718155547,600,0.7793,0,0.8352745424292846,max_episode_steps,7.361666679382324,664.3499755859375,12.34666633605957,93.11083221435547,0.01843537576496601,0.13470596075057983,7.361666679382324,7.361666679382324,0.0,0.0,12.34666633605957,12.34666633605957,0.0,0.0,0.0,4.954999923706055,1.7342321872711182,116.16146338482308,-11.999999999999833,-50.20000000000044,-25.316666666666894,-8.0,0.0,1134.0,216.0,36.09634109324186,6.875493541569878,1.3750987083139758,37.47143980155584,111.89865738904977,4.262805995773324,0.03669724770642202,502.0,496.0,504.0,513.0,2.0,502.0,506.3333333333333,1.0,F,occupancy_only_canvas,C:\Users\Dk\Desktop\SCI\DRL_PF\checkpoint_store\ablations\F5_ablation_occupancy_only_canvas.pt
F5,4,20261326,-57.18374432485888,600,0.38,0,0.9384359400998337,max_episode_steps,3.051666736602783,323.5883483886719,12.826666831970215,106.73846435546875,0.020317459478974342,0.44124120473861694,3.051666736602783,3.051666736602783,0.0,0.0,12.826666831970215,12.826666831970215,0.0,0.0,0.0,6.866666793823242,4.241360664367676,47.48292234180843,-11.999999999999833,-56.40000000000053,-28.266666666666936,-8.0,0.0,466.0,76.0,14.833240696164644,2.419155134996809,0.48383102699936176,15.317071723164004,45.98304615811042,1.4998761836980212,0.03158769742310887,564.0,559.0,568.0,567.0,1.0,564.0,565.3333333333333,1.0,F,occupancy_only_canvas,C:\Users\Dk\Desktop\SCI\DRL_PF\checkpoint_store\ablations\F5_ablation_occupancy_only_canvas.pt
F5,5,20261327,-22.95601777199278,600,0.5483,0,0.8985024958402662,max_episode_steps,3.8483333587646484,664.8683471679688,8.770000457763672,174.58482360839844,0.034478455781936646,0.548458456993103,3.8483333587646484,3.8483333587646484,0.0,0.0,8.770000457763672,8.770000457763672,0.0,0.0,0.0,4.0316667556762695,2.3170833587646484,78.21064889467448,-11.999999999999833,-54.0000000000005,-27.16666666666692,-8.0,0.0,763.0,148.0,24.287044315823223,4.710986315520101,0.9421972631040206,25.229241578927255,75.28983737905206,2.920811515622463,0.03734544536966942,540.0,536.0,544.0,548.0,2.0,540.0,543.3333333333333,1.0,F,occupancy_only_canvas,C:\Users\Dk\Desktop\SCI\DRL_PF\checkpoint_store\ablations\F5_ablation_occupancy_only_canvas.pt
F5,6,20261328,-3.0389684736543483,600,0.6601,0,0.8602329450915142,max_episode_steps,7.5883331298828125,572.9116821289062,14.506667137145996,76.70292663574219,0.016923660412430763,0.5025456547737122,7.5883331298828125,7.5883331298828125,0.0,0.0,14.506667137145996,14.478333473205566,0.028333334252238274,0.021666666492819786,0.021666666492819786,7.011666774749756,1.9453015327453613,94.82769819301309,-11.999999999999833,-51.700000000000465,-26.166666666666906,-8.0,0.0,917.0,220.0,29.189016563053595,7.002817496043396,1.4005634992086795,30.589580062262293,90.48595134546619,4.341746847546908,0.045785639958376714,517.0,510.0,519.0,533.0,3.0,517.0,523.3333333333333,1.0,F,occupancy_only_canvas,C:\Users\Dk\Desktop\SCI\DRL_PF\checkpoint_store\ablations\F5_ablation_occupancy_only_canvas.pt
F5,7,20261329,-21.679366023225587,600,0.554,0,0.9001663893510815,max_episode_steps,3.948333263397217,591.1016845703125,13.59333324432373,149.58355712890625,0.03166288509964943,0.3843401372432709,3.948333263397217,3.948333263397217,0.0,0.0,13.59333324432373,13.59000015258789,0.0033333334140479565,0.0033333334140479565,0.0033333334140479565,4.886666774749756,3.441027879714966,79.45396731010837,-11.999999999999833,-54.1000000000005,-27.033333333333584,-8.0,0.0,785.0,101.0,24.987326065427556,3.2149298504562838,0.6429859700912572,25.630312035518834,77.4607108028255,1.9932565072828965,0.025086934923000476,541.0,534.0,541.0,542.0,0.0,540.0,540.6666666666666,1.0,F,occupancy_only_canvas,C:\Users\Dk\Desktop\SCI\DRL_PF\checkpoint_store\ablations\F5_ablation_occupancy_only_canvas.pt
F5,8,20261330,-30.512018366897998,600,0.4755,0,0.9051580698835274,max_episode_steps,2.890000104904175,579.3833618164062,9.91333293914795,204.33554077148438,0.009009825065732002,0.4298226833343506,2.890000104904175,2.890000104904175,0.0,0.0,9.91333293914795,9.875,0.038333334028720856,0.01666666753590107,0.01666666753590107,6.079999923706055,3.559860944747925,71.20464829976926,-11.999999999999833,-54.4000000000005,-27.316666666666922,-8.0,0.0,698.0,118.0,22.218030055628592,3.756056656968728,0.7512113313937462,22.969241387022336,68.87589317244864,2.3287551273206124,0.0327050997782705,544.0,542.0,551.0,550.0,1.0,544.0,546.3333333333334,1.0,F,occupancy_only_canvas,C:\Users\Dk\Desktop\SCI\DRL_PF\checkpoint_store\ablations\F5_ablation_occupancy_only_canvas.pt
F5,9,20261331,-52.541179990002206,600,0.3149,0,0.9500831946755408,max_episode_steps,2.9683332443237305,383.44000244140625,9.960000038146973,129.59597778320312,0.016708239912986755,0.3173862099647522,2.9683332443237305,2.9683332443237305,0.0,0.0,9.960000038146973,9.960000038146973,0.0,0.0,0.0,5.0366668701171875,3.378194570541382,36.608820009997764,-11.999999999999833,-57.10000000000054,-12.05000000000001,-8.0,0.0,355.0,80.0,11.300000959524567,2.546479089470325,0.5092958178940652,11.809296777418634,35.03000297452616,1.578817035471602,0.04312668463611861,571.0,567.0,574.0,434.0,287.0,1.0,240.99999999999952,1.0,F,occupancy_only_canvas,C:\Users\Dk\Desktop\SCI\DRL_PF\checkpoint_store\ablations\F5_ablation_occupancy_only_canvas.pt
F5,10,20261332,-31.818638043313165,600,0.5016,0,0.9251247920133111,max_episode_steps,3.9033334255218506,419.3666687011719,10.741666793823242,109.7548599243164,0.0359334833920002,0.37242603302001953,3.9033334255218506,3.9033334255218506,0.0,0.0,10.741666793823242,10.741666793823242,0.0,0.0,0.0,4.954999923706055,2.772777795791626,71.6980286233541,-11.999999999999833,-55.60000000000052,-27.91666666666693,-8.0,0.0,708.0,93.0,22.536339941812372,2.960281941509252,0.5920563883018507,23.128396330114228,69.86265381961836,1.8353748037357367,0.025598678777869532,556.0,549.0,556.0,564.0,1.0,555.0,558.3333333333333,1.0,F,occupancy_only_canvas,C:\Users\Dk\Desktop\SCI\DRL_PF\checkpoint_store\ablations\F5_ablation_occupancy_only_canvas.pt
F5,11,20261333,-87.24685836280693,600,0.2016,0,0.9717138103161398,max_episode_steps,2.003333330154419,195.51333618164062,5.988333225250244,98.0281982421875,0.06577853858470917,0.6664136648178101,2.003333330154419,2.003333330154419,0.0,0.0,5.988333225250244,5.988333225250244,0.0,0.0,0.0,3.991666555404663,3.001527786254883,20.386474970527058,-11.999999999999833,-58.40000000000056,-29.233333333333615,-8.0,0.0,200.0,33.0,6.366197723675814,1.0504226244065091,0.2100845248813019,6.576282248557115,19.735212943395027,0.6512620271320358,0.031945788964181994,584.0,577.0,585.0,586.0,0.0,584.0,584.6666666666666,1.0,F,occupancy_only_canvas,C:\Users\Dk\Desktop\SCI\DRL_PF\checkpoint_store\ablations\F5_ablation_occupancy_only_canvas.pt
F5,12,20261334,170.6498008109593,126,0.953,1,0.0,coverage_reached,3.6111111640930176,468.1031799316406,10.563491821289062,145.293212890625,0.047367095947265625,0.5274668335914612,3.6111111640930176,3.6111111640930176,0.0,0.0,10.563491821289062,10.44444465637207,0.1190476194024086,0.0476190485060215,0.0476190485060215,5.047618865966797,3.0337302684783936,153.30313414429253,-2.520000000000002,0.0,-0.13333333333333333,0.0,20.0,1494.0,298.0,47.55549699585835,9.485634608276966,1.8971269216553923,49.45262391751374,147.42204068716086,5.88109345713172,0.038362512873326475,0.0,0.0,1.0,8.0,0.0,0.0,2.6666666666666665,0.0,F,occupancy_only_canvas,C:\Users\Dk\Desktop\SCI\DRL_PF\checkpoint_store\ablations\F5_ablation_occupancy_only_canvas.pt
F5,13,20261335,-37.590822721023386,600,0.4746,0,0.9051580698835274,max_episode_steps,2.863333225250244,374.8933410644531,6.9666666984558105,139.42361450195312,0.009278155863285065,0.12645146250724792,2.863333225250244,2.863333225250244,0.0,0.0,6.9666666984558105,6.9633331298828125,0.0033333334140479565,0.0033333334140479565,0.0033333334140479565,4.12333345413208,2.5783333778381348,64.15917727897723,-11.999999999999833,-54.4000000000005,-27.350000000000254,-8.0,0.0,629.0,106.0,20.02169184096043,3.37408479354818,0.6748169587096364,20.69650879967007,62.06724470697736,2.0919325719998723,0.03260535219932327,544.0,540.0,549.0,552.0,1.0,544.0,547.0,1.0,F,occupancy_only_canvas,C:\Users\Dk\Desktop\SCI\DRL_PF\checkpoint_store\ablations\F5_ablation_occupancy_only_canvas.pt
F5,14,20261336,47.48354811034356,600,0.8827,0,0.8103161397670549,max_episode_steps,8.364999771118164,452.86334228515625,15.300000190734863,57.76174545288086,0.01786470226943493,0.715462327003479,8.364999771118164,8.364999771118164,0.0,0.0,15.300000190734863,15.289999961853027,0.009999999776482582,0.009999999776482582,0.009999999776482582,6.8416666984558105,1.9164612293243408,140.85021477701022,-11.999999999999833,-48.70000000000042,-24.666666666666885,-8.0,0.0,1378.0,247.0,43.86310231612636,7.862254188739627,1.5724508377479265,45.43555315387431,135.9756171799918,4.874597597018574,0.03460837887067395,487.0,485.0,494.0,505.0,5.0,485.0,493.3333333333333,1.0,F,occupancy_only_canvas,C:\Users\Dk\Desktop\SCI\DRL_PF\checkpoint_store\ablations\F5_ablation_occupancy_only_canvas.pt
F5,15,20261337,-86.1631662619139,600,0.2656,0,0.9717138103161398,max_episode_steps,3.9716665744781494,382.2349853515625,8.944999694824219,96.3697280883789,0.03688964247703552,0.241024911403656,3.9716665744781494,3.9716665744781494,0.0,0.0,8.944999694824219,8.944999694824219,0.0,0.0,0.0,3.0216667652130127,2.256805658340454,21.353500404753415,-11.999999999999833,-58.40000000000056,-29.116666666666948,-8.0,0.0,207.0,47.0,6.589014644004468,1.4960564650638162,0.2992112930127632,6.888225937017231,20.42594539641385,0.9275550083395661,0.04343807763401108,584.0,577.0,584.0,583.0,0.0,582.0,582.3333333333333,1.0,F,occupancy_only_canvas,C:\Users\Dk\Desktop\SCI\DRL_PF\checkpoint_store\ablations\F5_ablation_occupancy_only_canvas.pt
F5,16,20261338,-60.104555840481346,600,0.3656,0,0.9384359400998337,max_episode_steps,3.003333330154419,398.82501220703125,8.02833366394043,133.26458740234375,0.006284958217293024,0.6167433857917786,3.003333330154419,3.003333330154419,0.0,0.0,8.02833366394043,8.02833366394043,0.0,0.0,0.0,4.053333282470703,2.68999981880188,44.562110826185965,-11.999999999999833,-56.40000000000053,-28.266666666666936,-8.0,0.0,434.0,88.0,13.814649060376519,2.8011269984173564,0.5602253996834718,14.374874460059983,42.82541208716721,1.7366987390187616,0.03897254207263063,564.0,555.0,564.0,570.0,2.0,562.0,565.3333333333333,1.0,F,occupancy_only_canvas,C:\Users\Dk\Desktop\SCI\DRL_PF\checkpoint_store\ablations\F5_ablation_occupancy_only_canvas.pt
F5,17,20261339,51.03914071088445,600,0.8538,0,0.7870216306156406,max_episode_steps,5.486666679382324,550.9733276367188,13.585000038146973,110.09642028808594,0.008749054744839668,0.12764881551265717,5.486666679382324,5.486666679382324,0.0,0.0,13.585000038146973,13.501667022705078,0.0833333358168602,0.05833333358168602,0.05833333358168602,5.329999923706055,2.671837568283081,142.17247404421764,-11.999999999999833,-47.3000000000004,-23.833333333333538,-8.0,0.0,1389.0,259.0,44.21324319092853,8.244226052160178,1.6488452104320361,45.8620884013606,137.0610538918785,5.1114201523393135,0.03595224875069406,473.0,467.0,479.0,484.0,2.0,472.0,476.6666666666667,1.0,F,occupancy_only_canvas,C:\Users\Dk\Desktop\SCI\DRL_PF\checkpoint_store\ablations\F5_ablation_occupancy_only_canvas.pt
F5,18,20261340,-47.811980322859306,600,0.3903,0,0.9151414309484193,max_episode_steps,3.884999990463257,267.4549865722656,7.886666774749756,72.40805053710938,0.01469387672841549,0.2868148982524872,3.884999990463257,3.884999990463257,0.0,0.0,7.886666774749756,7.886666774749756,0.0,0.0,0.0,3.0933332443237305,2.082777976989746,54.804686343807994,-11.999999999999833,-55.00000000000051,-27.616666666666926,-8.0,0.0,539.0,82.0,17.156902865306318,2.610141066707083,0.5220282133414168,17.678931078647732,53.1863988824496,1.6182874613583917,0.029528267915016195,550.0,541.0,553.0,556.0,3.0,549.0,552.3333333333333,1.0,F,occupancy_only_canvas,C:\Users\Dk\Desktop\SCI\DRL_PF\checkpoint_store\ablations\F5_ablation_occupancy_only_canvas.pt
F5,19,20261341,-22.89019245674745,600,0.5655,0,0.8935108153078203,max_episode_steps,1.9516667127609253,492.30499267578125,8.688333511352539,255.4352569580078,0.036549508571624756,0.5679891705513,1.9516667127609253,1.9516667127609253,0.0,0.0,8.688333511352539,8.683333396911621,0.004999999888241291,0.004999999888241291,0.004999999888241291,7.715000152587891,4.497777462005615,77.77647420991977,-11.999999999999833,-53.70000000000049,-26.966666666666917,-8.0,0.0,764.0,121.0,24.31887530444161,3.851549622823864,0.7703099245647734,25.08918522900637,75.38851344376899,2.3879607661507967,0.030702867292565324,537.0,530.0,539.0,542.0,2.0,537.0,539.3333333333334,1.0,F,occupancy_only_canvas,C:\Users\Dk\Desktop\SCI\DRL_PF\checkpoint_store\ablations\F5_ablation_occupancy_only_canvas.pt
F5,20,20261342,174.82885279768863,116,0.9502,1,0.0,coverage_reached,5.043103218078613,491.7069091796875,12.801724433898926,164.38006591796875,0.0520564466714859,0.6728286743164062,5.043103218078613,5.043103218078613,0.0,0.0,12.801724433898926,12.689655303955078,0.11206896603107452,0.06896551698446274,0.06896551698446274,5.818965435028076,3.425980567932129,157.34885279768852,-2.3200000000000016,0.0,-0.19999999999999998,0.0,20.0,1541.0,268.0,49.05155346092216,8.53070494972559,1.7061409899451185,50.75769445086724,152.05981572885872,5.2890370688298685,0.03361344537815126,0.0,0.0,0.0,11.0,1.0,0.0,4.0,0.0,F,occupancy_only_canvas,C:\Users\Dk\Desktop\SCI\DRL_PF\checkpoint_store\ablations\F5_ablation_occupancy_only_canvas.pt
F5,21,20261343,-37.72758336819313,600,0.4811,0,0.8985024958402662,max_episode_steps,2.049999952316284,237.4983367919922,5.191666603088379,117.36804962158203,0.003771731164306402,0.06320090591907501,2.049999952316284,2.049999952316284,0.0,0.0,5.191666603088379,5.191666603088379,0.0,0.0,0.0,4.058333396911621,2.563638925552368,63.172416631807465,-11.999999999999833,-53.800000000000495,-27.10000000000025,-8.0,0.0,615.0,126.0,19.57605800030313,4.01070456591576,0.8021409131831525,20.378198913486287,60.685779800939706,2.486636830867772,0.039362699156513574,538.0,540.0,548.0,552.0,0.0,537.0,542.0,1.0,F,occupancy_only_canvas,C:\Users\Dk\Desktop\SCI\DRL_PF\checkpoint_store\ablations\F5_ablation_occupancy_only_canvas.pt
F5,22,20261344,-61.653528764607024,600,0.379,0,0.9351081530782029,max_episode_steps,4.8433332443237305,492.6400146484375,10.783333778381348,103.16452026367188,0.035090699791908264,0.10851196199655533,4.8433332443237305,4.8433332443237305,0.0,0.0,10.783333778381348,10.783333778381348,0.0,0.0,0.0,4.003333568572998,2.258500099182129,42.74647123539362,-11.999999999999833,-56.20000000000053,-28.200000000000266,-8.0,0.0,416.0,86.0,13.241691265245693,2.7374650211805984,0.54749300423612,13.789184269481813,41.04924292226166,1.6972283131319716,0.03970452446906738,562.0,556.0,564.0,568.0,0.0,562.0,564.0,1.0,F,occupancy_only_canvas,C:\Users\Dk\Desktop\SCI\DRL_PF\checkpoint_store\ablations\F5_ablation_occupancy_only_canvas.pt
F5,23,20261345,32.66896095811725,600,0.7941,0,0.8169717138103162,max_episode_steps,2.8983333110809326,604.5083618164062,8.34333324432373,207.7762451171875,0.010532880201935768,0.21586868166923523,2.8983333110809326,2.8983333110809326,0.0,0.0,8.34333324432373,8.34333324432373,0.0,0.0,0.0,3.928333282470703,2.8652780055999756,126.28562762478478,-11.999999999999833,-48.900000000000425,-24.716666666666885,-8.0,0.0,1239.0,204.0,39.43859489817167,6.493521678149331,1.2987043356298655,40.73729923380152,122.25964418433219,4.0259834404525865,0.03187998124706986,489.0,484.0,500.0,503.0,2.0,489.0,494.3333333333333,1.0,F,occupancy_only_canvas,C:\Users\Dk\Desktop\SCI\DRL_PF\checkpoint_store\ablations\F5_ablation_occupancy_only_canvas.pt
F5,24,20261346,51.94954646869594,600,0.9046,0,0.7920133111480865,max_episode_steps,8.404999732971191,436.6616516113281,11.789999961853027,55.75131607055664,0.014266818761825562,0.2921323776245117,8.404999732971191,8.404999732971191,0.0,0.0,11.789999961853027,11.789999961853027,0.0,0.0,0.0,2.4816665649414062,1.4720582962036133,143.63287980202898,-11.999999999999833,-47.600000000000406,-24.08333333333354,-8.0,0.0,1396.0,298.0,44.43606011125718,9.48563460827696,1.8971269216553925,46.333187032912576,137.75178634489728,5.881093457131718,0.04094531464688101,476.0,470.0,481.0,492.0,1.0,476.0,481.66666666666663,1.0,F,occupancy_only_canvas,C:\Users\Dk\Desktop\SCI\DRL_PF\checkpoint_store\ablations\F5_ablation_occupancy_only_canvas.pt
F5,25,20261347,-30.954978014772216,600,0.4959,0,0.9068219633943427,max_episode_steps,2.8949999809265137,532.82666015625,11.691666603088379,186.96139526367188,0.028979593887925148,0.8703317046165466,2.8949999809265137,2.8949999809265137,0.0,0.0,11.691666603088379,9.841666221618652,1.850000023841858,0.9316666722297668,0.9316666722297668,9.793333053588867,4.130277633666992,70.9283553185617,-11.999999999999833,-54.500000000000504,-27.38333333333359,-8.0,0.0,688.0,154.0,21.899720169444794,4.901972247230375,0.9803944494460757,22.880114618890882,67.8891325252789,3.0392227932828333,0.04284919309961045,545.0,538.0,545.0,552.0,1.0,545.0,547.6666666666666,1.0,F,occupancy_only_canvas,C:\Users\Dk\Desktop\SCI\DRL_PF\checkpoint_store\ablations\F5_ablation_occupancy_only_canvas.pt
F5,26,20261348,12.057269309061697,600,0.7163,0,0.8469217970049917,max_episode_steps,3.75,648.9633178710938,11.414999961853027,175.26414489746094,0.025045352056622505,0.717736005783081,3.75,3.75,0.0,0.0,11.414999961853027,11.414999961853027,0.0,0.0,0.0,5.885000228881836,3.14775013923645,108.5239359757292,-11.999999999999833,-50.90000000000045,-25.566666666666897,-8.0,0.0,1053.0,234.0,33.51803101515317,7.448451336700704,1.4896902673401407,35.00772128249331,103.90589614697477,4.618039828754438,0.042553191489361736,509.0,502.0,510.0,514.0,2.0,509.0,511.3333333333333,1.0,F,occupancy_only_canvas,C:\Users\Dk\Desktop\SCI\DRL_PF\checkpoint_store\ablations\F5_ablation_occupancy_only_canvas.pt
F5,27,20261349,-57.167733285160615,600,0.3533,0,0.9068219633943427,max_episode_steps,2.9783332347869873,425.01666259765625,6.980000019073486,142.74888610839844,0.014467122033238411,0.2490359991788864,2.9783332347869873,2.9783332347869873,0.0,0.0,6.980000019073486,6.980000019073486,0.0,0.0,0.0,3.9700000286102295,2.3491666316986084,44.798933381506714,-11.999999999999833,-54.500000000000504,-27.466666666666924,-8.0,0.0,436.0,90.0,13.878311037613278,2.864788975654115,0.5729577951308235,14.451268832744091,43.02276421660117,1.7761691649055518,0.03964757709251099,545.0,545.0,556.0,555.0,3.0,545.0,549.3333333333333,1.0,F,occupancy_only_canvas,C:\Users\Dk\Desktop\SCI\DRL_PF\checkpoint_store\ablations\F5_ablation_occupancy_only_canvas.pt
F5,28,20261350,56.63124632599151,600,0.9195,0,0.78369384359401,max_episode_steps,9.12833309173584,412.89166259765625,17.954999923706055,53.696922302246094,0.02023809775710106,0.12973660230636597,9.12833309173584,9.12833309173584,0.0,0.0,17.954999923706055,17.90333366394043,0.05166666582226753,0.023333333432674408,0.023333333432674408,5.256666660308838,2.083603620529175,147.481246325991,-11.999999999999833,-47.1000000000004,-23.750000000000203,-8.0,0.0,1430.0,323.0,45.51831372428208,10.281409323736447,2.056281864747288,47.574595589029315,141.10677254527448,6.374473780716597,0.04322226682724476,471.0,467.0,474.0,483.0,0.0,471.0,475.0,1.0,F,occupancy_only_canvas,C:\Users\Dk\Desktop\SCI\DRL_PF\checkpoint_store\ablations\F5_ablation_occupancy_only_canvas.pt
F5,29,20261351,-38.06669502652026,600,0.4401,0,0.9101497504159733,max_episode_steps,1.940000057220459,395.72332763671875,9.743332862854004,208.36000061035156,0.022346938028931618,0.9112192988395691,1.940000057220459,1.940000057220459,0.0,0.0,9.743332862854004,9.741666793823242,0.0016666667070239782,0.0016666667070239782,0.0016666667070239782,7.868333339691162,5.056666851043701,64.09997164014702,-11.999999999999833,-54.70000000000051,-27.466666666666924,-8.0,0.0,632.0,88.0,20.11718480681557,2.801126998417357,0.5602253996834716,20.677410206499037,62.363272901128276,1.7366987390187618,0.0270935960591133,547.0,543.0,554.0,553.0,1.0,547.0,549.3333333333334,1.0,F,occupancy_only_canvas,C:\Users\Dk\Desktop\SCI\DRL_PF\checkpoint_store\ablations\F5_ablation_occupancy_only_canvas.pt
F5,30,20261352,40.611722200192546,600,0.8215,0,0.8136439267886856,max_episode_steps,7.358333110809326,505.5466613769531,16.06833267211914,78.11395263671875,0.018783066421747208,0.5862237811088562,7.358333110809326,7.358333110809326,0.0,0.0,16.06833267211914,16.066667556762695,0.0016666667070239782,0.0016666667070239782,0.0016666667070239782,4.071666717529297,2.2890655994415283,134.27838886685973,-11.999999999999833,-48.900000000000425,-24.766666666666886,-8.0,0.0,1307.0,269.0,41.60310212422145,8.56253593834397,1.7125071876687936,43.31560931189023,128.96961658508647,5.308772281773264,0.039535567313345114,489.0,483.0,494.0,506.0,2.0,489.0,495.3333333333333,1.0,F,occupancy_only_canvas,C:\Users\Dk\Desktop\SCI\DRL_PF\checkpoint_store\ablations\F5_ablation_occupancy_only_canvas.pt
F5,31,20261353,-14.422400260597081,600,0.5184,0,0.8818635607321131,max_episode_steps,6.6533331871032715,414.4166564941406,12.521666526794434,65.38817596435547,0.02015494927763939,0.5582908391952515,6.6533331871032715,6.6533331871032715,0.0,0.0,12.521666526794434,12.521666526794434,0.0,0.0,0.0,3.071666717529297,1.9319443702697754,85.39426640607023,-11.999999999999833,-53.00000000000048,-26.816666666666915,-8.0,0.0,827.0,192.0,26.32422758739949,6.11154981472878,1.2223099629457566,27.546537550345253,81.60510552093847,3.7891608851318446,0.044372544488097965,530.0,522.0,531.0,544.0,5.0,530.0,536.3333333333334,1.0,F,occupancy_only_canvas,C:\Users\Dk\Desktop\SCI\DRL_PF\checkpoint_store\ablations\F5_ablation_occupancy_only_canvas.pt
F5,32,20261354,39.76262545976488,600,0.8037,0,0.8202995008319468,max_episode_steps,6.363333225250244,619.875,14.216666221618652,105.87356567382812,0.01597883552312851,0.2507372498512268,6.363333225250244,6.363333225250244,0.0,0.0,14.216666221618652,14.204999923706055,0.011666666716337204,0.011666666716337204,0.011666666716337204,4.394999980926514,2.3772218227386475,133.96262545976543,-11.999999999999833,-49.30000000000043,-24.90000000000022,-8.0,0.0,1307.0,253.0,41.603102124221444,8.053240120449908,1.6106480240899808,43.21375014831143,128.96961658508647,4.993008874678944,0.037271655863288185,493.0,485.0,499.0,507.0,1.0,493.0,498.0,1.0,F,occupancy_only_canvas,C:\Users\Dk\Desktop\SCI\DRL_PF\checkpoint_store\ablations\F5_ablation_occupancy_only_canvas.pt
F5,33,20261355,-56.81930485304758,600,0.3604,0,0.9384359400998337,max_episode_steps,1.9983333349227905,529.1099853515625,4.980000019073486,265.3158264160156,0.012868481688201427,0.7115039229393005,1.9983333349227905,1.9983333349227905,0.0,0.0,4.980000019073486,4.980000019073486,0.0,0.0,0.0,3.9716665744781494,2.5063886642456055,47.89736181361974,-11.999999999999833,-56.40000000000053,-28.316666666666936,-8.0,0.0,473.0,62.0,15.056057616493298,1.9735212943395015,0.3947042588679004,15.4507618753612,46.67377861112924,1.2235832024904911,0.02554594149155335,564.0,557.0,566.0,570.0,1.0,564.0,566.3333333333334,1.0,F,occupancy_only_canvas,C:\Users\Dk\Desktop\SCI\DRL_PF\checkpoint_store\ablations\F5_ablation_occupancy_only_canvas.pt
F5,34,20261356,-63.45166033731133,600,0.337,0,0.940099833610649,max_episode_steps,2.9549999237060547,262.17498779296875,5.989999771118164,89.54777526855469,0.022498108446598053,0.3092035949230194,2.9549999237060547,2.9549999237060547,0.0,0.0,5.989999771118164,5.989999771118164,0.0,0.0,0.0,3.0233333110809326,2.0511109828948975,41.36500632935597,-11.999999999999833,-56.50000000000053,-28.316666666666936,-8.0,0.0,407.0,61.0,12.955212367680282,1.9416903057211228,0.3883380611442246,13.34355042882451,40.16115833980888,1.2038479895470962,0.029103053435114497,565.0,563.0,570.0,567.0,2.0,565.0,566.3333333333333,1.0,F,occupancy_only_canvas,C:\Users\Dk\Desktop\SCI\DRL_PF\checkpoint_store\ablations\F5_ablation_occupancy_only_canvas.pt
F5,35,20261357,-81.87881853405248,600,0.2643,0,0.9633943427620633,max_episode_steps,1.9733333587646484,325.0966796875,7.983333110809326,165.69500732421875,0.007649281993508339,0.41255491971969604,1.9733333587646484,1.9733333587646484,0.0,0.0,7.983333110809326,7.981666564941406,0.0016666667070239782,0.0016666667070239782,0.0016666667070239782,7.008333206176758,4.087500095367432,25.004514799281495,-11.999999999999833,-57.90000000000055,-28.98333333333361,-8.0,0.0,243.0,52.0,7.734930234266114,1.6552114081557114,0.33104228163114235,8.065972515897254,23.97828372622495,1.0262310730565412,0.04104183109707972,579.0,573.0,580.0,581.0,0.0,579.0,579.6666666666666,1.0,F,occupancy_only_canvas,C:\Users\Dk\Desktop\SCI\DRL_PF\checkpoint_store\ablations\F5_ablation_occupancy_only_canvas.pt
F5,36,20261358,-3.5342537699931533,600,0.5538,0,0.8985024958402662,max_episode_steps,2.984999895095825,688.7733154296875,12.798333168029785,231.6348419189453,0.028786849230527878,0.9484049677848816,2.984999895095825,2.984999895095825,0.0,0.0,12.798333168029785,10.96833324432373,1.8300000429153442,0.92166668176651,0.92166668176651,9.65666675567627,4.330416679382324,85.53241289667405,-11.999999999999833,-54.0000000000005,-15.066666666666698,-8.0,0.0,840.0,134.0,26.738030439438408,4.265352474862793,0.8530704949725593,27.591100934410978,82.88789436225913,2.6445185344149325,0.030918320258421762,540.0,535.0,542.0,544.0,360.0,0.0,301.33333333333326,1.0,F,occupancy_only_canvas,C:\Users\Dk\Desktop\SCI\DRL_PF\checkpoint_store\ablations\F5_ablation_occupancy_only_canvas.pt
F5,37,20261359,-65.03011860522325,600,0.362,0,0.9500831946755408,max_episode_steps,2.9616665840148926,430.84332275390625,6.916666507720947,146.20220947265625,0.02511715516448021,0.5285124778747559,2.9616665840148926,2.9616665840148926,0.0,0.0,6.916666507720947,6.916666507720947,0.0,0.0,0.0,3.006666660308838,2.3416666984558105,40.75321472811072,-11.999999999999833,-57.10000000000054,-28.683333333333607,-8.0,0.0,402.0,55.0,12.796057424588383,1.7507043740108479,0.3501408748021699,13.146198299390555,39.66777801622401,1.085436711886726,0.02663438256658594,571.0,566.0,574.0,577.0,2.0,571.0,573.6666666666666,1.0,F,occupancy_only_canvas,C:\Users\Dk\Desktop\SCI\DRL_PF\checkpoint_store\ablations\F5_ablation_occupancy_only_canvas.pt
F5,38,20261360,-11.770903282207364,600,0.5921,0,0.8885191347753744,max_episode_steps,4.835000038146973,513.1699829101562,10.601666450500488,106.968505859375,0.012834466993808746,0.07954459637403488,4.835000038146973,4.835000038146973,0.0,0.0,10.601666450500488,10.591666221618652,0.009999999776482582,0.006666666828095913,0.006666666828095913,5.809999942779541,2.1924445629119873,88.51243005112669,-11.999999999999833,-53.40000000000049,-26.88333333333358,-8.0,0.0,867.0,150.0,27.597467132134646,4.774648292756857,0.9549296585513722,28.55239679068602,85.55214810961742,2.960281941509252,0.03344481605351169,534.0,528.0,535.0,543.0,2.0,534.0,537.6666666666666,1.0,F,occupancy_only_canvas,C:\Users\Dk\Desktop\SCI\DRL_PF\checkpoint_store\ablations\F5_ablation_occupancy_only_canvas.pt
F5,39,20261361,-69.6546289313978,600,0.2307,0,0.9600665557404326,max_episode_steps,2.994999885559082,473.6783447265625,7.981666564941406,158.04583740234375,0.010408164002001286,0.5074570178985596,2.994999885559082,2.994999885559082,0.0,0.0,7.981666564941406,7.981666564941406,0.0,0.0,0.0,4.993333339691162,2.668055534362793,24.195371068602302,-11.999999999999833,-57.70000000000055,-16.150000000000045,-8.0,0.0,230.0,76.0,7.3211273822271865,2.4191551349968092,0.4838310269993619,7.804958409226548,22.695494884904285,1.4998761836980217,0.06199021207177812,577.0,573.0,580.0,583.0,386.0,0.0,323.00000000000017,1.0,F,occupancy_only_canvas,C:\Users\Dk\Desktop\SCI\DRL_PF\checkpoint_store\ablations\F5_ablation_occupancy_only_canvas.pt
F5,40,20261362,-69.56741106305941,600,0.3654,0,0.9434276206322796,max_episode_steps,2.0166666507720947,429.7483215332031,6.993333339691162,215.0097198486328,0.01933862455189228,0.8022489547729492,2.0166666507720947,2.0166666507720947,0.0,0.0,6.993333339691162,6.993333339691162,0.0,0.0,0.0,5.9716668128967285,3.5080554485321045,35.58258893694124,-11.999999999999833,-56.700000000000536,-28.45000000000027,-8.0,0.0,348.0,63.0,11.077184039195913,2.005352282957881,0.4010704565915762,11.478254495787493,34.33927052150735,1.243318415433886,0.03494176372712145,567.0,561.0,568.0,574.0,1.0,566.0,569.0,1.0,F,occupancy_only_canvas,C:\Users\Dk\Desktop\SCI\DRL_PF\checkpoint_store\ablations\F5_ablation_occupancy_only_canvas.pt
F5,41,20261363,28.588819987362598,600,0.7871,0,0.8419301164725458,max_episode_steps,4.795000076293945,450.8166809082031,11.694999694824219,96.02786254882812,0.022267572581768036,0.3780100643634796,4.795000076293945,4.795000076293945,0.0,0.0,11.694999694824219,11.694999694824219,0.0,0.0,0.0,4.0,2.4571664333343506,124.80548665403019,-11.999999999999833,-50.60000000000045,-25.616666666666898,-8.0,0.0,1223.0,209.0,38.929299080277595,6.652676621241221,1.3305353242482456,40.25983440452583,120.68082714886064,4.124659505169559,0.03304870335230864,506.0,502.0,512.0,520.0,5.0,506.0,512.3333333333334,1.0,F,occupancy_only_canvas,C:\Users\Dk\Desktop\SCI\DRL_PF\checkpoint_store\ablations\F5_ablation_occupancy_only_canvas.pt
F5,42,20261364,20.296541329149335,600,0.7166,0,0.8402662229617305,max_episode_steps,10.12833309173584,749.711669921875,19.0483341217041,81.09713745117188,0.02390400320291519,0.3331613540649414,10.12833309173584,10.12833309173584,0.0,0.0,19.0483341217041,19.030000686645508,0.018333332613110542,0.018333332613110542,0.018333332613110542,5.193333148956299,2.0633280277252197,116.27987466248345,-11.999999999999833,-50.50000000000045,-25.48333333333356,-8.0,0.0,1134.0,222.0,36.096341093241854,7.066479473280155,1.413295894656031,37.5096369878979,111.89865738904973,4.381217273433696,0.03767820773930756,505.0,500.0,507.0,517.0,2.0,505.0,509.6666666666667,1.0,F,occupancy_only_canvas,C:\Users\Dk\Desktop\SCI\DRL_PF\checkpoint_store\ablations\F5_ablation_occupancy_only_canvas.pt
F5,43,20261365,-48.61029762001659,600,0.4061,0,0.9334442595673876,max_episode_steps,4.931666851043701,408.7266540527344,6.014999866485596,83.02993774414062,0.006640211679041386,0.7238587737083435,4.931666851043701,4.931666851043701,0.0,0.0,6.014999866485596,6.014999866485596,0.0,0.0,0.0,2.0816667079925537,1.2366943359375,55.673035713317354,-11.999999999999833,-56.10000000000053,-28.1833333333336,-8.0,0.0,547.0,86.0,17.411550774253342,2.7374650211805993,0.5474930042361201,17.959043778489463,53.97580740018539,1.697228313131972,0.030485643388869197,561.0,554.0,561.0,567.0,2.0,561.0,563.6666666666666,1.0,F,occupancy_only_canvas,C:\Users\Dk\Desktop\SCI\DRL_PF\checkpoint_store\ablations\F5_ablation_occupancy_only_canvas.pt
F5,44,20261366,64.93724692089737,600,0.9478,0,0.7687188019966722,max_episode_steps,10.958333015441895,305.28167724609375,19.296667098999023,34.43244171142578,0.009852607734501362,0.11696070432662964,10.958333015441895,10.958333015441895,0.0,0.0,19.296667098999023,19.295000076293945,0.0016666667070239782,0.0016666667070239782,0.0016666667070239782,3.5816667079925537,1.877232313156128,154.48724692089613,-11.999999999999833,-46.20000000000039,-23.350000000000197,-8.0,0.0,1498.0,338.0,47.682820950331845,10.758874153012131,2.1517748306024265,49.834595780934265,147.81674494602868,6.670501974867523,0.04317833418497705,462.0,457.0,466.0,476.0,1.0,462.0,467.0,1.0,F,occupancy_only_canvas,C:\Users\Dk\Desktop\SCI\DRL_PF\checkpoint_store\ablations\F5_ablation_occupancy_only_canvas.pt
F5,45,20261367,-72.68244425368809,600,0.3075,0,0.9351081530782029,max_episode_steps,2.941666603088379,726.461669921875,8.880000114440918,246.6414031982422,0.013076341710984707,0.6490455269813538,2.941666603088379,2.941666603088379,0.0,0.0,8.880000114440918,8.880000114440918,0.0,0.0,0.0,4.965000152587891,3.045555591583252,31.734222412979193,-11.999999999999833,-56.20000000000053,-28.216666666666935,-8.0,0.0,301.0,103.0,9.581127574132104,3.278591827693042,0.6557183655386088,10.23684593967071,29.70149547980953,2.0327269331696867,0.06405472636815913,562.0,555.0,563.0,567.0,2.0,562.0,564.3333333333333,1.0,F,occupancy_only_canvas,C:\Users\Dk\Desktop\SCI\DRL_PF\checkpoint_store\ablations\F5_ablation_occupancy_only_canvas.pt
F5,46,20261368,-43.48076304942561,600,0.4563,0,0.9201331114808652,max_episode_steps,2.9783332347869873,385.288330078125,6.925000190734863,129.4351348876953,0.02618291601538658,0.3488371968269348,2.9783332347869873,2.9783332347869873,0.0,0.0,6.925000190734863,6.925000190734863,0.0,0.0,0.0,3.0,2.326944589614868,59.18590361724167,-11.999999999999833,-55.10000000000051,-27.566666666666926,-8.0,0.0,584.0,79.0,18.58929735313337,2.5146481008519457,0.5029296201703892,19.092226973303763,57.626821794713464,1.5590818225282064,0.026342114038012666,551.0,558.0,565.0,557.0,1.0,548.0,551.3333333333333,1.0,F,occupancy_only_canvas,C:\Users\Dk\Desktop\SCI\DRL_PF\checkpoint_store\ablations\F5_ablation_occupancy_only_canvas.pt
F5,47,20261369,3.9337606960685463,600,0.6628,0,0.8552412645590682,max_episode_steps,5.0333333015441895,399.239990234375,12.548333168029785,79.95297241210938,0.012482994236052036,0.7162386178970337,5.0333333015441895,5.0333333015441895,0.0,0.0,12.548333168029785,12.548333168029785,0.0,0.0,0.0,5.679999828338623,2.5068728923797607,101.08376069606928,-11.999999999999833,-51.40000000000046,-25.75000000000023,-8.0,0.0,991.0,167.0,31.544509720813654,5.315775099269303,1.063155019853862,32.607664740667516,97.78798013452239,3.2957805615469717,0.032604451386177284,514.0,506.0,515.0,521.0,0.0,512.0,515.0,1.0,F,occupancy_only_canvas,C:\Users\Dk\Desktop\SCI\DRL_PF\checkpoint_store\ablations\F5_ablation_occupancy_only_canvas.pt
F5,48,20261370,-14.96262476706131,600,0.5154,0,0.8851913477537438,max_episode_steps,3.859999895095825,466.510009765625,11.979999542236328,122.3577880859375,0.0375359021127224,0.6915767192840576,3.859999895095825,3.859999895095825,0.0,0.0,11.979999542236328,11.91333293914795,0.06666667014360428,0.029999999329447746,0.029999999329447746,7.920000076293945,3.1845834255218506,73.23737523293893,-11.999999999999833,-53.200000000000486,-15.00000000000003,-8.0,0.0,710.0,161.0,22.600001919049138,5.124789167559028,1.024957833511806,23.624959752560937,70.06000594905234,3.177369283886597,0.04338453247103204,532.0,523.0,541.0,541.0,355.0,2.0,299.99999999999994,1.0,F,occupancy_only_canvas,C:\Users\Dk\Desktop\SCI\DRL_PF\checkpoint_store\ablations\F5_ablation_occupancy_only_canvas.pt
F5,49,20261371,-16.319690481880016,600,0.5846,0,0.8935108153078203,max_episode_steps,2.861666679382324,785.885009765625,10.698333740234375,278.6739196777344,0.014058958739042282,0.5830286741256714,2.861666679382324,2.861666679382324,0.0,0.0,10.698333740234375,9.771666526794434,0.9266666769981384,0.9200000166893005,0.9200000166893005,8.835000038146973,3.840277910232544,84.44697618478727,-11.999999999999833,-53.70000000000049,-27.06666666666692,-8.0,0.0,825.0,154.0,26.260565610162725,4.9019722472303755,0.9803944494460753,27.240960059608817,81.40775339150449,3.039222793282833,0.03598971722365037,537.0,534.0,541.0,547.0,3.0,537.0,541.3333333333333,1.0,F,occupancy_only_canvas,C:\Users\Dk\Desktop\SCI\DRL_PF\checkpoint_store\ablations\F5_ablation_occupancy_only_canvas.pt
F5,50,20261372,36.92662039175258,600,0.7613,0,0.8435940099833611,max_episode_steps,8.475000381469727,673.5650024414062,15.579999923706055,79.3568344116211,0.014501134864985943,0.311926931142807,8.475000381469727,8.475000381469727,0.0,0.0,15.579999923706055,15.579999923706055,0.0,0.0,0.0,5.8466668128967285,1.8971614837646484,118.50995372508709,-11.999999999999833,-50.70000000000045,-10.883333333333335,-8.0,0.0,1156.0,225.0,36.796622842846205,7.1619724391352895,1.4323944878270578,38.229017330673265,114.06953081282325,4.44042291226388,0.037468776019983344,507.0,503.0,511.0,394.0,257.0,1.0,217.66666666666632,1.0,F,occupancy_only_canvas,C:\Users\Dk\Desktop\SCI\DRL_PF\checkpoint_store\ablations\F5_ablation_occupancy_only_canvas.pt
F5,51,20261373,50.66381289740025,600,0.9274,0,0.7737104825291181,max_episode_steps,9.03499984741211,387.2650146484375,14.258333206176758,47.77616500854492,0.01284958329051733,0.20436573028564453,9.03499984741211,9.03499984741211,0.0,0.0,14.258333206176758,14.25333309173584,0.004999999888241291,0.004999999888241291,0.004999999888241291,3.3566665649414062,1.646991491317749,140.83047956406688,-11.999999999999833,-46.50000000000039,-23.66666666666687,-8.0,0.0,1364.0,316.0,43.41746847546908,10.058592403407792,2.0117184806815573,45.42918695615062,134.59415227395405,6.236327290112831,0.04428251121076236,465.0,460.0,472.0,485.0,5.0,465.0,473.3333333333333,1.0,F,occupancy_only_canvas,C:\Users\Dk\Desktop\SCI\DRL_PF\checkpoint_store\ablations\F5_ablation_occupancy_only_canvas.pt
F5,52,20261374,-3.5804803699435066,600,0.6362,0,0.8469217970049917,max_episode_steps,3.875,453.8999938964844,11.591666221618652,118.04786682128906,0.018605442717671394,0.3968201279640198,3.875,3.875,0.0,0.0,11.591666221618652,11.58666706085205,0.004999999888241291,0.004999999888241291,0.004999999888241291,4.99833345413208,2.9977779388427734,92.95285296339053,-11.999999999999833,-50.90000000000045,-25.633333333333564,-8.0,0.0,900.0,210.0,28.64788975654116,6.684507609859603,1.3369015219719214,29.984791278513082,88.80845824527759,4.144394718112956,0.044585987261146515,509.0,502.0,515.0,519.0,1.0,509.0,512.6666666666667,1.0,F,occupancy_only_canvas,C:\Users\Dk\Desktop\SCI\DRL_PF\checkpoint_store\ablations\F5_ablation_occupancy_only_canvas.pt
F5,53,20261375,-54.851982559412534,600,0.3955,0,0.9467554076539102,max_episode_steps,4.90500020980835,479.6116638183594,14.798333168029785,98.3493881225586,0.026523051783442497,0.33197036385536194,4.90500020980835,4.90500020980835,0.0,0.0,14.798333168029785,14.798333168029785,0.0,0.0,0.0,5.965000152587891,3.033444404602051,50.58135077392145,-11.999999999999833,-56.90000000000054,-28.533333333333605,-8.0,0.0,497.0,78.0,15.820001343334399,2.4828171122335667,0.49656342244671353,16.316564765781106,49.04200416433664,1.5393466095848114,0.030433086227077633,569.0,563.0,570.0,576.0,2.0,567.0,570.6666666666666,1.0,F,occupancy_only_canvas,C:\Users\Dk\Desktop\SCI\DRL_PF\checkpoint_store\ablations\F5_ablation_occupancy_only_canvas.pt
F5,54,20261376,-56.707451343651336,600,0.3566,0,0.9351081530782029,max_episode_steps,3.9233334064483643,353.61334228515625,8.936666488647461,91.35832977294922,0.05841647461056709,0.575294554233551,3.9233334064483643,3.9233334064483643,0.0,0.0,8.936666488647461,8.936666488647461,0.0,0.0,0.0,5.005000114440918,2.305972099304199,47.75921532301595,-11.999999999999833,-56.20000000000053,-28.266666666666936,-8.0,0.0,464.0,100.0,14.769578718927884,3.1830988618379057,0.6366197723675814,15.40619849129547,45.78569402867647,1.973521294339502,0.041322314049586764,562.0,555.0,563.0,571.0,1.0,562.0,565.3333333333333,1.0,F,occupancy_only_canvas,C:\Users\Dk\Desktop\SCI\DRL_PF\checkpoint_store\ablations\F5_ablation_occupancy_only_canvas.pt
F5,55,20261377,74.03400533151202,600,0.9423,0,0.7437603993344426,max_episode_steps,8.619999885559082,329.1383361816406,14.283333778381348,67.48471069335938,0.020774753764271736,0.49321115016937256,8.619999885559082,8.619999885559082,0.0,0.0,14.283333778381348,14.149999618530273,0.13333334028720856,0.10166666656732559,0.10166666656732559,4.164999961853027,2.129836320877075,151.2506719981795,-11.999999999999833,-44.50000000000036,-12.716666666666681,-8.0,0.0,1456.0,384.0,46.34591942835992,12.223099629457561,2.4446199258915136,48.790539354251436,143.67235022791576,7.578321770263693,0.050104384133611714,445.0,448.0,458.0,463.0,300.0,0.0,254.33333333333277,1.0,F,occupancy_only_canvas,C:\Users\Dk\Desktop\SCI\DRL_PF\checkpoint_store\ablations\F5_ablation_occupancy_only_canvas.pt
F5,56,20261378,59.17179305455775,600,0.9445,0,0.7886855241264559,max_episode_steps,9.125,337.5199890136719,16.645000457763672,42.625099182128906,0.017498111352324486,0.2240736335515976,9.125,9.125,0.0,0.0,16.645000457763672,16.645000457763672,0.0,0.0,0.0,3.9583332538604736,1.854017734527588,150.42179305455687,-11.999999999999833,-47.400000000000404,-23.850000000000204,-8.0,0.0,1463.0,307.0,46.56873634868859,9.772113505842366,1.9544227011684754,48.523159049857064,144.36308268093458,6.058710373622271,0.0402781422198898,474.0,468.0,476.0,486.0,1.0,472.0,477.0,1.0,F,occupancy_only_canvas,C:\Users\Dk\Desktop\SCI\DRL_PF\checkpoint_store\ablations\F5_ablation_occupancy_only_canvas.pt
F5,57,20261379,-39.047801164998205,600,0.4685,0,0.9168053244592346,max_episode_steps,3.9633333683013916,498.8166809082031,11.876667022705078,126.31887817382812,0.020619802176952362,0.4858766794204712,3.9633333683013916,3.9633333683013916,0.0,0.0,11.876667022705078,11.876667022705078,0.0,0.0,0.0,5.936666488647461,3.0275275707244873,63.68553216833573,-11.999999999999833,-55.10000000000051,-27.633333333333592,-8.0,0.0,619.0,132.0,19.70338195477664,4.201690497626035,0.8403380995252078,20.543720054301858,61.0804840598076,2.605048108528143,0.04090486519987604,551.0,545.0,552.0,555.0,1.0,551.0,552.6666666666666,1.0,F,occupancy_only_canvas,C:\Users\Dk\Desktop\SCI\DRL_PF\checkpoint_store\ablations\F5_ablation_occupancy_only_canvas.pt
F5,58,20261380,-42.0589244579288,600,0.4209,0,0.9101497504159733,max_episode_steps,1.0583332777023315,436.0666809082031,5.119999885559082,426.7986145019531,0.003938020206987858,0.06400597840547562,1.0583332777023315,1.0583332777023315,0.0,0.0,5.119999885559082,5.119999885559082,0.0,0.0,0.0,5.0316667556762695,4.960833549499512,60.29107554207177,-11.999999999999833,-54.70000000000051,-27.650000000000258,-8.0,0.0,586.0,125.0,18.652959330370134,3.978873577297382,0.795774715459477,19.44873404582961,57.824173924147416,2.466901617924378,0.04091653027823241,547.0,543.0,550.0,562.0,3.0,547.0,553.0,1.0,F,occupancy_only_canvas,C:\Users\Dk\Desktop\SCI\DRL_PF\checkpoint_store\ablations\F5_ablation_occupancy_only_canvas.pt
F5,59,20261381,-23.853852485288336,600,0.5148,0,0.9118136439267887,max_episode_steps,3.93833327293396,537.8983154296875,8.87166690826416,136.82403564453125,0.00409674970433116,0.03746604919433594,3.93833327293396,3.93833327293396,0.0,0.0,8.87166690826416,8.87166690826416,0.0,0.0,0.0,4.00166654586792,2.2598612308502197,78.54614751471216,-11.999999999999833,-54.80000000000051,-27.600000000000257,-8.0,0.0,779.0,85.0,24.796340133717283,2.705634032562219,0.541126806512444,25.337466940229746,76.86865441452359,1.6774931001885762,0.02135678391959799,548.0,546.0,553.0,556.0,4.0,548.0,552.0,1.0,F,occupancy_only_canvas,C:\Users\Dk\Desktop\SCI\DRL_PF\checkpoint_store\ablations\F5_ablation_occupancy_only_canvas.pt
F5,60,20261382,31.103161005564203,600,0.7168,0,0.8386023294509152,max_episode_steps,5.735000133514404,280.1000061035156,12.6850004196167,51.134246826171875,0.013068784028291702,0.49563485383987427,5.735000133514404,5.735000133514404,0.0,0.0,12.6850004196167,12.681666374206543,0.0033333334140479565,0.0033333334140479565,0.0033333334140479565,6.019999980926514,2.2365832328796387,115.78649433889855,-11.999999999999833,-50.400000000000446,-14.28333333333336,-8.0,0.0,1132.0,207.0,36.032679116005106,6.589014644004468,1.3178029288008937,37.350482044806,111.70130525961585,4.085189079282772,0.03528208624509972,504.0,498.0,509.0,519.0,338.0,0.0,285.6666666666664,1.0,F,occupancy_only_canvas,C:\Users\Dk\Desktop\SCI\DRL_PF\checkpoint_store\ablations\F5_ablation_occupancy_only_canvas.pt
F5,61,20261383,-47.01811741541273,600,0.4053,0,0.9051580698835274,max_episode_steps,5.806666851043701,305.6666564941406,8.801666259765625,53.704193115234375,0.019633406773209572,0.5279578566551208,5.806666851043701,5.806666851043701,0.0,0.0,8.801666259765625,8.801666259765625,0.0,0.0,0.0,3.009999990463257,1.534999966621399,54.7652159179212,-11.999999999999833,-54.4000000000005,-27.38333333333359,-8.0,0.0,528.0,135.0,16.806761990504146,4.297183463481173,0.8594366926962349,17.66619868320038,52.100962170562894,2.664253747358327,0.0486486486486486,544.0,542.0,552.0,555.0,2.0,543.0,547.6666666666667,1.0,F,occupancy_only_canvas,C:\Users\Dk\Desktop\SCI\DRL_PF\checkpoint_store\ablations\F5_ablation_occupancy_only_canvas.pt
F5,62,20261384,41.60594387519873,600,0.8582,0,0.8136439267886856,max_episode_steps,7.635000228881836,531.9299926757812,13.40666675567627,72.11883544921875,0.01139833778142929,0.517917275428772,7.635000228881836,7.635000228881836,0.0,0.0,13.40666675567627,13.40666675567627,0.0,0.0,0.0,3.069999933242798,1.766523838043213,135.20594387519938,-11.999999999999833,-48.900000000000425,-24.700000000000216,-8.0,0.0,1319.0,256.0,41.98507398764201,8.14873308630504,1.629746617261009,43.61482060490301,130.15372936169027,5.052214513509128,0.03736680776528972,489.0,483.0,490.0,502.0,2.0,489.0,494.0,1.0,F,occupancy_only_canvas,C:\Users\Dk\Desktop\SCI\DRL_PF\checkpoint_store\ablations\F5_ablation_occupancy_only_canvas.pt
F5,63,20261385,53.23120978053129,600,0.8666,0,0.8302828618968386,max_episode_steps,9.00333309173584,511.8550109863281,14.053333282470703,67.03904724121094,0.013163265772163868,0.15340976417064667,9.00333309173584,9.00333309173584,0.0,0.0,14.053333282470703,14.053333282470703,0.0,0.0,0.0,3.3483333587646484,1.70995032787323,137.29787644719914,-11.999999999999833,-49.90000000000044,-14.166666666666691,-8.0,0.0,1338.0,267.0,42.58986277139119,8.498873961107204,1.6997747922214423,44.28963756361265,132.02857459131278,5.2693018558864715,0.038378611470461385,499.0,492.0,501.0,513.0,335.0,1.0,283.3333333333331,1.0,F,occupancy_only_canvas,C:\Users\Dk\Desktop\SCI\DRL_PF\checkpoint_store\ablations\F5_ablation_occupancy_only_canvas.pt
F5,64,20261386,33.560077541388026,600,0.7718,0,0.8219633943427621,max_episode_steps,4.739999771118164,598.4749755859375,12.493332862854004,127.74158477783203,0.02272864803671837,0.7804227471351624,4.739999771118164,4.739999771118164,0.0,0.0,12.493332862854004,12.486666679382324,0.006666666828095913,0.006666666828095913,0.006666666828095913,7.746666431427002,2.682499885559082,117.0100775413891,-11.999999999999833,-49.40000000000043,-14.050000000000024,-8.0,0.0,1133.0,264.0,36.06451010462349,8.403380995252075,1.680676199050415,37.745186303673904,111.79998132433282,5.2100962170562894,0.04452690166975883,494.0,487.0,498.0,512.0,329.0,1.0,280.9999999999997,1.0,F,occupancy_only_canvas,C:\Users\Dk\Desktop\SCI\DRL_PF\checkpoint_store\ablations\F5_ablation_occupancy_only_canvas.pt
F5,65,20261387,-9.815793265528214,600,0.6017,0,0.8885191347753744,max_episode_steps,5.826666831970215,607.9749755859375,12.574999809265137,104.2638168334961,0.01733560301363468,0.6391932368278503,5.826666831970215,5.826666831970215,0.0,0.0,12.574999809265137,12.574999809265137,0.0,0.0,0.0,6.756666660308838,2.1838648319244385,90.3675400678058,-11.999999999999833,-53.40000000000049,-26.78333333333358,-8.0,0.0,883.0,164.0,28.106762950028706,5.220282133414163,1.0440564266828338,29.150819376711556,87.13096514508904,3.2365749227167826,0.035815680279537,534.0,528.0,535.0,538.0,1.0,534.0,535.6666666666666,1.0,F,occupancy_only_canvas,C:\Users\Dk\Desktop\SCI\DRL_PF\checkpoint_store\ablations\F5_ablation_occupancy_only_canvas.pt
F5,66,20261388,30.19850821005447,600,0.7589,0,0.8202995008319468,max_episode_steps,5.648333549499512,565.9450073242188,12.898333549499512,105.00642395019531,0.022150414064526558,0.19431830942630768,5.648333549499512,5.648333549499512,0.0,0.0,12.898333549499512,12.74666690826416,0.15166667103767395,0.10166666656732559,0.10166666656732559,6.4066667556762695,2.4623451232910156,124.33184154338865,-11.999999999999833,-49.30000000000043,-24.833333333333552,-8.0,0.0,1215.0,225.0,38.67465117133057,7.161972439135288,1.4323944878270582,40.1070456591576,119.89141863112471,4.440422912263882,0.03571428571428575,493.0,487.0,497.0,503.0,1.0,493.0,496.6666666666667,1.0,F,occupancy_only_canvas,C:\Users\Dk\Desktop\SCI\DRL_PF\checkpoint_store\ablations\F5_ablation_occupancy_only_canvas.pt
F5,67,20261389,-12.440032094987075,600,0.5957,0,0.8735440931780366,max_episode_steps,1.9866666793823242,697.864990234375,8.779999732971191,352.7813720703125,0.013219955377280712,0.9832016825675964,1.9866666793823242,1.9866666793823242,0.0,0.0,8.779999732971191,8.779999732971191,0.0,0.0,0.0,7.776666641235352,4.461111068725586,86.45996790501358,-11.999999999999833,-52.500000000000476,-26.40000000000024,-8.0,0.0,845.0,156.0,26.897185382530317,4.965634224467132,0.9931268448934275,27.890312227423756,83.38127468584399,3.0786932191696232,0.035608308605341234,525.0,520.0,527.0,533.0,1.0,525.0,528.0,1.0,F,occupancy_only_canvas,C:\Users\Dk\Desktop\SCI\DRL_PF\checkpoint_store\ablations\F5_ablation_occupancy_only_canvas.pt
F5,68,20261390,61.916398859813896,600,0.8697,0,0.8153078202995009,max_episode_steps,6.440000057220459,448.3450012207031,15.933333396911621,77.69296264648438,0.028601663187146187,0.3476405739784241,6.440000057220459,6.440000057220459,0.0,0.0,15.933333396911621,15.914999961853027,0.018333332613110542,0.011666666716337204,0.011666666716337204,5.988333225250244,2.612285852432251,141.38306552648191,-11.999999999999833,-49.000000000000426,-10.466666666666665,-8.0,0.0,1378.0,274.0,43.86310231612637,8.721690881435862,1.7443381762871735,45.60744049241354,135.97561717999176,5.407448346490239,0.038246789503070915,490.0,487.0,494.0,381.0,247.0,0.0,209.33333333333303,1.0,F,occupancy_only_canvas,C:\Users\Dk\Desktop\SCI\DRL_PF\checkpoint_store\ablations\F5_ablation_occupancy_only_canvas.pt
F5,69,20261391,3.9511448978544337,600,0.6582,0,0.8768718801996672,max_episode_steps,2.8966667652130127,620.0850219726562,9.563333511352539,214.0191650390625,0.028246408328413963,0.36696726083755493,2.8966667652130127,2.8966667652130127,0.0,0.0,9.563333511352539,9.563333511352539,0.0,0.0,0.0,4.880000114440918,3.327638864517212,103.01781156452206,-11.999999999999833,-52.70000000000048,-26.36666666666691,-8.0,0.0,1013.0,155.0,32.244791470418,4.933803235848752,0.9867606471697513,33.23155211758775,99.9588535582958,3.058958006226228,0.029693486590038305,527.0,520.0,527.0,528.0,0.0,527.0,527.3333333333333,1.0,F,occupancy_only_canvas,C:\Users\Dk\Desktop\SCI\DRL_PF\checkpoint_store\ablations\F5_ablation_occupancy_only_canvas.pt
F5,70,20261392,-15.673662287729082,600,0.5816,0,0.8901830282861897,max_episode_steps,4.861666679382324,561.6699829101562,8.061666488647461,116.87479400634766,0.016621315851807594,0.4426199793815613,4.861666679382324,4.861666679382324,0.0,0.0,8.061666488647461,8.061666488647461,0.0,0.0,0.0,3.133333444595337,1.6931192874908447,84.74300437893822,-11.999999999999833,-53.50000000000049,-26.916666666666917,-8.0,0.0,827.0,159.0,26.324227587399488,5.061127190322272,1.012225438064455,27.336453025463943,81.60510552093842,3.137898857999809,0.03702841173730787,535.0,530.0,538.0,543.0,2.0,535.0,538.3333333333333,1.0,F,occupancy_only_canvas,C:\Users\Dk\Desktop\SCI\DRL_PF\checkpoint_store\ablations\F5_ablation_occupancy_only_canvas.pt
F5,71,20261393,-59.111596192607145,600,0.3729,0,0.930116472545757,max_episode_steps,2.994999885559082,304.86334228515625,9.061666488647461,103.01240539550781,0.02203703671693802,0.9095445871353149,2.994999885559082,2.994999885559082,0.0,0.0,9.061666488647461,9.061666488647461,0.0,0.0,0.0,6.003333568572998,3.0670557022094727,44.8384038073935,-11.999999999999833,-55.900000000000524,-28.050000000000264,-8.0,0.0,435.0,97.0,13.846480048994891,3.0876058959827684,0.6175211791965539,14.464001228191446,42.924088151884185,1.9143156555093168,0.042693661971830964,559.0,553.0,561.0,564.0,1.0,559.0,561.0,1.0,F,occupancy_only_canvas,C:\Users\Dk\Desktop\SCI\DRL_PF\checkpoint_store\ablations\F5_ablation_occupancy_only_canvas.pt
F5,72,20261394,-3.826397429138755,600,0.6081,0,0.8901830282861897,max_episode_steps,5.739999771118164,753.1416625976562,14.606666564941406,132.1626739501953,0.02560468576848507,0.4451296925544739,5.739999771118164,5.739999771118164,0.0,0.0,14.606666564941406,14.598333358764648,0.008333333767950535,0.004999999888241291,0.004999999888241291,6.881666660308838,2.599222183227539,96.62360257086203,-11.999999999999833,-53.50000000000049,-26.950000000000248,-8.0,0.0,954.0,126.0,30.366763141933635,4.01070456591576,0.8021409131831526,31.168904055116787,94.13696573999428,2.4866368308677727,0.02573529411764705,535.0,527.0,535.0,545.0,2.0,535.0,539.0,1.0,F,occupancy_only_canvas,C:\Users\Dk\Desktop\SCI\DRL_PF\checkpoint_store\ablations\F5_ablation_occupancy_only_canvas.pt
F5,73,20261395,-98.4455090648315,600,0.141,0,0.9733777038269551,max_episode_steps,1.9866666793823242,349.9766540527344,5.989999771118164,176.86000061035156,0.04914209991693497,0.5005260705947876,1.9866666793823242,1.9866666793823242,0.0,0.0,5.989999771118164,5.989999771118164,0.0,0.0,0.0,3.0299999713897705,3.0299999713897705,9.35449093516924,-11.999999999999833,-58.50000000000056,-29.30000000000028,-8.0,0.0,87.0,39.0,2.7692960097989787,1.2414085561167836,0.24828171122335677,3.017577721022336,8.584817630376834,0.7696733047924059,0.08227848101265824,585.0,580.0,587.0,588.0,0.0,585.0,586.0,1.0,F,occupancy_only_canvas,C:\Users\Dk\Desktop\SCI\DRL_PF\checkpoint_store\ablations\F5_ablation_occupancy_only_canvas.pt
F5,74,20261396,16.169716537275335,600,0.7446,0,0.8369384359400999,max_episode_steps,3.818333387374878,566.0166625976562,9.806666374206543,148.82083129882812,0.030219202861189842,0.3127017617225647,3.818333387374878,3.818333387374878,0.0,0.0,9.806666374206543,9.806666374206543,0.0,0.0,0.0,5.073333263397217,2.6095833778381348,111.81971653727622,-11.999999999999833,-50.300000000000445,-25.350000000000225,-8.0,0.0,1090.0,216.0,34.695777594033196,6.875493541569876,1.3750987083139754,36.070876302347166,107.5569105415029,4.262805995773325,0.03812213201553123,503.0,499.0,507.0,515.0,2.0,502.0,507.0,1.0,F,occupancy_only_canvas,C:\Users\Dk\Desktop\SCI\DRL_PF\checkpoint_store\ablations\F5_ablation_occupancy_only_canvas.pt
F5,75,20261397,-2.92200494757901,600,0.626,0,0.8801996672212978,max_episode_steps,3.859999895095825,973.6866455078125,12.595000267028809,253.13941955566406,0.022452758625149727,0.636093020439148,3.859999895095825,3.859999895095825,0.0,0.0,12.595000267028809,12.595000267028809,0.0,0.0,0.0,5.063333511352539,3.305972099304199,96.54466171908848,-11.999999999999833,-52.90000000000048,-26.56666666666691,-8.0,0.0,945.0,167.0,30.08028424436823,5.3157750992693025,1.0631550198538613,31.143439264222074,93.24888115754149,3.2957805615469686,0.03413736713000817,529.0,523.0,530.0,536.0,0.0,529.0,531.3333333333333,1.0,F,occupancy_only_canvas,C:\Users\Dk\Desktop\SCI\DRL_PF\checkpoint_store\ablations\F5_ablation_occupancy_only_canvas.pt
F5,76,20261398,5.931050917351536,600,0.7006,0,0.8419301164725458,max_episode_steps,3.0483334064483643,823.864990234375,7.691666603088379,273.6575927734375,0.010479969903826714,0.7782193422317505,3.0483334064483643,3.0483334064483643,0.0,0.0,7.691666603088379,7.691666603088379,0.0,0.0,0.0,4.743333339691162,2.5492498874664307,102.03105091735222,-11.999999999999833,-50.60000000000045,-25.500000000000227,-8.0,0.0,996.0,190.0,31.703664663905545,6.04788783749202,1.209577567498405,32.91324223140395,98.28136045810724,3.7496904592450533,0.03675048355899418,506.0,500.0,514.0,515.0,3.0,506.0,510.0,1.0,F,occupancy_only_canvas,C:\Users\Dk\Desktop\SCI\DRL_PF\checkpoint_store\ablations\F5_ablation_occupancy_only_canvas.pt
F5,77,20261399,-82.46389647837952,600,0.2743,0,0.9683860232945092,max_episode_steps,4.933333396911621,368.1283264160156,12.864999771118164,75.19888305664062,0.02251322753727436,0.126800537109375,4.933333396911621,4.933333396911621,0.0,0.0,12.864999771118164,12.864999771118164,0.0,0.0,0.0,4.008333206176758,2.616166830062866,24.886103521621116,-11.999999999999833,-58.20000000000056,-29.15000000000028,-8.0,0.0,240.0,61.0,7.639437268410976,1.941690305721123,0.3883380611442247,8.0277753295552,23.682255532074027,1.2038479895470964,0.04837430610626487,582.0,575.0,582.0,585.0,0.0,582.0,583.0,1.0,F,occupancy_only_canvas,C:\Users\Dk\Desktop\SCI\DRL_PF\checkpoint_store\ablations\F5_ablation_occupancy_only_canvas.pt
F5,78,20261400,-68.15887373254388,600,0.3363,0,0.9600665557404326,max_episode_steps,3.9783332347869873,442.7583312988281,8.976666450500488,111.16480255126953,0.004523809067904949,0.5444658398628235,3.9783332347869873,3.9783332347869873,0.0,0.0,8.976666450500488,8.976666450500488,0.0,0.0,0.0,3.015000104904175,2.261666774749756,38.42445960079011,-11.999999999999833,-57.70000000000055,-28.88333333333361,-8.0,0.0,378.0,57.0,12.032113697747288,1.8143663512476065,0.3628732702495214,12.394986967996807,37.2995524630166,1.1249071377735165,0.02927580893682588,577.0,572.0,579.0,579.0,0.0,577.0,577.6666666666666,1.0,F,occupancy_only_canvas,C:\Users\Dk\Desktop\SCI\DRL_PF\checkpoint_store\ablations\F5_ablation_occupancy_only_canvas.pt
F5,79,20261401,11.708432882584347,600,0.6204,0,0.8835274542429284,max_episode_steps,5.746666431427002,422.86334228515625,11.755000114440918,76.46416473388672,0.026352986693382263,0.17931124567985535,5.746666431427002,5.746666431427002,0.0,0.0,11.755000114440918,11.755000114440918,0.0,0.0,0.0,4.023333549499512,2.0827221870422363,99.74176621591845,-11.999999999999833,-53.100000000000485,-14.933333333333364,-8.0,0.0,984.0,134.0,31.321692800484996,4.2653524748627945,0.8530704949725593,32.174763295457566,97.09724768150353,2.6445185344149333,0.026513652552433715,531.0,523.0,532.0,538.0,356.0,1.0,298.6666666666666,1.0,F,occupancy_only_canvas,C:\Users\Dk\Desktop\SCI\DRL_PF\checkpoint_store\ablations\F5_ablation_occupancy_only_canvas.pt
F5,80,20261402,57.81891023273374,600,0.9063,0,0.778702163061564,max_episode_steps,8.898333549499512,356.94500732421875,17.45833396911621,47.10881042480469,0.015158729627728462,0.4670695960521698,8.898333549499512,8.898333549499512,0.0,0.0,17.45833396911621,17.36833381652832,0.09000000357627869,0.04333333298563957,0.04333333298563957,7.648333549499512,2.113259792327881,148.15224356606646,-11.999999999999833,-46.800000000000395,-23.533333333333534,-8.0,0.0,1435.0,332.0,45.67746866737396,10.567888221301851,2.1135776442603715,47.791046311634354,141.60015286885928,6.552090697207149,0.04422538963633942,468.0,461.0,471.0,476.0,0.0,468.0,470.66666666666663,1.0,F,occupancy_only_canvas,C:\Users\Dk\Desktop\SCI\DRL_PF\checkpoint_store\ablations\F5_ablation_occupancy_only_canvas.pt
F5,81,20261403,-16.8560304533391,600,0.5654,0,0.891846921797005,max_episode_steps,3.9549999237060547,380.76666259765625,12.78833293914795,97.11650085449219,0.017369616776704788,0.6548768281936646,3.9549999237060547,3.9549999237060547,0.0,0.0,12.78833293914795,10.993332862854004,1.7949999570846558,0.8983333110809326,0.8983333110809326,9.591666221618652,3.2565832138061523,83.67730287999491,-11.999999999999833,-53.60000000000049,-26.933333333333582,-8.0,0.0,821.0,135.0,26.133241655689226,4.297183463481171,0.8594366926962351,26.992678348385443,81.01304913263658,2.664253747358329,0.03183962264150944,536.0,529.0,536.0,543.0,1.0,536.0,538.6666666666666,1.0,F,occupancy_only_canvas,C:\Users\Dk\Desktop\SCI\DRL_PF\checkpoint_store\ablations\F5_ablation_occupancy_only_canvas.pt
F5,82,20261404,-21.942270472607763,600,0.468,0,0.9317803660565723,max_episode_steps,3.003333330154419,508.98834228515625,5.960000038146973,169.49708557128906,0.025774754583835602,0.7758640646934509,3.003333330154419,3.003333330154419,0.0,0.0,5.960000038146973,5.960000038146973,0.0,0.0,0.0,2.9616665840148926,1.9854166507720947,65.75772952739224,-11.999999999999833,-56.000000000000526,-11.700000000000006,-8.0,0.0,652.0,72.0,20.753804579183157,2.2918311805232916,0.45836623610465843,21.21217081528781,64.33679419546779,1.4209353319244409,0.021608643457382937,560.0,554.0,561.0,421.0,281.0,0.0,233.99999999999955,1.0,F,occupancy_only_canvas,C:\Users\Dk\Desktop\SCI\DRL_PF\checkpoint_store\ablations\F5_ablation_occupancy_only_canvas.pt
F5,83,20261405,4.668356056533874,600,0.6518,0,0.8535773710482529,max_episode_steps,4.666666507720947,313.9033203125,13.256667137145996,75.61433410644531,0.022690854966640472,0.38093188405036926,4.666666507720947,4.666666507720947,0.0,0.0,13.256667137145996,13.244999885559082,0.011666666716337204,0.011666666716337204,0.011666666716337204,5.068333148956299,2.904360771179199,101.73502272320138,-11.999999999999833,-51.30000000000046,-25.7666666666669,-8.0,0.0,999.0,160.0,31.799157629760696,5.092958178940648,1.0185916357881306,32.81774926554884,98.57738865225815,3.1576340709432027,0.03103782735208534,513.0,507.0,516.0,519.0,1.0,513.0,515.3333333333333,1.0,F,occupancy_only_canvas,C:\Users\Dk\Desktop\SCI\DRL_PF\checkpoint_store\ablations\F5_ablation_occupancy_only_canvas.pt
F5,84,20261406,-72.7878638111222,600,0.2901,0,0.9584026622296173,max_episode_steps,2.9633333683013916,270.5033264160156,8.944999694824219,92.9165267944336,0.01328798197209835,0.45471686124801636,2.9633333683013916,2.9633333683013916,0.0,0.0,8.944999694824219,8.944999694824219,0.0,0.0,0.0,5.006666660308838,3.054027795791626,33.62880285554512,-11.999999999999833,-57.60000000000055,-28.816666666666944,-8.0,0.0,329.0,59.0,10.472395255446715,1.8780283284843649,0.3756056656968731,10.848000921143587,32.46442529188482,1.1643775636603066,0.0346244131455399,576.0,567.0,579.0,579.0,2.0,574.0,576.3333333333334,1.0,F,occupancy_only_canvas,C:\Users\Dk\Desktop\SCI\DRL_PF\checkpoint_store\ablations\F5_ablation_occupancy_only_canvas.pt
F5,85,20261407,4.69723500015639,600,0.7141,0,0.8618968386023295,max_episode_steps,5.670000076293945,455.5833435058594,10.470000267028809,85.9154052734375,0.007535903248935938,0.12299690395593643,5.670000076293945,5.670000076293945,0.0,0.0,10.470000267028809,10.470000267028809,0.0,0.0,0.0,3.9166667461395264,1.8593453168869019,102.5639016668239,-11.999999999999833,-51.800000000000466,-26.066666666666904,-8.0,0.0,999.0,202.0,31.79915762976068,6.429859700912572,1.285971940182514,33.08512956994322,98.57738865225814,3.986513014565795,0.03886857802578411,518.0,512.0,519.0,527.0,1.0,518.0,521.3333333333333,1.0,F,occupancy_only_canvas,C:\Users\Dk\Desktop\SCI\DRL_PF\checkpoint_store\ablations\F5_ablation_occupancy_only_canvas.pt
F5,86,20261408,-19.210534069854546,600,0.5631,0,0.8752079866888519,max_episode_steps,3.866666555404663,399.4150085449219,9.87166690826416,106.28394317626953,0.0278873760253191,0.7880635857582092,3.866666555404663,3.866666555404663,0.0,0.0,9.87166690826416,9.87166690826416,0.0,0.0,0.0,5.860000133514404,2.650444269180298,79.78946593014608,-11.999999999999833,-52.60000000000048,-26.40000000000024,-8.0,0.0,782.0,133.0,24.891833099572445,4.233521486244411,0.8467042972488831,25.73853739682133,77.16468260867455,2.624783321471536,0.032896364086074666,526.0,519.0,526.0,531.0,1.0,526.0,528.0,1.0,F,occupancy_only_canvas,C:\Users\Dk\Desktop\SCI\DRL_PF\checkpoint_store\ablations\F5_ablation_occupancy_only_canvas.pt
F5,87,20261409,-63.913934522418266,600,0.3316,0,0.9434276206322796,max_episode_steps,3.9633333683013916,331.5666809082031,8.013333320617676,84.06722259521484,0.0022146638948470354,0.023374540731310844,3.9633333683013916,3.9633333683013916,0.0,0.0,8.013333320617676,8.013333320617676,0.0,0.0,0.0,4.010000228881836,2.0331945419311523,41.28606547758239,-11.999999999999833,-56.700000000000536,-28.50000000000027,-8.0,0.0,407.0,57.0,12.95521236768028,1.8143663512476067,0.3628732702495213,13.318085637929803,40.1611583398089,1.1249071377735163,0.027246653919694053,567.0,564.0,573.0,575.0,1.0,567.0,570.0,1.0,F,occupancy_only_canvas,C:\Users\Dk\Desktop\SCI\DRL_PF\checkpoint_store\ablations\F5_ablation_occupancy_only_canvas.pt
F5,88,20261410,-22.07989783389189,600,0.5374,0,0.8569051580698835,max_episode_steps,3.116666555404663,450.2166748046875,8.25333309173584,145.95530700683594,0.0055555556900799274,0.05002422630786896,3.116666555404663,3.116666555404663,0.0,0.0,8.25333309173584,8.25333309173584,0.0,0.0,0.0,5.931666851043701,2.6835556030273438,75.2701021661086,-11.999999999999833,-51.50000000000046,-25.850000000000232,-8.0,0.0,722.0,204.0,22.981973782469673,6.493521678149333,1.2987043356298669,24.280678118099537,71.24411872565608,4.025983440452587,0.05348715259570005,515.0,509.0,518.0,521.0,0.0,515.0,517.0,1.0,F,occupancy_only_canvas,C:\Users\Dk\Desktop\SCI\DRL_PF\checkpoint_store\ablations\F5_ablation_occupancy_only_canvas.pt
F5,89,20261411,-70.87613411802793,600,0.3065,0,0.9517470881863561,max_episode_steps,2.9783332347869873,371.5899963378906,7.00166654586792,125.0163803100586,0.026927435770630836,0.4172779321670532,2.9783332347869873,2.9783332347869873,0.0,0.0,7.00166654586792,7.00166654586792,0.0,0.0,0.0,3.0350000858306885,2.3595833778381348,34.99053254863938,-11.999999999999833,-57.20000000000054,-28.66666666666694,-8.0,0.0,341.0,68.0,10.854367118867264,2.164507226049776,0.4329014452099554,11.287268564077218,33.64853806848852,1.3419944801508614,0.0383530738860688,572.0,566.0,573.0,576.0,0.0,572.0,573.3333333333333,1.0,F,occupancy_only_canvas,C:\Users\Dk\Desktop\SCI\DRL_PF\checkpoint_store\ablations\F5_ablation_occupancy_only_canvas.pt
F5,90,20261412,-35.545759694595795,600,0.4965,0,0.8985024958402662,max_episode_steps,2.9649999141693115,315.2633361816406,8.90666675567627,107.40125274658203,0.01086545828729868,0.13621549308300018,2.9649999141693115,2.9649999141693115,0.0,0.0,8.90666675567627,8.90666675567627,0.0,0.0,0.0,5.9033331871032715,3.0255556106567383,65.52090697207146,-11.999999999999833,-54.0000000000005,-27.06666666666692,-8.0,0.0,636.0,140.0,20.244508761289097,4.456338406573068,0.8912676813146141,21.135776442603703,62.757977159996194,2.7629298120753027,0.04216867469879516,540.0,533.0,540.0,543.0,1.0,540.0,541.3333333333333,1.0,F,occupancy_only_canvas,C:\Users\Dk\Desktop\SCI\DRL_PF\checkpoint_store\ablations\F5_ablation_occupancy_only_canvas.pt
F5,91,20261413,57.05537402049477,600,0.9088,0,0.7753743760399334,max_episode_steps,9.976666450500488,432.8216552734375,17.079999923706055,47.160072326660156,0.010710506699979305,0.14393094182014465,9.976666450500488,9.976666450500488,0.0,0.0,17.079999923706055,17.075000762939453,0.004999999888241291,0.004999999888241291,0.004999999888241291,3.448333263397217,1.7802150249481201,147.42204068716072,-11.999999999999833,-46.60000000000039,-23.766666666666872,-8.0,0.0,1436.0,290.0,45.70929965599235,9.230986699329934,1.8461973398659859,47.55549699585837,141.69882893357638,5.723211753584559,0.03882195448460507,466.0,459.0,473.0,489.0,5.0,466.0,475.33333333333337,1.0,F,occupancy_only_canvas,C:\Users\Dk\Desktop\SCI\DRL_PF\checkpoint_store\ablations\F5_ablation_occupancy_only_canvas.pt
F5,92,20261414,-93.25207951444182,600,0.195,0,0.9733777038269551,max_episode_steps,1.9866666793823242,245.9600067138672,7.973333358764648,124.43583679199219,0.02339758165180683,0.4948573708534241,1.9866666793823242,1.9866666793823242,0.0,0.0,7.973333358764648,7.973333358764648,0.0,0.0,0.0,5.019999980926514,4.033055305480957,14.564587152225526,-11.999999999999833,-58.50000000000056,-29.31666666666695,-8.0,0.0,139.0,43.0,4.424507417954691,1.3687325105902999,0.27374650211806,4.698253920072751,13.715972995659543,0.848614156565986,0.05826558265582655,585.0,579.0,586.0,588.0,1.0,585.0,586.3333333333333,1.0,F,occupancy_only_canvas,C:\Users\Dk\Desktop\SCI\DRL_PF\checkpoint_store\ablations\F5_ablation_occupancy_only_canvas.pt
F5,93,20261415,-59.90316999704731,600,0.3418,0,0.9267886855241264,max_episode_steps,1.9783333539962769,721.010009765625,7.005000114440918,364.6233215332031,0.013004535809159279,0.9092583060264587,1.9783333539962769,1.9783333539962769,0.0,0.0,7.005000114440918,7.00166654586792,0.0033333334140479565,0.0033333334140479565,0.0033333334140479565,6.016666889190674,3.5788886547088623,43.71349666961996,-11.999999999999833,-55.70000000000052,-27.91666666666693,-8.0,0.0,421.0,110.0,13.400846208337585,3.501408748021696,0.7002817496043394,14.101127957941925,41.542623245846514,2.170873423773452,0.049661399548532735,557.0,553.0,560.0,561.0,0.0,557.0,558.3333333333333,1.0,F,occupancy_only_canvas,C:\Users\Dk\Desktop\SCI\DRL_PF\checkpoint_store\ablations\F5_ablation_occupancy_only_canvas.pt
F5,94,20261416,39.67935403458243,600,0.8493,0,0.8119800332778702,max_episode_steps,4.603333473205566,517.643310546875,8.131667137145996,122.47786712646484,0.007860923185944557,0.14972397685050964,4.603333473205566,4.603333473205566,0.0,0.0,8.131667137145996,8.116666793823242,0.014999999664723873,0.014999999664723873,0.014999999664723873,3.6533334255218506,2.0296032428741455,133.21268736791643,-11.999999999999833,-48.80000000000042,-24.73333333333355,-8.0,0.0,1300.0,250.0,41.3802852038928,7.957747154594767,1.5915494309189535,42.971834634811735,128.27888413206773,4.933803235848758,0.03703703703703703,488.0,484.0,491.0,506.0,2.0,488.0,494.66666666666663,1.0,F,occupancy_only_canvas,C:\Users\Dk\Desktop\SCI\DRL_PF\checkpoint_store\ablations\F5_ablation_occupancy_only_canvas.pt
F5,95,20261417,170.0749406634372,119,0.9513,1,0.0,coverage_reached,3.672268867492676,461.23529052734375,10.554621696472168,136.73330688476562,0.044798869639635086,0.6755260825157166,3.672268867492676,3.672268867492676,0.0,0.0,10.554621696472168,10.29411792755127,0.26050421595573425,0.26050421595573425,0.26050421595573425,5.823529243469238,2.9558024406433105,152.67160733010388,-2.3800000000000017,0.0,-0.21666666666666665,0.0,20.0,1493.0,271.0,47.52366600723994,8.62619791558073,1.7252395831161453,49.248905590356095,147.32336462244393,5.348242707660055,0.03503102378490176,0.0,0.0,2.0,12.0,1.0,0.0,4.333333333333333,0.0,F,occupancy_only_canvas,C:\Users\Dk\Desktop\SCI\DRL_PF\checkpoint_store\ablations\F5_ablation_occupancy_only_canvas.pt
F5,96,20261418,-60.15587977576438,600,0.3206,0,0.940099833610649,max_episode_steps,2.9566667079925537,404.61834716796875,6.00166654586792,137.07083129882812,0.006269840989261866,0.6274150609970093,2.9566667079925537,2.9566667079925537,0.0,0.0,6.00166654586792,6.00166654586792,0.0,0.0,0.0,3.0416667461395264,2.0479166507720947,44.66078689090294,-11.999999999999833,-56.50000000000053,-28.316666666666936,-8.0,0.0,437.0,78.0,13.91014202623165,2.4828171122335667,0.4965634224467134,14.406705448678368,43.12144028131814,1.5393466095848112,0.03446752098983648,565.0,561.0,568.0,569.0,4.0,563.0,566.3333333333333,1.0,F,occupancy_only_canvas,C:\Users\Dk\Desktop\SCI\DRL_PF\checkpoint_store\ablations\F5_ablation_occupancy_only_canvas.pt
F5,97,20261419,46.433795742947254,600,0.8975,0,0.7886855241264559,max_episode_steps,8.053333282470703,456.9866638183594,15.306666374206543,66.858154296875,0.029032500460743904,0.24642904102802277,8.053333282470703,8.053333282470703,0.0,0.0,15.306666374206543,15.149999618530273,0.15666666626930237,0.07500000298023224,0.07500000298023224,4.599999904632568,2.0247268676757812,137.85046240961427,-11.999999999999833,-47.400000000000404,-24.016666666666875,-8.0,0.0,1336.0,305.0,42.52620079415443,9.708451528605615,1.9416903057211226,44.46789109987556,131.8312224618788,6.019239947735483,0.04366499642090192,474.0,466.0,477.0,491.0,2.0,474.0,480.3333333333333,1.0,F,occupancy_only_canvas,C:\Users\Dk\Desktop\SCI\DRL_PF\checkpoint_store\ablations\F5_ablation_occupancy_only_canvas.pt
F5,98,20261420,-61.47708660440442,600,0.2972,0,0.9367720465890182,max_episode_steps,3.0166666507720947,233.2183380126953,8.083333015441895,77.49972534179688,0.010529099963605404,0.5093618035316467,3.0166666507720947,3.0166666507720947,0.0,0.0,8.083333015441895,8.083333015441895,0.0,0.0,0.0,4.988333225250244,2.6879165172576904,30.589580062262275,-11.999999999999833,-56.30000000000053,-15.766666666666703,-8.0,0.0,293.0,85.0,9.32647966518507,2.705634032562219,0.5411268065124439,9.867606471697513,28.912086962073722,1.677493100188576,0.0548387096774193,563.0,558.0,567.0,569.0,377.0,0.0,315.3333333333334,1.0,F,occupancy_only_canvas,C:\Users\Dk\Desktop\SCI\DRL_PF\checkpoint_store\ablations\F5_ablation_occupancy_only_canvas.pt
F5,99,20261421,-55.07550385375203,600,0.3784,0,0.9267886855241264,max_episode_steps,3.884999990463257,625.6766967773438,9.890000343322754,164.2273712158203,0.02054043859243393,0.43382394313812256,3.884999990463257,3.884999990463257,0.0,0.0,9.890000343322754,9.880000114440918,0.009999999776482582,0.008333333767950535,0.008333333767950535,5.016666889190674,2.629472255706787,48.60782947958195,-11.999999999999833,-55.70000000000052,-27.983333333333597,-8.0,0.0,472.0,103.0,15.024226627874922,3.2785918276930435,0.655718365538609,15.679944993413526,46.57510254641227,2.0327269331696876,0.04181892001624035,557.0,551.0,565.0,563.0,2.0,557.0,559.6666666666667,1.0,F,occupancy_only_canvas,C:\Users\Dk\Desktop\SCI\DRL_PF\checkpoint_store\ablations\F5_ablation_occupancy_only_canvas.pt
F5,100,20261422,-63.66218991142456,600,0.3344,0,0.9434276206322796,max_episode_steps,2.986666679382324,580.7483520507812,6.949999809265137,194.29750061035156,0.01383598055690527,0.6954575777053833,2.986666679382324,2.986666679382324,0.0,0.0,6.949999809265137,6.949999809265137,0.0,0.0,0.0,3.9816665649414062,2.3270833492279053,41.404476755242754,-11.999999999999833,-56.700000000000536,-28.366666666666937,-8.0,0.0,408.0,58.0,12.987043356298656,1.8461973398659854,0.3692394679731972,13.356282824271855,40.25983440452587,1.1446423507169112,0.027645376549094356,567.0,564.0,571.0,570.0,0.0,566.0,567.3333333333334,1.0,F,occupancy_only_canvas,C:\Users\Dk\Desktop\SCI\DRL_PF\checkpoint_store\ablations\F5_ablation_occupancy_only_canvas.pt
