method_label,method_id,method_name,run_stage,checkpoint_used,checkpoint_path,checkpoint_env_steps,checkpoint_train_episode_idx,episode_index,seed,episode_seed,episode_reward,episode_length,final_coverage,success,repeat_visit_ratio,done_reason,timeout_flag,zero_info_step_count,stall_trigger_count,recent_revisit_trigger_count,turn_ge_90_count,turn_135_count,turn_180_count,accessible_block_count,delta_empty_sum,delta_obstacle_sum,empty_info_gain_sum,empty_info_reward_sum,info_reward_sum,local_frontier_block_area_mean,local_frontier_coverage,mean_block_area,obstacle_info_contribution_ratio,obstacle_info_gain_sum,obstacle_info_reward_sum,recent_revisit_penalty_sum,semantic_viz,step_penalty_sum,terminal_bonus_sum,timeout_penalty_sum,total_accessible_unknown_area,total_frontier_cluster_count,turn_penalty_sum,turn_penalty_weight_sum,value_block_cap_hit_flag,value_entry_cap_hit_block_count,value_entry_cap_hit_flag,value_max_frontier_clusters_per_block,value_mean_frontier_clusters_per_block,value_packed_block_count,value_packed_entry_count,value_total_block_count_before_cap,value_total_entry_count_before_cap,value_truncated_block_count,value_truncated_entry_count,weighted_info_gain_sum,weighted_obstacle_info_gain_sum
C,Anew_C_local_state_ddqn,local_state_ddqn,formal,True,C:\Users\Dk\Desktop\SCI\New_A\checkpoint_store\final_method\A_new_minimum_closure\Anew_C_local_state_ddqn.pt,650000,1092,0,20261323,20261323,-5.536166950986806,600,0.6059,0,0.8469217970049917,max_episode_steps,1.0,538.0,514.0,508.0,400.0,259.0,1.0,,893.0,128.0,28.42507283621251,88.11772579225881,90.64383304901332,,,,0.02786849553668625,4.074366543152519,2.5261072567545626,-60.95999999999947,,-11.999999999999833,0.0,-10.0,,,-13.219999999999876,220.33333333333294,,,,,,0.0,0.0,,,,,29.23994614484301,0.8148733086305042
C,Anew_C_local_state_ddqn,local_state_ddqn,formal,True,C:\Users\Dk\Desktop\SCI\New_A\checkpoint_store\final_method\A_new_minimum_closure\Anew_C_local_state_ddqn.pt,650000,1092,1,20261324,20261324,-62.65090178362695,600,0.4542,0,0.9467554076539102,max_episode_steps,1.0,569.0,562.0,569.0,577.0,0.0,569.0,,615.0,63.0,19.57605800030312,60.6857798009397,61.92909821637358,,,,0.020076481835564056,2.0053522829578814,1.2433184154338868,-68.27999999999956,,-11.999999999999833,0.0,-10.0,,,-34.29999999999979,571.6666666666666,,,,,,0.0,0.0,,,,,19.977128456894704,0.40107045659157625
C,Anew_C_local_state_ddqn,local_state_ddqn,formal,True,C:\Users\Dk\Desktop\SCI\New_A\checkpoint_store\final_method\A_new_minimum_closure\Anew_C_local_state_ddqn.pt,650000,1092,2,20261325,20261325,-91.92019990438001,600,0.3257,0,0.961730449251248,max_episode_steps,1.0,578.0,571.0,578.0,586.0,1.0,578.0,,339.0,43.0,10.790705141630506,33.45118593905457,34.29980009562055,,,,0.024741081703107022,1.3687325105903,0.8486141565659862,-69.3599999999996,,-11.999999999999833,0.0,-10.0,,,-34.85999999999981,581.0,,,,,,0.0,0.0,,,,,11.064451643748566,0.27374650211806
C,Anew_C_local_state_ddqn,local_state_ddqn,formal,True,C:\Users\Dk\Desktop\SCI\New_A\checkpoint_store\final_method\A_new_minimum_closure\Anew_C_local_state_ddqn.pt,650000,1092,3,20261326,20261326,-54.187246228191654,600,0.4168,0,0.9151414309484193,max_episode_steps,1.0,554.0,542.0,550.0,571.0,370.0,2.0,,513.0,106.0,16.329297161228464,50.620821199808276,52.712753771808146,,,,0.03968551104455257,3.374084793548179,2.0919325719998723,-65.99999999999947,,-11.999999999999833,0.0,-10.0,,,-18.899999999999757,315.00000000000006,,,,,,0.0,0.0,,,,,17.004114119938095,0.6748169587096364
C,Anew_C_local_state_ddqn,local_state_ddqn,formal,True,C:\Users\Dk\Desktop\SCI\New_A\checkpoint_store\final_method\A_new_minimum_closure\Anew_C_local_state_ddqn.pt,650000,1092,4,20261327,20261327,-44.49943016792962,600,0.5368,0,0.9068219633943427,max_episode_steps,1.0,546.0,538.0,545.0,564.0,0.0,545.0,,741.0,145.0,23.586762566218884,73.11896395527859,75.98056983207084,,,,0.037662337662337654,4.615493349664964,2.8616058767922787,-65.39999999999945,,-11.999999999999833,0.0,-10.0,,,-33.07999999999974,551.3333333333333,,,,,,0.0,0.0,,,,,24.509861236151888,0.9230986699329933
C,Anew_C_local_state_ddqn,local_state_ddqn,formal,True,C:\Users\Dk\Desktop\SCI\New_A\checkpoint_store\final_method\A_new_minimum_closure\Anew_C_local_state_ddqn.pt,650000,1092,5,20261328,20261328,-86.40256583343678,600,0.345,0,0.9384359400998337,max_episode_steps,1.0,568.0,561.0,564.0,581.0,0.0,564.0,,362.0,88.0,11.522817879853225,35.720735427544994,37.45743416656375,,,,0.0463645943097998,2.8011269984173577,1.7366987390187625,-67.67999999999954,,-11.999999999999833,0.0,-10.0,,,-34.17999999999979,569.6666666666666,,,,,,0.0,0.0,,,,,12.083043279536692,0.5602253996834718
C,Anew_C_local_state_ddqn,local_state_ddqn,formal,True,C:\Users\Dk\Desktop\SCI\New_A\checkpoint_store\final_method\A_new_minimum_closure\Anew_C_local_state_ddqn.pt,650000,1092,6,20261329,20261329,-39.94039980875868,600,0.4895,0,0.9351081530782029,max_episode_steps,1.0,564.0,557.0,562.0,577.0,376.0,1.0,,682.0,66.0,21.708734237734525,67.29707613697701,68.5996001912411,,,,0.018987341772151906,2.1008452488130183,1.3025240542640717,-67.43999999999953,,-11.999999999999833,0.0,-10.0,,,-19.099999999999753,318.3333333333335,,,,,,0.0,0.0,,,,,22.128903287497124,0.4201690497626038
C,Anew_C_local_state_ddqn,local_state_ddqn,formal,True,C:\Users\Dk\Desktop\SCI\New_A\checkpoint_store\final_method\A_new_minimum_closure\Anew_C_local_state_ddqn.pt,650000,1092,7,20261330,20261330,4.863739806482037,600,0.7421,0,0.8618968386023295,max_episode_steps,1.0,518.0,507.0,518.0,540.0,0.0,516.0,,1178.0,214.0,37.49690459245052,116.24040423659673,120.46373980648319,,,,0.03505897771952817,6.811831564333118,4.223335569886536,-62.15999999999944,,-11.999999999999833,0.0,-10.0,,,-31.439999999999714,524.0,,,,,,0.0,0.0,,,,,38.85927090531717,1.3623663128666241
C,Anew_C_local_state_ddqn,local_state_ddqn,formal,True,C:\Users\Dk\Desktop\SCI\New_A\checkpoint_store\final_method\A_new_minimum_closure\Anew_C_local_state_ddqn.pt,650000,1092,8,20261331,20261331,-27.523739113779467,600,0.5816,0,0.8569051580698835,max_episode_steps,1.0,541.0,522.0,510.0,542.0,3.0,504.0,,845.0,170.0,26.897185382530306,83.38127468584395,86.73626088622112,,,,0.03868031854379979,5.411268065124441,3.3549862003771542,-61.19999999999946,,-11.999999999999833,0.0,-10.0,,,-31.05999999999972,517.6666666666667,,,,,,0.0,0.0,,,,,27.979438995555196,1.0822536130248883
C,Anew_C_local_state_ddqn,local_state_ddqn,formal,True,C:\Users\Dk\Desktop\SCI\New_A\checkpoint_store\final_method\A_new_minimum_closure\Anew_C_local_state_ddqn.pt,650000,1092,9,20261332,20261332,-101.88634147004002,600,0.2633,0,0.9767054908485857,max_episode_steps,1.0,588.0,581.0,587.0,589.0,0.0,587.0,,256.0,28.0,8.148733086305041,25.26107256754563,25.813658529960687,,,,0.02140672782874618,0.891267681314614,0.5525859624150607,-70.43999999999964,,-11.999999999999833,0.0,-10.0,,,-35.25999999999983,587.6666666666666,,,,,,0.0,0.0,,,,,8.326986622567965,0.1782535362629228
C,Anew_C_local_state_ddqn,local_state_ddqn,formal,True,C:\Users\Dk\Desktop\SCI\New_A\checkpoint_store\final_method\A_new_minimum_closure\Anew_C_local_state_ddqn.pt,650000,1092,10,20261333,20261333,-17.929829216080982,600,0.5567,0,0.8985024958402662,max_episode_steps,1.0,545.0,535.0,540.0,556.0,360.0,0.0,,852.0,158.0,27.120002302858957,84.07200713886282,87.19017078391917,,,,0.03576278859212312,5.029296201703891,3.118163645056413,-64.79999999999943,,-11.999999999999833,0.0,-10.0,,,-18.31999999999977,305.3333333333333,,,,,,0.0,0.0,,,,,28.125861543199743,1.005859240340779
C,Anew_C_local_state_ddqn,local_state_ddqn,formal,True,C:\Users\Dk\Desktop\SCI\New_A\checkpoint_store\final_method\A_new_minimum_closure\Anew_C_local_state_ddqn.pt,650000,1092,11,20261334,20261334,-79.3541821550221,600,0.3496,0,0.9367720465890182,max_episode_steps,1.0,565.0,557.0,563.0,577.0,1.0,563.0,,434.0,74.0,13.814649060376519,42.825412087167216,44.285817844978446,,,,0.03297682709447413,2.35549315776005,1.4604057578112313,-67.55999999999953,,-11.999999999999833,0.0,-10.0,,,-34.07999999999978,568.0,,,,,,0.0,0.0,,,,,14.285747691928533,0.4710986315520102
C,Anew_C_local_state_ddqn,local_state_ddqn,formal,True,C:\Users\Dk\Desktop\SCI\New_A\checkpoint_store\final_method\A_new_minimum_closure\Anew_C_local_state_ddqn.pt,650000,1092,12,20261335,20261335,31.718034572405774,600,0.9045,0,0.8053244592346089,max_episode_steps,1.0,486.0,478.0,484.0,529.0,1.0,484.0,,1379.0,288.0,43.894933304744754,136.07429324470868,141.75803457240644,,,,0.040094667966030915,9.16732472209317,5.683741327697768,-58.07999999999953,,-11.999999999999833,0.0,-10.0,,,-29.959999999999745,499.33333333333337,,,,,,0.0,0.0,,,,,45.72839824916338,1.8334649444186346
C,Anew_C_local_state_ddqn,local_state_ddqn,formal,True,C:\Users\Dk\Desktop\SCI\New_A\checkpoint_store\final_method\A_new_minimum_closure\Anew_C_local_state_ddqn.pt,650000,1092,13,20261336,20261336,39.29468184806631,600,0.846,0,0.831946755407654,max_episode_steps,1.0,509.0,495.0,499.0,417.0,250.0,1.0,,1318.0,228.0,41.953242999023615,130.05505329697323,134.55468184806725,,,,0.03344089175711352,7.257465404990426,4.499628551094066,-59.87999999999949,,-11.999999999999833,0.0,-10.0,,,-13.379999999999875,222.9999999999996,,,,,,0.0,0.0,,,,,43.404736080021706,1.4514930809980857
C,Anew_C_local_state_ddqn,local_state_ddqn,formal,True,C:\Users\Dk\Desktop\SCI\New_A\checkpoint_store\final_method\A_new_minimum_closure\Anew_C_local_state_ddqn.pt,650000,1092,14,20261337,20261337,-18.02550311577847,600,0.5892,0,0.8585690515806988,max_episode_steps,1.0,532.0,512.0,515.0,421.0,261.0,0.0,,767.0,189.0,24.414368270296738,75.68454163791989,79.41449688422155,,,,0.0469681908548708,6.016056848873642,3.72995524630166,-61.79999999999945,,-11.999999999999833,0.0,-10.0,,,-13.63999999999987,227.33333333333292,,,,,,0.0,0.0,,,,,25.617579640071476,1.2032113697747284
C,Anew_C_local_state_ddqn,local_state_ddqn,formal,True,C:\Users\Dk\Desktop\SCI\New_A\checkpoint_store\final_method\A_new_minimum_closure\Anew_C_local_state_ddqn.pt,650000,1092,15,20261338,20261338,-53.9096845101932,600,0.4829,0,0.913477537437604,max_episode_steps,1.0,551.0,542.0,544.0,559.0,0.0,544.0,,645.0,135.0,20.5309876588545,63.646061742448964,66.31031548980727,,,,0.04017857142857141,4.297183463481172,2.6642537473583277,-65.27999999999945,,-11.999999999999833,0.0,-10.0,,,-32.939999999999735,549.0,,,,,,0.0,0.0,,,,,21.390424351550735,0.8594366926962349
C,Anew_C_local_state_ddqn,local_state_ddqn,formal,True,C:\Users\Dk\Desktop\SCI\New_A\checkpoint_store\final_method\A_new_minimum_closure\Anew_C_local_state_ddqn.pt,650000,1092,16,20261339,20261339,47.63891470583988,600,0.9325,0,0.7936772046589018,max_episode_steps,1.0,479.0,471.0,477.0,531.0,1.0,477.0,,1530.0,285.0,48.70141258612001,150.97437901697197,156.5989147058396,,,,0.03591682419659734,9.071831756238034,5.6245356888675815,-57.23999999999955,,-11.999999999999833,0.0,-10.0,,,-29.71999999999975,495.33333333333337,,,,,,0.0,0.0,,,,,50.51577893736761,1.8143663512476076
C,Anew_C_local_state_ddqn,local_state_ddqn,formal,True,C:\Users\Dk\Desktop\SCI\New_A\checkpoint_store\final_method\A_new_minimum_closure\Anew_C_local_state_ddqn.pt,650000,1092,17,20261340,20261340,-42.10611846215459,600,0.4408,0,0.9151414309484193,max_episode_steps,1.0,555.0,548.0,550.0,564.0,369.0,0.0,,635.0,96.0,20.212677772670713,62.65930109527919,64.55388153784511,,,,0.029348822989911337,3.0557749073643885,1.8945804425659216,-65.99999999999947,,-11.999999999999833,0.0,-10.0,,,-18.659999999999762,311.00000000000006,,,,,,0.0,0.0,,,,,20.82383275414359,0.6111549814728784
C,Anew_C_local_state_ddqn,local_state_ddqn,formal,True,C:\Users\Dk\Desktop\SCI\New_A\checkpoint_store\final_method\A_new_minimum_closure\Anew_C_local_state_ddqn.pt,650000,1092,18,20261341,20261341,5.5919482052368,600,0.8041,0,0.8452579034941764,max_episode_steps,1.0,511.0,501.0,508.0,546.0,5.0,507.0,,1174.0,203.0,37.369580637977016,115.8456999777288,119.8519482052379,,,,0.03342664251605467,6.461690689530952,4.00624822750919,-60.95999999999947,,-11.999999999999833,0.0,-10.0,,,-31.299999999999716,521.6666666666666,,,,,,0.0,0.0,,,,,38.661918775883194,1.2923381379061896
C,Anew_C_local_state_ddqn,local_state_ddqn,formal,True,C:\Users\Dk\Desktop\SCI\New_A\checkpoint_store\final_method\A_new_minimum_closure\Anew_C_local_state_ddqn.pt,650000,1092,19,20261342,20261342,39.501139664141775,600,0.914,0,0.826955074875208,max_episode_steps,1.0,497.0,490.0,497.0,547.0,0.0,497.0,,1492.0,240.0,47.49183501862157,147.2246885577269,151.96113966414168,,,,0.031168831168831172,7.639437268410978,4.736451106414807,-59.639999999999496,,-11.999999999999833,0.0,-10.0,,,-30.819999999999727,513.6666666666667,,,,,,0.0,0.0,,,,,49.01972247230376,1.5278874536821954
C,Anew_C_local_state_ddqn,local_state_ddqn,formal,True,C:\Users\Dk\Desktop\SCI\New_A\checkpoint_store\final_method\A_new_minimum_closure\Anew_C_local_state_ddqn.pt,650000,1092,20,20261343,20261343,-39.083401973778706,600,0.5622,0,0.8585690515806988,max_episode_steps,1.0,530.0,523.0,514.0,548.0,8.0,514.0,,737.0,180.0,23.459438611745366,72.72425969641067,76.27659802622176,,,,0.04657179818887452,5.72957795130823,3.552338329811105,-61.67999999999945,,-11.999999999999833,0.0,-10.0,,,-31.67999999999971,528.0,,,,,,0.0,0.0,,,,,24.605354202007018,1.1459155902616471
C,Anew_C_local_state_ddqn,local_state_ddqn,formal,True,C:\Users\Dk\Desktop\SCI\New_A\checkpoint_store\final_method\A_new_minimum_closure\Anew_C_local_state_ddqn.pt,650000,1092,21,20261344,20261344,-75.8622495830222,600,0.401,0,0.9234608985024958,max_episode_steps,1.0,555.0,548.0,555.0,571.0,1.0,555.0,,450.0,100.0,14.323944878270582,44.404229122638824,46.37775041697832,,,,0.042553191489361666,3.183098861837905,1.9735212943395015,-66.5999999999995,,-11.999999999999833,0.0,-10.0,,,-33.639999999999766,560.6666666666666,,,,,,0.0,0.0,,,,,14.960564650638164,0.6366197723675814
C,Anew_C_local_state_ddqn,local_state_ddqn,formal,True,C:\Users\Dk\Desktop\SCI\New_A\checkpoint_store\final_method\A_new_minimum_closure\Anew_C_local_state_ddqn.pt,650000,1092,22,20261345,20261345,17.465132359575602,600,0.8146,0,0.8519134775374376,max_episode_steps,1.0,513.0,504.0,512.0,541.0,4.0,512.0,,1304.0,183.0,41.50760915836631,128.67358839093558,132.28513235957683,,,,0.027301208414142922,5.82507091716337,3.61154396864129,-61.43999999999946,,-11.999999999999833,0.0,-10.0,,,-31.379999999999715,523.0,,,,,,0.0,0.0,,,,,42.67262334179897,1.165014183432674
C,Anew_C_local_state_ddqn,local_state_ddqn,formal,True,C:\Users\Dk\Desktop\SCI\New_A\checkpoint_store\final_method\A_new_minimum_closure\Anew_C_local_state_ddqn.pt,650000,1092,23,20261346,20261346,-68.79160663740006,600,0.4163,0,0.9334442595673876,max_episode_steps,1.0,561.0,554.0,561.0,578.0,0.0,561.0,,532.0,103.0,16.934085944977664,52.49566642943078,54.52839336260043,,,,0.0372783206659428,3.2785918276930417,2.0327269331696867,-67.31999999999952,,-11.999999999999833,0.0,-10.0,,,-33.99999999999978,566.6666666666666,,,,,,0.0,0.0,,,,,17.589804310516275,0.6557183655386091
C,Anew_C_local_state_ddqn,local_state_ddqn,formal,True,C:\Users\Dk\Desktop\SCI\New_A\checkpoint_store\final_method\A_new_minimum_closure\Anew_C_local_state_ddqn.pt,650000,1092,24,20261347,20261347,-61.307669140455474,600,0.3575,0,0.9484193011647255,max_episode_steps,1.0,576.0,569.0,570.0,577.0,382.0,0.0,,477.0,61.0,15.18338157096681,47.06848286999713,48.272330859544226,,,,0.024938675388389207,1.9416903057211228,1.2038479895470966,-68.39999999999957,,-11.999999999999833,0.0,-10.0,,,-19.17999999999975,319.6666666666668,,,,,,0.0,0.0,,,,,15.571719632111037,0.3883380611442247
C,Anew_C_local_state_ddqn,local_state_ddqn,formal,True,C:\Users\Dk\Desktop\SCI\New_A\checkpoint_store\final_method\A_new_minimum_closure\Anew_C_local_state_ddqn.pt,650000,1092,25,20261348,20261348,-61.974749773174025,600,0.4514,0,0.9267886855241264,max_episode_steps,1.0,559.0,550.0,557.0,580.0,3.0,555.0,,592.0,117.0,18.843945262080403,58.41623031244931,60.725250226826525,,,,0.038024049398765004,3.724225668350349,2.3090199143772177,-66.8399999999995,,-11.999999999999833,0.0,-10.0,,,-33.85999999999977,564.3333333333333,,,,,,0.0,0.0,,,,,19.588790395750475,0.7448451336700703
C,Anew_C_local_state_ddqn,local_state_ddqn,formal,True,C:\Users\Dk\Desktop\SCI\New_A\checkpoint_store\final_method\A_new_minimum_closure\Anew_C_local_state_ddqn.pt,650000,1092,26,20261349,20261349,-83.54466697543697,600,0.3266,0,0.9417637271214643,max_episode_steps,1.0,568.0,561.0,566.0,579.0,0.0,566.0,,397.0,72.0,12.63690248149649,39.17439769263914,40.59533302456357,,,,0.03500243072435584,2.291831180523292,1.4209353319244415,-67.91999999999955,,-11.999999999999833,0.0,-10.0,,,-34.219999999999786,570.3333333333333,,,,,,0.0,0.0,,,,,13.09526871760115,0.45836623610465865
C,Anew_C_local_state_ddqn,local_state_ddqn,formal,True,C:\Users\Dk\Desktop\SCI\New_A\checkpoint_store\final_method\A_new_minimum_closure\Anew_C_local_state_ddqn.pt,650000,1092,27,20261350,20261350,39.748660363575596,600,0.9177,0,0.778702163061564,max_episode_steps,1.0,474.0,460.0,468.0,515.0,0.0,468.0,,1424.0,325.0,45.327327792571786,140.51471615697264,146.92866036357594,,,,0.043653458697112124,10.345071300973197,6.413944206603381,-56.15999999999957,,-11.999999999999833,0.0,-10.0,,,-29.019999999999765,483.66666666666663,,,,,,0.0,0.0,,,,,47.396342052766435,2.069014260194639
C,Anew_C_local_state_ddqn,local_state_ddqn,formal,True,C:\Users\Dk\Desktop\SCI\New_A\checkpoint_store\final_method\A_new_minimum_closure\Anew_C_local_state_ddqn.pt,650000,1092,28,20261351,20261351,3.783863622784068,600,0.7293,0,0.8552412645590682,max_episode_steps,1.0,515.0,506.0,514.0,547.0,0.0,514.0,,1170.0,178.0,37.24225668350352,115.45099571886094,118.96386362278517,,,,0.029528865295288642,5.6659159740714715,3.5128679039243145,-61.67999999999945,,-11.999999999999833,0.0,-10.0,,,-31.499999999999712,525.0,,,,,,0.0,0.0,,,,,38.37543987831782,1.1331831948142945
C,Anew_C_local_state_ddqn,local_state_ddqn,formal,True,C:\Users\Dk\Desktop\SCI\New_A\checkpoint_store\final_method\A_new_minimum_closure\Anew_C_local_state_ddqn.pt,650000,1092,29,20261352,20261352,13.387092530821135,600,0.7802,0,0.848585690515807,max_episode_steps,1.0,515.0,503.0,510.0,534.0,0.0,510.0,,1246.0,239.0,39.661411818500305,122.95037663735097,127.66709253082239,,,,0.036945432060596695,7.607606279792592,4.71671589347141,-61.19999999999946,,-11.999999999999833,0.0,-10.0,,,-31.07999999999972,518.0,,,,,,0.0,0.0,,,,,41.18293307445884,1.5215212559585196
C,Anew_C_local_state_ddqn,local_state_ddqn,formal,True,C:\Users\Dk\Desktop\SCI\New_A\checkpoint_store\final_method\A_new_minimum_closure\Anew_C_local_state_ddqn.pt,650000,1092,30,20261353,20261353,-34.77805476928877,600,0.5072,0,0.8985024958402662,max_episode_steps,1.0,542.0,535.0,540.0,560.0,2.0,539.0,,826.0,168.0,26.29239659878111,81.50642945622144,84.82194523071183,,,,0.03908794788273617,5.347606087887683,3.3155157744903647,-64.79999999999943,,-11.999999999999833,0.0,-10.0,,,-32.799999999999734,546.6666666666666,,,,,,0.0,0.0,,,,,27.36191781635864,1.0695212175775373
C,Anew_C_local_state_ddqn,local_state_ddqn,formal,True,C:\Users\Dk\Desktop\SCI\New_A\checkpoint_store\final_method\A_new_minimum_closure\Anew_C_local_state_ddqn.pt,650000,1092,31,20261354,20261354,-80.96175431781428,600,0.3212,0,0.913477537437604,max_episode_steps,1.0,561.0,551.0,549.0,573.0,2.0,549.0,,387.0,111.0,12.318592595312698,38.18763704546937,40.37824568218622,,,,0.054252199413489716,3.5332397366400743,2.190608636716847,-65.87999999999947,,-11.999999999999833,0.0,-10.0,,,-33.45999999999976,557.6666666666666,,,,,,0.0,0.0,,,,,13.025240542640717,0.7066479473280154
C,Anew_C_local_state_ddqn,local_state_ddqn,formal,True,C:\Users\Dk\Desktop\SCI\New_A\checkpoint_store\final_method\A_new_minimum_closure\Anew_C_local_state_ddqn.pt,650000,1092,32,20261355,20261355,-87.82627285222928,600,0.3092,0,0.956738768718802,max_episode_steps,1.0,575.0,568.0,575.0,578.0,0.0,575.0,,372.0,52.0,11.841127766037014,36.707496074714754,37.733727147771276,,,,0.02719665271966526,1.655211408155711,1.0262310730565412,-68.99999999999959,,-11.999999999999833,0.0,-10.0,,,-34.559999999999796,576.0,,,,,,0.0,0.0,,,,,12.172170047668159,0.33104228163114235
C,Anew_C_local_state_ddqn,local_state_ddqn,formal,True,C:\Users\Dk\Desktop\SCI\New_A\checkpoint_store\final_method\A_new_minimum_closure\Anew_C_local_state_ddqn.pt,650000,1092,33,20261356,20261356,24.7495270776888,600,0.8456,0,0.8219633943427621,max_episode_steps,1.0,499.0,487.0,494.0,531.0,1.0,494.0,,1337.0,228.0,42.5580317827728,131.92989852659574,136.42952707768976,,,,0.03298133950527991,7.257465404990425,4.499628551094066,-59.279999999999504,,-11.999999999999833,0.0,-10.0,,,-30.399999999999736,506.6666666666667,,,,,,0.0,0.0,,,,,44.009524863770906,1.4514930809980853
C,Anew_C_local_state_ddqn,local_state_ddqn,formal,True,C:\Users\Dk\Desktop\SCI\New_A\checkpoint_store\final_method\A_new_minimum_closure\Anew_C_local_state_ddqn.pt,650000,1092,34,20261357,20261357,-88.27343925721021,600,0.3221,0,0.9351081530782029,max_episode_steps,1.0,565.0,555.0,562.0,582.0,0.0,562.0,,342.0,78.0,10.88619810748564,33.74721413320549,35.2865607427903,,,,0.043624161073825496,2.4828171122335663,1.5393466095848114,-67.43999999999953,,-11.999999999999833,0.0,-10.0,,,-34.119999999999784,568.6666666666666,,,,,,0.0,0.0,,,,,11.38276152993235,0.4965634224467135
C,Anew_C_local_state_ddqn,local_state_ddqn,formal,True,C:\Users\Dk\Desktop\SCI\New_A\checkpoint_store\final_method\A_new_minimum_closure\Anew_C_local_state_ddqn.pt,650000,1092,35,20261358,20261358,33.96583721334902,600,0.855,0,0.762063227953411,max_episode_steps,1.0,488.0,471.0,458.0,512.0,12.0,457.0,,1363.0,263.0,43.3856374868507,134.49547620923715,139.68583721335,,,,0.0371573890929641,8.371550006633694,5.1903610041128925,-54.959999999999596,,-11.999999999999833,0.0,-10.0,,,-28.75999999999977,479.33333333333337,,,,,,0.0,0.0,,,,,45.0599474881774,1.6743100013267391
C,Anew_C_local_state_ddqn,local_state_ddqn,formal,True,C:\Users\Dk\Desktop\SCI\New_A\checkpoint_store\final_method\A_new_minimum_closure\Anew_C_local_state_ddqn.pt,650000,1092,36,20261359,20261359,-76.40343254755064,600,0.4042,0,0.9450915141430949,max_episode_steps,1.0,569.0,562.0,568.0,574.0,0.0,568.0,,471.0,75.0,14.992395639256547,46.47642648169529,47.95656745244991,,,,0.030864197530864185,2.3873241463784294,1.4801409707546265,-68.15999999999956,,-11.999999999999833,0.0,-10.0,,,-34.19999999999978,570.0,,,,,,0.0,0.0,,,,,15.469860468532225,0.477464829275686
C,Anew_C_local_state_ddqn,local_state_ddqn,formal,True,C:\Users\Dk\Desktop\SCI\New_A\checkpoint_store\final_method\A_new_minimum_closure\Anew_C_local_state_ddqn.pt,650000,1092,37,20261360,20261360,-97.90035802958737,600,0.2679,0,0.9767054908485857,max_episode_steps,1.0,587.0,580.0,587.0,591.0,0.0,587.0,,298.0,22.0,9.485634608276962,29.405467285658585,29.839641970413275,,,,0.014550264550264551,0.7002817496043395,0.43417468475469057,-70.43999999999964,,-11.999999999999833,0.0,-10.0,,,-35.29999999999983,588.3333333333333,,,,,,0.0,0.0,,,,,9.62569095819783,0.1400563499208679
C,Anew_C_local_state_ddqn,local_state_ddqn,formal,True,C:\Users\Dk\Desktop\SCI\New_A\checkpoint_store\final_method\A_new_minimum_closure\Anew_C_local_state_ddqn.pt,650000,1092,38,20261361,20261361,0.08771534746532339,600,0.6102,0,0.8585690515806988,max_episode_steps,1.0,529.0,512.0,516.0,422.0,264.0,2.0,,952.0,196.0,30.30310116469687,93.93961361056029,97.80771534746572,,,,0.039548022598870074,6.238873769202299,3.868101736905426,-61.91999999999945,,-11.999999999999833,0.0,-10.0,,,-13.799999999999866,229.99999999999957,,,,,,0.0,0.0,,,,,31.550875918537333,1.2477747538404595
C,Anew_C_local_state_ddqn,local_state_ddqn,formal,True,C:\Users\Dk\Desktop\SCI\New_A\checkpoint_store\final_method\A_new_minimum_closure\Anew_C_local_state_ddqn.pt,650000,1092,39,20261362,20261362,8.94892888576478,600,0.884,0,0.8602329450915142,max_episode_steps,1.0,518.0,511.0,517.0,543.0,1.0,517.0,,1227.0,176.0,39.05662303475111,121.0755314077285,124.54892888576596,,,,0.027887814926319122,5.602253996834717,3.473397478037525,-62.039999999999445,,-11.999999999999833,0.0,-10.0,,,-31.55999999999971,526.0,,,,,,0.0,0.0,,,,,40.177073834118055,1.1204507993669437
C,Anew_C_local_state_ddqn,local_state_ddqn,formal,True,C:\Users\Dk\Desktop\SCI\New_A\checkpoint_store\final_method\A_new_minimum_closure\Anew_C_local_state_ddqn.pt,650000,1092,40,20261363,20261363,2.3688088045969806,600,0.664,0,0.8519134775374376,max_episode_steps,1.0,530.0,514.0,512.0,544.0,350.0,0.0,,1022.0,144.0,32.5312703679834,100.84693814074856,103.68880880459744,,,,0.027407689379520372,4.583662361046585,2.841870663848884,-61.43999999999946,,-11.999999999999833,0.0,-10.0,,,-17.87999999999978,297.9999999999999,,,,,,0.0,0.0,,,,,33.448002840192714,0.9167324722093175
C,Anew_C_local_state_ddqn,local_state_ddqn,formal,True,C:\Users\Dk\Desktop\SCI\New_A\checkpoint_store\final_method\A_new_minimum_closure\Anew_C_local_state_ddqn.pt,650000,1092,41,20261364,20261364,-57.7969747314762,600,0.4377,0,0.9334442595673876,max_episode_steps,1.0,562.0,555.0,561.0,570.0,0.0,561.0,,644.0,92.0,20.49915667023611,63.54738567773201,65.3630252685243,,,,0.027777777777777755,2.928450952890874,1.8156395907923417,-67.31999999999952,,-11.999999999999833,0.0,-10.0,,,-33.83999999999977,564.0,,,,,,0.0,0.0,,,,,21.084846860814295,0.585690190578175
C,Anew_C_local_state_ddqn,local_state_ddqn,formal,True,C:\Users\Dk\Desktop\SCI\New_A\checkpoint_store\final_method\A_new_minimum_closure\Anew_C_local_state_ddqn.pt,650000,1092,42,20261365,20261365,-68.4486939797774,600,0.4019,0,0.9284525790349417,max_episode_steps,1.0,565.0,553.0,558.0,571.0,3.0,558.0,,532.0,92.0,16.934085944977667,52.49566642943077,54.31130602022311,,,,0.03343023255813951,2.9284509528908726,1.8156395907923413,-66.95999999999951,,-11.999999999999833,0.0,-10.0,,,-33.79999999999977,563.3333333333333,,,,,,0.0,0.0,,,,,17.519776135555844,0.5856901905781747
C,Anew_C_local_state_ddqn,local_state_ddqn,formal,True,C:\Users\Dk\Desktop\SCI\New_A\checkpoint_store\final_method\A_new_minimum_closure\Anew_C_local_state_ddqn.pt,650000,1092,43,20261366,20261366,-16.68841950853537,600,0.6502,0,0.8901830282861897,max_episode_steps,1.0,535.0,528.0,535.0,555.0,1.0,534.0,,997.0,183.0,31.735495652523934,98.38003652282418,101.99158049146544,,,,0.03541021671826627,5.825070917163369,3.61154396864129,-64.1999999999994,,-11.999999999999833,0.0,-10.0,,,-32.47999999999972,541.3333333333333,,,,,,0.0,0.0,,,,,32.9005098359566,1.1650141834326735
C,Anew_C_local_state_ddqn,local_state_ddqn,formal,True,C:\Users\Dk\Desktop\SCI\New_A\checkpoint_store\final_method\A_new_minimum_closure\Anew_C_local_state_ddqn.pt,650000,1092,44,20261367,20261367,-26.907676610723378,600,0.6064,0,0.9001663893510815,max_episode_steps,1.0,541.0,533.0,541.0,569.0,0.0,540.0,,913.0,147.0,29.061692608580085,90.09124708659829,92.99232338927732,,,,0.031196943972835317,4.679155326901721,2.901076302679069,-64.91999999999943,,-11.999999999999833,0.0,-10.0,,,-32.97999999999974,549.6666666666667,,,,,,0.0,0.0,,,,,29.997523673960444,0.9358310653803448
C,Anew_C_local_state_ddqn,local_state_ddqn,formal,True,C:\Users\Dk\Desktop\SCI\New_A\checkpoint_store\final_method\A_new_minimum_closure\Anew_C_local_state_ddqn.pt,650000,1092,45,20261368,20261368,20.241549157084936,600,0.8567,0,0.8119800332778702,max_episode_steps,1.0,499.0,483.0,488.0,534.0,3.0,488.0,,1278.0,251.0,40.68000345428843,126.10801070829424,131.0615491570863,,,,0.03779551272398734,7.989578143213142,4.953538448792151,-58.55999999999952,,-11.999999999999833,0.0,-10.0,,,-30.25999999999974,504.33333333333337,,,,,,0.0,0.0,,,,,42.277919082931064,1.5979156286426295
C,Anew_C_local_state_ddqn,local_state_ddqn,formal,True,C:\Users\Dk\Desktop\SCI\New_A\checkpoint_store\final_method\A_new_minimum_closure\Anew_C_local_state_ddqn.pt,650000,1092,46,20261369,20261369,-51.363645871248465,600,0.4214,0,0.9334442595673876,max_episode_steps,1.0,565.0,558.0,561.0,573.0,375.0,0.0,,562.0,74.0,17.88901560352903,55.45594837094001,56.91635412875124,,,,0.025658807212205263,2.35549315776005,1.460405757811231,-67.31999999999952,,-11.999999999999833,0.0,-10.0,,,-18.959999999999756,316.0000000000001,,,,,,0.0,0.0,,,,,18.360114235081042,0.4710986315520102
C,Anew_C_local_state_ddqn,local_state_ddqn,formal,True,C:\Users\Dk\Desktop\SCI\New_A\checkpoint_store\final_method\A_new_minimum_closure\Anew_C_local_state_ddqn.pt,650000,1092,47,20261370,20261370,-92.61702245970076,600,0.2968,0,0.9667221297836939,max_episode_steps,1.0,581.0,573.0,581.0,586.0,0.0,581.0,,336.0,46.0,10.695212175775367,33.15515774490365,34.062977540299805,,,,0.02665121668597914,1.4642254764454372,0.9078197953961712,-69.71999999999962,,-11.999999999999833,0.0,-10.0,,,-34.959999999999816,582.6666666666666,,,,,,0.0,0.0,,,,,10.988057271064454,0.2928450952890875
C,Anew_C_local_state_ddqn,local_state_ddqn,formal,True,C:\Users\Dk\Desktop\SCI\New_A\checkpoint_store\final_method\A_new_minimum_closure\Anew_C_local_state_ddqn.pt,650000,1092,48,20261371,20261371,-33.255671685779326,600,0.5855,0,0.8818635607321131,max_episode_steps,1.0,532.0,523.0,530.0,555.0,2.0,529.0,,827.0,154.0,26.324227587399484,81.60510552093842,84.64432831422127,,,,0.03590580554907904,4.9019722472303755,3.0392227932828337,-63.59999999999941,,-11.999999999999833,0.0,-10.0,,,-32.29999999999971,538.3333333333333,,,,,,0.0,0.0,,,,,27.30462203684556,0.9803944494460757
C,Anew_C_local_state_ddqn,local_state_ddqn,formal,True,C:\Users\Dk\Desktop\SCI\New_A\checkpoint_store\final_method\A_new_minimum_closure\Anew_C_local_state_ddqn.pt,650000,1092,49,20261372,20261372,-72.22072947849244,600,0.3076,0,0.956738768718802,max_episode_steps,1.0,579.0,571.0,575.0,487.0,289.0,1.0,,335.0,65.0,10.663381187156991,33.05648168018667,34.33927052150734,,,,0.037356321839080456,2.0690142601946393,1.2827888413206765,-68.99999999999959,,-11.999999999999833,0.0,-10.0,,,-15.559999999999823,259.333333333333,,,,,,0.0,0.0,,,,,11.077184039195913,0.4138028520389279
C,Anew_C_local_state_ddqn,local_state_ddqn,formal,True,C:\Users\Dk\Desktop\SCI\New_A\checkpoint_store\final_method\A_new_minimum_closure\Anew_C_local_state_ddqn.pt,650000,1092,50,20261373,20261373,-86.64983890026713,600,0.3562,0,0.961730449251248,max_episode_steps,1.0,579.0,572.0,578.0,582.0,1.0,578.0,,389.0,56.0,12.382254572549458,38.384989174903325,39.49016109973345,,,,0.027986006996501743,1.7825353626292275,1.1051719248301213,-69.3599999999996,,-11.999999999999833,0.0,-10.0,,,-34.77999999999981,579.6666666666666,,,,,,0.0,0.0,,,,,12.738761645075304,0.35650707252584557
C,Anew_C_local_state_ddqn,local_state_ddqn,formal,True,C:\Users\Dk\Desktop\SCI\New_A\checkpoint_store\final_method\A_new_minimum_closure\Anew_C_local_state_ddqn.pt,650000,1092,51,20261374,20261374,-86.94085329479515,600,0.3311,0,0.9284525790349417,max_episode_steps,1.0,561.0,551.0,558.0,571.0,4.0,558.0,,344.0,96.0,10.949860084722397,33.94456626263947,35.83914670520535,,,,0.05286343612334796,3.0557749073643885,1.8945804425659216,-66.95999999999951,,-11.999999999999833,0.0,-10.0,,,-33.81999999999977,563.6666666666666,,,,,,0.0,0.0,,,,,11.561015066195276,0.6111549814728782
C,Anew_C_local_state_ddqn,local_state_ddqn,formal,True,C:\Users\Dk\Desktop\SCI\New_A\checkpoint_store\final_method\A_new_minimum_closure\Anew_C_local_state_ddqn.pt,650000,1092,52,20261375,20261375,-76.4974662615507,600,0.3864,0,0.9550748752079867,max_episode_steps,1.0,574.0,567.0,574.0,583.0,0.0,574.0,,482.0,73.0,15.342536514058713,47.56186319358201,49.00253373844984,,,,0.02939991945227546,2.323662169141671,1.4406705448678363,-68.87999999999958,,-11.999999999999833,0.0,-10.0,,,-34.6199999999998,577.0,,,,,,0.0,0.0,,,,,15.807268947887048,0.46473243382833446
C,Anew_C_local_state_ddqn,local_state_ddqn,formal,True,C:\Users\Dk\Desktop\SCI\New_A\checkpoint_store\final_method\A_new_minimum_closure\Anew_C_local_state_ddqn.pt,650000,1092,53,20261376,20261376,-85.69592900256903,600,0.3092,0,0.956738768718802,max_episode_steps,1.0,575.0,568.0,575.0,586.0,0.0,573.0,,391.0,69.0,12.445916549786219,38.58234130433728,39.944070997431524,,,,0.03409090909090908,2.196338214668155,1.3617296930942564,-68.99999999999959,,-11.999999999999833,0.0,-10.0,,,-34.6399999999998,577.3333333333333,,,,,,0.0,0.0,,,,,12.88518419271985,0.4392676429336311
C,Anew_C_local_state_ddqn,local_state_ddqn,formal,True,C:\Users\Dk\Desktop\SCI\New_A\checkpoint_store\final_method\A_new_minimum_closure\Anew_C_local_state_ddqn.pt,650000,1092,54,20261377,20261377,-120.86803311909587,600,0.1627,0,0.9883527454242929,max_episode_steps,1.0,594.0,587.0,594.0,594.0,0.0,594.0,,78.0,18.0,2.482817112233567,7.6967330479240585,8.05196688090517,,,,0.04411764705882353,0.5729577951308232,0.35523383298111044,-71.27999999999967,,-11.999999999999833,0.0,-10.0,,,-35.63999999999984,594.0,,,,,,0.0,0.0,,,,,2.597408671259732,0.11459155902616466
C,Anew_C_local_state_ddqn,local_state_ddqn,formal,True,C:\Users\Dk\Desktop\SCI\New_A\checkpoint_store\final_method\A_new_minimum_closure\Anew_C_local_state_ddqn.pt,650000,1092,55,20261378,20261378,-80.55430597132411,600,0.3568,0,0.9633943427620633,max_episode_steps,1.0,579.0,572.0,579.0,585.0,0.0,579.0,,455.0,45.0,14.483099821362478,44.897609446223676,45.78569402867646,,,,0.019396551724137928,1.4323944878270578,0.8880845824527759,-69.4799999999996,,-11.999999999999833,0.0,-10.0,,,-34.85999999999981,581.0,,,,,,0.0,0.0,,,,,14.76957871892789,0.2864788975654116
C,Anew_C_local_state_ddqn,local_state_ddqn,formal,True,C:\Users\Dk\Desktop\SCI\New_A\checkpoint_store\final_method\A_new_minimum_closure\Anew_C_local_state_ddqn.pt,650000,1092,56,20261379,20261379,-92.9081606705308,600,0.2989,0,0.9484193011647255,max_episode_steps,1.0,571.0,564.0,570.0,581.0,0.0,570.0,,308.0,77.0,9.803944494460758,30.39222793282834,31.911839329469743,,,,0.0476190476190476,2.4509861236151873,1.5196113966414164,-68.39999999999957,,-11.999999999999833,0.0,-10.0,,,-34.419999999999796,573.6666666666667,,,,,,0.0,0.0,,,,,10.294141719183791,0.4901972247230377
C,Anew_C_local_state_ddqn,local_state_ddqn,formal,True,C:\Users\Dk\Desktop\SCI\New_A\checkpoint_store\final_method\A_new_minimum_closure\Anew_C_local_state_ddqn.pt,650000,1092,57,20261380,20261380,5.703334048670833,600,0.7323,0,0.8369384359400999,max_episode_steps,1.0,505.0,494.0,503.0,539.0,2.0,503.0,,1159.0,235.0,36.89211580870134,114.36555900697422,119.00333404867193,,,,0.03897180762852403,7.480282325319077,4.637775041697831,-60.35999999999948,,-11.999999999999833,0.0,-10.0,,,-30.939999999999724,515.6666666666667,,,,,,0.0,0.0,,,,,38.38817227376515,1.4960564650638164
C,Anew_C_local_state_ddqn,local_state_ddqn,formal,True,C:\Users\Dk\Desktop\SCI\New_A\checkpoint_store\final_method\A_new_minimum_closure\Anew_C_local_state_ddqn.pt,650000,1092,58,20261381,20261381,-97.8313552696628,600,0.2616,0,0.9700499168053245,max_episode_steps,1.0,584.0,576.0,583.0,586.0,0.0,583.0,,288.0,38.0,9.167324722093174,28.41870663848884,29.168644730337842,,,,0.025710419485791603,1.2095775674984046,0.7499380918490108,-69.95999999999962,,-11.999999999999833,0.0,-10.0,,,-35.039999999999814,584.0,,,,,,0.0,0.0,,,,,9.409240235592854,0.24191551349968096
C,Anew_C_local_state_ddqn,local_state_ddqn,formal,True,C:\Users\Dk\Desktop\SCI\New_A\checkpoint_store\final_method\A_new_minimum_closure\Anew_C_local_state_ddqn.pt,650000,1092,59,20261382,20261382,-96.97373835317222,600,0.2645,0,0.9633943427620633,max_episode_steps,1.0,580.0,573.0,579.0,584.0,0.0,579.0,,285.0,62.0,9.071831756238037,28.122678444337915,29.3462616468284,,,,0.04169468728984531,1.9735212943395022,1.2235832024904911,-69.4799999999996,,-11.999999999999833,0.0,-10.0,,,-34.83999999999981,580.6666666666666,,,,,,0.0,0.0,,,,,9.466536015105934,0.39470425886790045
C,Anew_C_local_state_ddqn,local_state_ddqn,formal,True,C:\Users\Dk\Desktop\SCI\New_A\checkpoint_store\final_method\A_new_minimum_closure\Anew_C_local_state_ddqn.pt,650000,1092,60,20261383,20261383,-90.98854927388936,600,0.2896,0,0.9450915141430949,max_episode_steps,1.0,571.0,561.0,568.0,577.0,0.0,568.0,,321.0,89.0,10.21774734649968,31.675016774149015,33.431450726111166,,,,0.05253837072018889,2.8329579870357358,1.7564339519621568,-68.15999999999956,,-11.999999999999833,0.0,-10.0,,,-34.259999999999785,571.0,,,,,,0.0,0.0,,,,,10.784338943906826,0.5665915974071475
C,Anew_C_local_state_ddqn,local_state_ddqn,formal,True,C:\Users\Dk\Desktop\SCI\New_A\checkpoint_store\final_method\A_new_minimum_closure\Anew_C_local_state_ddqn.pt,650000,1092,61,20261384,20261384,-68.07120087958886,600,0.424,0,0.9417637271214643,max_episode_steps,1.0,567.0,560.0,566.0,576.0,1.0,565.0,,552.0,77.0,17.57070571734525,54.46918772377026,55.98879912041169,,,,0.02714134649277405,2.4509861236151878,1.5196113966414164,-67.91999999999955,,-11.999999999999833,0.0,-10.0,,,-34.13999999999978,569.0,,,,,,0.0,0.0,,,,,18.06090294206828,0.4901972247230376
C,Anew_C_local_state_ddqn,local_state_ddqn,formal,True,C:\Users\Dk\Desktop\SCI\New_A\checkpoint_store\final_method\A_new_minimum_closure\Anew_C_local_state_ddqn.pt,650000,1092,62,20261385,20261385,-7.449918723477735,600,0.6348,0,0.8618968386023295,max_episode_steps,1.0,524.0,512.0,518.0,546.0,345.0,3.0,,922.0,186.0,29.3481715061455,90.97933166905105,94.6500812765225,,,,0.03878231859883237,5.920563883018507,3.6707496074714747,-62.15999999999944,,-11.999999999999833,0.0,-10.0,,,-17.939999999999777,298.9999999999999,,,,,,0.0,0.0,,,,,30.53228428274921,1.1841127766037018
C,Anew_C_local_state_ddqn,local_state_ddqn,formal,True,C:\Users\Dk\Desktop\SCI\New_A\checkpoint_store\final_method\A_new_minimum_closure\Anew_C_local_state_ddqn.pt,650000,1092,63,20261386,20261386,-2.3528694251398514,600,0.7351,0,0.8402662229617305,max_episode_steps,1.0,508.0,498.0,505.0,541.0,0.0,505.0,,1080.0,238.0,34.377467707849384,106.57014989433316,111.26713057486114,,,,0.04221355090457608,7.575775291174217,4.696980680528016,-60.599999999999476,,-11.999999999999833,0.0,-10.0,,,-31.019999999999722,517.0,,,,,,0.0,0.0,,,,,35.89262276608424,1.5151550582348432
C,Anew_C_local_state_ddqn,local_state_ddqn,formal,True,C:\Users\Dk\Desktop\SCI\New_A\checkpoint_store\final_method\A_new_minimum_closure\Anew_C_local_state_ddqn.pt,650000,1092,64,20261387,20261387,-62.23271724898362,600,0.3554,0,0.9351081530782029,max_episode_steps,1.0,567.0,555.0,557.0,578.0,369.0,3.0,,446.0,84.0,14.196620923797068,44.009524863770906,45.66728275101609,,,,0.036300777873811564,2.673803043943841,1.6577578872451815,-66.8399999999995,,-11.999999999999833,0.0,-10.0,,,-19.059999999999754,317.6666666666668,,,,,,0.0,0.0,,,,,14.731381532585834,0.5347606087887684
C,Anew_C_local_state_ddqn,local_state_ddqn,formal,True,C:\Users\Dk\Desktop\SCI\New_A\checkpoint_store\final_method\A_new_minimum_closure\Anew_C_local_state_ddqn.pt,650000,1092,65,20261388,20261388,-72.63294772713577,600,0.3758,0,0.9434276206322796,max_episode_steps,1.0,568.0,560.0,567.0,578.0,0.0,567.0,,506.0,87.0,16.106480240899806,49.930088746789416,51.64705227286477,,,,0.033244172716851345,2.7692960097989783,1.7169635260753666,-68.03999999999955,,-11.999999999999833,0.0,-10.0,,,-34.23999999999979,570.6666666666667,,,,,,0.0,0.0,,,,,16.660339442859602,0.5538592019597958
C,Anew_C_local_state_ddqn,local_state_ddqn,formal,True,C:\Users\Dk\Desktop\SCI\New_A\checkpoint_store\final_method\A_new_minimum_closure\Anew_C_local_state_ddqn.pt,650000,1092,66,20261389,20261389,-54.200540779514014,600,0.4937,0,0.9151414309484193,max_episode_steps,1.0,550.0,542.0,550.0,566.0,0.0,550.0,,655.0,126.0,20.849297545038297,64.63282238961874,67.11945922048645,,,,0.03704792708027049,4.010704565915761,2.486636830867773,-65.99999999999947,,-11.999999999999833,0.0,-10.0,,,-33.31999999999975,555.3333333333333,,,,,,0.0,0.0,,,,,21.651438458221445,0.802140913183153
C,Anew_C_local_state_ddqn,local_state_ddqn,formal,True,C:\Users\Dk\Desktop\SCI\New_A\checkpoint_store\final_method\A_new_minimum_closure\Anew_C_local_state_ddqn.pt,650000,1092,67,20261390,20261390,37.458705117273595,600,0.8825,0,0.7670549084858569,max_episode_steps,1.0,480.0,459.0,458.0,520.0,5.0,457.0,,1394.0,286.0,44.37239813402044,137.55443421546335,143.19870511727427,,,,0.039415656008820285,9.103662744856413,5.6442709018109785,-54.959999999999596,,-11.999999999999833,0.0,-10.0,,,-28.77999999999977,479.6666666666667,,,,,,0.0,0.0,,,,,46.19313068299171,1.8207325489712827
C,Anew_C_local_state_ddqn,local_state_ddqn,formal,True,C:\Users\Dk\Desktop\SCI\New_A\checkpoint_store\final_method\A_new_minimum_closure\Anew_C_local_state_ddqn.pt,650000,1092,68,20261391,20261391,-67.38286866453208,600,0.4053,0,0.9168053244592346,max_episode_steps,1.0,561.0,544.0,551.0,562.0,1.0,547.0,,527.0,95.0,16.774931001885765,52.00228610584589,53.87713133546841,,,,0.0347985347985348,3.023943918746011,1.8748452296225273,-66.11999999999948,,-11.999999999999833,0.0,-10.0,,,-33.139999999999745,552.3333333333333,,,,,,0.0,0.0,,,,,17.37971978563497,0.6047887837492023
C,Anew_C_local_state_ddqn,local_state_ddqn,formal,True,C:\Users\Dk\Desktop\SCI\New_A\checkpoint_store\final_method\A_new_minimum_closure\Anew_C_local_state_ddqn.pt,650000,1092,69,20261392,20261392,-43.099942587590235,600,0.5415,0,0.9234608985024958,max_episode_steps,1.0,555.0,548.0,555.0,567.0,0.0,554.0,,776.0,123.0,24.70084716786216,76.57262622037271,79.00005741241029,,,,0.030726954783912054,3.9152116000606245,2.4274311920375875,-66.5999999999995,,-11.999999999999833,0.0,-10.0,,,-33.49999999999976,558.3333333333333,,,,,,0.0,0.0,,,,,25.483889487874283,0.7830423200121251
C,Anew_C_local_state_ddqn,local_state_ddqn,formal,True,C:\Users\Dk\Desktop\SCI\New_A\checkpoint_store\final_method\A_new_minimum_closure\Anew_C_local_state_ddqn.pt,650000,1092,70,20261393,20261393,-3.786655506535954,600,0.7226,0,0.8369384359400999,max_episode_steps,1.0,508.0,495.0,503.0,532.0,3.0,501.0,,1063.0,224.0,33.83634090133695,104.89265679414457,109.31334449346502,,,,0.04044051272792923,7.130141450516909,4.420687699320486,-60.35999999999948,,-11.999999999999833,0.0,-10.0,,,-30.73999999999973,512.3333333333334,,,,,,0.0,0.0,,,,,35.26236919144034,1.4260282901033825
C,Anew_C_local_state_ddqn,local_state_ddqn,formal,True,C:\Users\Dk\Desktop\SCI\New_A\checkpoint_store\final_method\A_new_minimum_closure\Anew_C_local_state_ddqn.pt,650000,1092,71,20261394,20261394,-66.06110092739847,600,0.3234,0,0.9517470881863561,max_episode_steps,1.0,577.0,570.0,570.0,438.0,287.0,0.0,,378.0,78.0,12.032113697747288,37.299552463016596,38.83889907260141,,,,0.039634146341463415,2.482817112233567,1.5393466095848118,-68.39999999999957,,-11.999999999999833,0.0,-10.0,,,-14.49999999999985,241.66666666666617,,,,,,0.0,0.0,,,,,12.528677120194,0.4965634224467135
C,Anew_C_local_state_ddqn,local_state_ddqn,formal,True,C:\Users\Dk\Desktop\SCI\New_A\checkpoint_store\final_method\A_new_minimum_closure\Anew_C_local_state_ddqn.pt,650000,1092,72,20261395,20261395,-52.094292552004845,600,0.4487,0,0.9334442595673876,max_episode_steps,1.0,562.0,554.0,561.0,572.0,3.0,560.0,,701.0,99.0,22.31352302148373,69.17192136659956,71.12570744799565,,,,0.027469478357380686,3.151267873219527,1.9537860813961072,-67.31999999999952,,-11.999999999999833,0.0,-10.0,,,-33.89999999999977,565.0,,,,,,0.0,0.0,,,,,22.943776596127634,0.6302535746439057
C,Anew_C_local_state_ddqn,local_state_ddqn,formal,True,C:\Users\Dk\Desktop\SCI\New_A\checkpoint_store\final_method\A_new_minimum_closure\Anew_C_local_state_ddqn.pt,650000,1092,73,20261396,20261396,1.7502394017294485,600,0.681,0,0.8552412645590682,max_episode_steps,1.0,519.0,509.0,514.0,423.0,259.0,1.0,,963.0,207.0,30.65324203949904,95.0250503224471,99.11023940172976,,,,0.041218637992831514,6.589014644004464,4.085189079282769,-61.67999999999945,,-11.999999999999833,0.0,-10.0,,,-13.679999999999868,227.99999999999957,,,,,,0.0,0.0,,,,,31.971044968299946,1.3178029288008934
C,Anew_C_local_state_ddqn,local_state_ddqn,formal,True,C:\Users\Dk\Desktop\SCI\New_A\checkpoint_store\final_method\A_new_minimum_closure\Anew_C_local_state_ddqn.pt,650000,1092,74,20261397,20261397,-58.803061098643624,600,0.3428,0,0.9517470881863561,max_episode_steps,1.0,573.0,564.0,572.0,579.0,0.0,1.0,,427.0,67.0,13.591832140047867,42.134679634148384,43.45693890135585,,,,0.030426884650317884,2.1326762374313972,1.3222592672074664,-68.63999999999957,,-11.999999999999833,0.0,-10.0,,,-11.619999999999841,193.6666666666678,,,,,,0.0,0.0,,,,,14.018367387534143,0.4265352474862795
C,Anew_C_local_state_ddqn,local_state_ddqn,formal,True,C:\Users\Dk\Desktop\SCI\New_A\checkpoint_store\final_method\A_new_minimum_closure\Anew_C_local_state_ddqn.pt,650000,1092,75,20261398,20261398,-9.20111213279982,600,0.7162,0,0.8552412645590682,max_episode_steps,1.0,519.0,512.0,514.0,547.0,1.0,512.0,,1037.0,182.0,33.0087351972591,102.32707911150324,105.91888786720105,,,,0.033910937208868994,5.793239928544989,3.591808755697894,-61.67999999999945,,-11.999999999999833,0.0,-10.0,,,-31.439999999999714,524.0,,,,,,0.0,0.0,,,,,34.167383182968095,1.1586479857089984
C,Anew_C_local_state_ddqn,local_state_ddqn,formal,True,C:\Users\Dk\Desktop\SCI\New_A\checkpoint_store\final_method\A_new_minimum_closure\Anew_C_local_state_ddqn.pt,650000,1092,76,20261399,20261399,-77.04795108196552,600,0.3761,0,0.9234608985024958,max_episode_steps,1.0,565.0,551.0,555.0,577.0,1.0,555.0,,444.0,76.0,14.132958946560308,43.81217273433697,45.31204891803499,,,,0.03310104529616723,2.4191551349968083,1.4998761836980214,-66.5999999999995,,-11.999999999999833,0.0,-10.0,,,-33.75999999999977,562.6666666666666,,,,,,0.0,0.0,,,,,14.616789973559671,0.48383102699936187
C,Anew_C_local_state_ddqn,local_state_ddqn,formal,True,C:\Users\Dk\Desktop\SCI\New_A\checkpoint_store\final_method\A_new_minimum_closure\Anew_C_local_state_ddqn.pt,650000,1092,77,20261400,20261400,-101.7391922195117,600,0.2682,0,0.9700499168053245,max_episode_steps,1.0,584.0,576.0,583.0,587.0,0.0,583.0,,248.0,41.0,7.894085177358009,24.47166404980983,25.280807780489024,,,,0.03200624512099921,1.3050705333535415,0.8091437306791959,-69.95999999999962,,-11.999999999999833,0.0,-10.0,,,-35.05999999999982,584.3333333333333,,,,,,0.0,0.0,,,,,8.155099284028717,0.2610141066707084
C,Anew_C_local_state_ddqn,local_state_ddqn,formal,True,C:\Users\Dk\Desktop\SCI\New_A\checkpoint_store\final_method\A_new_minimum_closure\Anew_C_local_state_ddqn.pt,650000,1092,78,20261401,20261401,-112.46944656177544,600,0.1856,0,0.9800332778702163,max_episode_steps,1.0,589.0,582.0,589.0,592.0,0.0,589.0,,153.0,26.0,4.870141258611999,15.097437901697194,15.610553438225466,,,,0.03286978508217446,0.8276057040778558,0.5131155365282706,-70.67999999999965,,-11.999999999999833,0.0,-10.0,,,-35.39999999999983,590.0,,,,,,0.0,0.0,,,,,5.0356623994275695,0.16552114081557115
C,Anew_C_local_state_ddqn,local_state_ddqn,formal,True,C:\Users\Dk\Desktop\SCI\New_A\checkpoint_store\final_method\A_new_minimum_closure\Anew_C_local_state_ddqn.pt,650000,1092,79,20261402,20261402,-36.721902758835824,600,0.5523,0,0.9051580698835274,max_episode_steps,1.0,544.0,537.0,544.0,565.0,0.0,544.0,,814.0,167.0,25.910424735360557,80.32231667961773,83.6180972411647,,,,0.0394146801982535,5.315775099269304,3.295780561546969,-65.27999999999945,,-11.999999999999833,0.0,-10.0,,,-33.05999999999974,551.0,,,,,,0.0,0.0,,,,,26.973579755214423,1.0631550198538608
C,Anew_C_local_state_ddqn,local_state_ddqn,formal,True,C:\Users\Dk\Desktop\SCI\New_A\checkpoint_store\final_method\A_new_minimum_closure\Anew_C_local_state_ddqn.pt,650000,1092,80,20261403,20261403,25.565538117386883,600,0.8522,0,0.7886855241264559,max_episode_steps,1.0,479.0,466.0,474.0,520.0,1.0,472.0,,1300.0,277.0,41.38028520389278,128.2788841320677,133.745538117388,,,,0.04087354286557477,8.817183847291009,5.466653985320428,-56.879999999999555,,-11.999999999999833,0.0,-10.0,,,-29.29999999999976,488.33333333333337,,,,,,0.0,0.0,,,,,43.14372197335101,1.7634367694581994
C,Anew_C_local_state_ddqn,local_state_ddqn,formal,True,C:\Users\Dk\Desktop\SCI\New_A\checkpoint_store\final_method\A_new_minimum_closure\Anew_C_local_state_ddqn.pt,650000,1092,81,20261404,20261404,-90.58178862671963,600,0.3213,0,0.9500831946755408,max_episode_steps,1.0,573.0,563.0,571.0,581.0,1.0,571.0,,334.0,74.0,10.631550198538608,32.957805615469695,34.41821137328092,,,,0.042431192660550454,2.355493157760051,1.4604057578112317,-68.51999999999957,,-11.999999999999833,0.0,-10.0,,,-34.4799999999998,574.6666666666667,,,,,,0.0,0.0,,,,,11.102648830090617,0.47109863155201015
C,Anew_C_local_state_ddqn,local_state_ddqn,formal,True,C:\Users\Dk\Desktop\SCI\New_A\checkpoint_store\final_method\A_new_minimum_closure\Anew_C_local_state_ddqn.pt,650000,1092,82,20261405,20261405,-50.8464899110613,600,0.4664,0,0.9068219633943427,max_episode_steps,1.0,559.0,537.0,541.0,563.0,6.0,540.0,,685.0,74.0,21.804227203589658,67.59310433112795,69.05351008893916,,,,0.021148899685624462,2.3554931577600504,1.4604057578112313,-64.91999999999943,,-11.999999999999833,0.0,-10.0,,,-32.97999999999974,549.6666666666666,,,,,,0.0,0.0,,,,,22.275325835141675,0.47109863155201026
C,Anew_C_local_state_ddqn,local_state_ddqn,formal,True,C:\Users\Dk\Desktop\SCI\New_A\checkpoint_store\final_method\A_new_minimum_closure\Anew_C_local_state_ddqn.pt,650000,1092,83,20261406,20261406,-72.00563661626603,600,0.2896,0,0.9534109816971714,max_episode_steps,1.0,575.0,568.0,573.0,434.0,287.0,1.0,,324.0,63.0,10.31324031235482,31.97104496829995,33.214363383733826,,,,0.03743315508021389,2.005352282957881,1.2433184154338863,-68.75999999999958,,-11.999999999999833,0.0,-10.0,,,-14.459999999999852,240.99999999999952,,,,,,0.0,0.0,,,,,10.714310768946396,0.40107045659157625
C,Anew_C_local_state_ddqn,local_state_ddqn,formal,True,C:\Users\Dk\Desktop\SCI\New_A\checkpoint_store\final_method\A_new_minimum_closure\Anew_C_local_state_ddqn.pt,650000,1092,84,20261407,20261407,-63.418597762721134,600,0.4703,0,0.930116472545757,max_episode_steps,1.0,561.0,553.0,559.0,575.0,0.0,559.0,,584.0,96.0,18.589297353133368,57.62682179471347,59.521402237279396,,,,0.031830238726790444,3.05577490736439,1.894580442565922,-67.07999999999952,,-11.999999999999833,0.0,-10.0,,,-33.85999999999977,564.3333333333333,,,,,,0.0,0.0,,,,,19.20045233460625,0.6111549814728782
C,Anew_C_local_state_ddqn,local_state_ddqn,formal,True,C:\Users\Dk\Desktop\SCI\New_A\checkpoint_store\final_method\A_new_minimum_closure\Anew_C_local_state_ddqn.pt,650000,1092,85,20261408,20261408,-13.500211109780576,600,0.6794,0,0.8552412645590682,max_episode_steps,1.0,515.0,508.0,514.0,533.0,1.0,513.0,,994.0,167.0,31.640002686668783,98.08400832867328,101.37978889022023,,,,0.032509246642008945,5.315775099269302,3.295780561546968,-61.67999999999945,,-11.999999999999833,0.0,-10.0,,,-31.19999999999972,520.0,,,,,,0.0,0.0,,,,,32.703157706522646,1.063155019853861
C,Anew_C_local_state_ddqn,local_state_ddqn,formal,True,C:\Users\Dk\Desktop\SCI\New_A\checkpoint_store\final_method\A_new_minimum_closure\Anew_C_local_state_ddqn.pt,650000,1092,86,20261409,20261409,-41.748556744156204,600,0.5374,0,0.9001663893510815,max_episode_steps,1.0,541.0,533.0,541.0,566.0,1.0,541.0,,762.0,150.0,24.255213327204846,75.19116131433508,78.1514432558443,,,,0.03787878787878785,4.774648292756857,2.960281941509253,-64.91999999999943,,-11.999999999999833,0.0,-10.0,,,-32.97999999999974,549.6666666666666,,,,,,0.0,0.0,,,,,25.210142985756214,0.9549296585513719
C,Anew_C_local_state_ddqn,local_state_ddqn,formal,True,C:\Users\Dk\Desktop\SCI\New_A\checkpoint_store\final_method\A_new_minimum_closure\Anew_C_local_state_ddqn.pt,650000,1092,87,20261410,20261410,-37.83410011789228,600,0.553,0,0.8951747088186356,max_episode_steps,1.0,543.0,536.0,538.0,564.0,1.0,538.0,,793.0,167.0,25.2419739743746,78.25011932056128,81.54589988210823,,,,0.040416263310745396,5.315775099269304,3.2957805615469686,-64.55999999999942,,-11.999999999999833,0.0,-10.0,,,-32.81999999999973,547.0,,,,,,0.0,0.0,,,,,26.305128994228465,1.063155019853861
C,Anew_C_local_state_ddqn,local_state_ddqn,formal,True,C:\Users\Dk\Desktop\SCI\New_A\checkpoint_store\final_method\A_new_minimum_closure\Anew_C_local_state_ddqn.pt,650000,1092,88,20261411,20261411,-81.21008653287105,600,0.3486,0,0.9367720465890182,max_episode_steps,1.0,569.0,560.0,563.0,577.0,4.0,563.0,,413.0,88.0,13.146198299390553,40.75321472811073,42.48991346712948,,,,0.040873200185787266,2.8011269984173577,1.7366987390187618,-67.55999999999953,,-11.999999999999833,0.0,-10.0,,,-34.13999999999978,569.0,,,,,,0.0,0.0,,,,,13.706423699074028,0.5602253996834716
C,Anew_C_local_state_ddqn,local_state_ddqn,formal,True,C:\Users\Dk\Desktop\SCI\New_A\checkpoint_store\final_method\A_new_minimum_closure\Anew_C_local_state_ddqn.pt,650000,1092,89,20261412,20261412,-71.59400687536218,600,0.4159,0,0.9351081530782029,max_episode_steps,1.0,563.0,556.0,562.0,570.0,0.0,562.0,,505.0,96.0,16.07464925228143,49.83141268207244,51.725993124638336,,,,0.036627241510873695,3.055774907364389,1.8945804425659216,-67.43999999999953,,-11.999999999999833,0.0,-10.0,,,-33.879999999999775,564.6666666666666,,,,,,0.0,0.0,,,,,16.685804233754308,0.6111549814728781
C,Anew_C_local_state_ddqn,local_state_ddqn,formal,True,C:\Users\Dk\Desktop\SCI\New_A\checkpoint_store\final_method\A_new_minimum_closure\Anew_C_local_state_ddqn.pt,650000,1092,90,20261413,20261413,10.083103570519441,600,0.7824,0,0.8535773710482529,max_episode_steps,1.0,513.0,506.0,513.0,541.0,2.0,512.0,,1220.0,233.0,38.83380611442246,120.38479895470965,124.98310357052065,,,,0.03679141007421443,7.416620348082323,4.598304615811041,-61.559999999999455,,-11.999999999999833,0.0,-10.0,,,-31.339999999999716,522.3333333333333,,,,,,0.0,0.0,,,,,40.31713018403895,1.483324069616465
C,Anew_C_local_state_ddqn,local_state_ddqn,formal,True,C:\Users\Dk\Desktop\SCI\New_A\checkpoint_store\final_method\A_new_minimum_closure\Anew_C_local_state_ddqn.pt,650000,1092,91,20261414,20261414,-89.80702916935982,600,0.2326,0,0.9667221297836939,max_episode_steps,1.0,587.0,580.0,581.0,586.0,388.0,0.0,,205.0,59.0,6.525352666767709,20.2285932669799,21.392970830640202,,,,0.054428044280442796,1.8780283284843653,1.1643775636603062,-69.71999999999962,,-11.999999999999833,0.0,-10.0,,,-19.479999999999745,324.66666666666686,,,,,,0.0,0.0,,,,,6.900958332464582,0.3756056656968731
C,Anew_C_local_state_ddqn,local_state_ddqn,formal,True,C:\Users\Dk\Desktop\SCI\New_A\checkpoint_store\final_method\A_new_minimum_closure\Anew_C_local_state_ddqn.pt,650000,1092,92,20261415,20261415,-81.09432312577674,600,0.3335,0,0.940099833610649,max_episode_steps,1.0,566.0,559.0,565.0,575.0,0.0,565.0,,414.0,99.0,13.178029288008927,40.851890792827696,42.80567687422379,,,,0.045643153526970945,3.1512678732195267,1.953786081396107,-67.79999999999954,,-11.999999999999833,0.0,-10.0,,,-34.09999999999978,568.3333333333334,,,,,,0.0,0.0,,,,,13.808282862652844,0.6302535746439056
C,Anew_C_local_state_ddqn,local_state_ddqn,formal,True,C:\Users\Dk\Desktop\SCI\New_A\checkpoint_store\final_method\A_new_minimum_closure\Anew_C_local_state_ddqn.pt,650000,1092,93,20261416,20261416,-101.11428508173816,600,0.2635,0,0.9750415973377704,max_episode_steps,1.0,586.0,579.0,586.0,588.0,0.0,586.0,,261.0,33.0,8.307888029396938,25.754452891130505,26.405714918262543,,,,0.024663677130044845,1.0504226244065094,0.6512620271320357,-70.31999999999964,,-11.999999999999833,0.0,-10.0,,,-35.199999999999825,586.6666666666666,,,,,,0.0,0.0,,,,,8.51797255427824,0.21008452488130186
C,Anew_C_local_state_ddqn,local_state_ddqn,formal,True,C:\Users\Dk\Desktop\SCI\New_A\checkpoint_store\final_method\A_new_minimum_closure\Anew_C_local_state_ddqn.pt,650000,1092,94,20261417,20261417,-58.274536449474546,600,0.3786,0,0.9534109816971714,max_episode_steps,1.0,574.0,567.0,573.0,581.0,381.0,1.0,,512.0,63.0,16.297466172610086,50.522145135091264,51.76546355052515,,,,0.024018299656881435,2.005352282957881,1.2433184154338865,-68.75999999999958,,-11.999999999999833,0.0,-10.0,,,-19.27999999999975,321.3333333333335,,,,,,0.0,0.0,,,,,16.69853662920166,0.40107045659157636
C,Anew_C_local_state_ddqn,local_state_ddqn,formal,True,C:\Users\Dk\Desktop\SCI\New_A\checkpoint_store\final_method\A_new_minimum_closure\Anew_C_local_state_ddqn.pt,650000,1092,95,20261418,20261418,-99.0455299544175,600,0.2306,0,0.978369384359401,max_episode_steps,1.0,588.0,581.0,588.0,587.0,0.0,587.0,,284.0,36.0,9.040000767619656,28.024002379620928,28.734470045583155,,,,0.02472527472527473,1.1459155902616465,0.7104676659622209,-70.55999999999965,,-11.999999999999833,0.0,-10.0,,,-35.21999999999982,587.0,,,,,,0.0,0.0,,,,,9.269183885671987,0.2291831180523293
C,Anew_C_local_state_ddqn,local_state_ddqn,formal,True,C:\Users\Dk\Desktop\SCI\New_A\checkpoint_store\final_method\A_new_minimum_closure\Anew_C_local_state_ddqn.pt,650000,1092,96,20261419,20261419,-59.95249050596655,600,0.4778,0,0.9217970049916805,max_episode_steps,1.0,554.0,547.0,554.0,568.0,0.0,554.0,,605.0,119.0,19.257748114119334,59.69901915376997,62.04750949403396,,,,0.03784987277353688,3.7878876455871073,2.3484903402640076,-66.47999999999949,,-11.999999999999833,0.0,-10.0,,,-33.51999999999976,558.6666666666666,,,,,,0.0,0.0,,,,,20.01532564323676,0.7575775291174218
C,Anew_C_local_state_ddqn,local_state_ddqn,formal,True,C:\Users\Dk\Desktop\SCI\New_A\checkpoint_store\final_method\A_new_minimum_closure\Anew_C_local_state_ddqn.pt,650000,1092,97,20261420,20261420,-98.18805400868156,600,0.2755,0,0.956738768718802,max_episode_steps,1.0,575.0,568.0,575.0,583.0,0.0,574.0,,264.0,70.0,8.403380995252073,26.050481085281433,27.431945991319083,,,,0.05035971223021582,2.2281692032865346,1.3814649060376514,-68.99999999999959,,-11.999999999999833,0.0,-10.0,,,-34.6199999999998,577.0,,,,,,0.0,0.0,,,,,8.849014835909383,0.44563384065730693
C,Anew_C_local_state_ddqn,local_state_ddqn,formal,True,C:\Users\Dk\Desktop\SCI\New_A\checkpoint_store\final_method\A_new_minimum_closure\Anew_C_local_state_ddqn.pt,650000,1092,98,20261421,20261421,-80.23259343268249,600,0.3481,0,0.9450915141430949,max_episode_steps,1.0,571.0,564.0,568.0,576.0,0.0,568.0,,432.0,78.0,13.750987083139762,42.62805995773326,44.16740656731806,,,,0.034852546916890076,2.4828171122335667,1.5393466095848118,-68.15999999999956,,-11.999999999999833,0.0,-10.0,,,-34.23999999999979,570.6666666666666,,,,,,0.0,0.0,,,,,14.247550505586473,0.49656342244671353
C,Anew_C_local_state_ddqn,local_state_ddqn,formal,True,C:\Users\Dk\Desktop\SCI\New_A\checkpoint_store\final_method\A_new_minimum_closure\Anew_C_local_state_ddqn.pt,650000,1092,99,20261422,20261422,-91.20443649728568,600,0.3068,0,0.9584026622296173,max_episode_steps,1.0,577.0,570.0,576.0,583.0,0.0,576.0,,337.0,69.0,10.727043164393748,33.253833809620616,34.61556350271486,,,,0.039338654503990864,2.1963382146681556,1.3617296930942562,-69.11999999999959,,-11.999999999999833,0.0,-10.0,,,-34.699999999999804,578.3333333333333,,,,,,0.0,0.0,,,,,11.16631080732738,0.439267642933631
