method_label,method_id,method_name,run_stage,checkpoint_used,checkpoint_path,checkpoint_env_steps,checkpoint_train_episode_idx,episode_index,seed,episode_seed,map_fingerprint,episode_reward,episode_length,final_coverage,success,repeat_visit_ratio,done_reason,timeout_flag,zero_info_step_count,stall_trigger_count,recent_revisit_trigger_count,turn_ge_90_count,turn_135_count,turn_180_count,accessible_block_count,collision_count,coverage_gain_per_step,delta_empty_sum,delta_obstacle_sum,empty_info_gain_sum,empty_info_reward_sum,info_reward_sum,invalid_action_count,local_frontier_block_area_mean,local_frontier_coverage,mean_block_area,obstacle_info_contribution_ratio,obstacle_info_gain_sum,obstacle_info_reward_sum,policy_fallback_info_gain_count,policy_frontier_decision_count,policy_no_valid_action_count,policy_safe_fallback_count,recent_revisit_penalty_sum,recent_revisit_rate,stall_rate,step_penalty_sum,terminal_bonus_sum,timeout_penalty_sum,timeout_rate,total_accessible_unknown_area,total_frontier_cluster_count,turn_burden_rate,turn_penalty_sum,turn_penalty_weight_sum,value_block_cap_hit_flag,value_entry_cap_hit_block_count,value_entry_cap_hit_flag,value_max_frontier_clusters_per_block,value_mean_frontier_clusters_per_block,value_packed_block_count,value_packed_entry_count,value_total_block_count_before_cap,value_total_entry_count_before_cap,value_truncated_block_count,value_truncated_entry_count,weighted_info_gain_per_step,weighted_info_gain_sum,weighted_obstacle_info_gain_sum,zero_info_rate
B,Anew_B_classical_frontier_greedy,classical_frontier_greedy,formal,False,,,,0,20261323,20261323,e1559bd8eebb5ad7,-105.84452226954916,600,0.2337,0,0.956738768718802,max_episode_steps,1.0,576.0,568.0,575.0,578.0,0.0,575.0,3.948333263397217,0,0.0003895,190.0,49.0,6.047887837492023,18.74845229622528,19.715477730451628,0,,,114.13985443115234,0.04904904904904901,1.5597184423005737,0.9670254342263559,0,600,0,0,-68.99999999999959,0.9583333333333334,0.9466666666666667,-11.999999999999833,0.0,-10.0,1.0,449.3550109863281,8.006667137145996,0.96,-34.559999999999796,576.0,0.0,0.0,0.0,4.023333549499512,2.046527862548828,3.948333263397217,8.006667137145996,3.948333263397217,8.006667137145996,0.0,0.0,0.010599719209920228,6.359831525952137,0.3119436884601149,0.96
B,Anew_B_classical_frontier_greedy,classical_frontier_greedy,formal,False,,,,1,20261324,20261324,b7bac2374930e370,-10.565451652421036,600,0.6134,0,0.8469217970049917,max_episode_steps,1.0,519.0,508.0,509.0,277.0,1.0,257.0,1.068333387374878,0,0.0010223333333333332,865.0,152.0,27.533805154897877,85.35479598018348,88.3545483475795,0,,,307.7568359375,0.0339513066785794,4.838310269993618,2.9997523673960433,0,600,0,0,-61.079999999999465,0.8483333333333334,0.8466666666666667,-11.999999999999833,0.0,-10.0,1.0,313.9949951171875,2.4000000953674316,0.44,-15.84000000000004,264.0,0.0,0.0,0.0,2.319999933242798,2.256805419921875,1.068333387374878,2.4000000953674316,1.068333387374878,2.4000000953674316,0.0,0.0,0.04750244534816103,28.50146720889662,0.9676620539987241,0.865
B,Anew_B_classical_frontier_greedy,classical_frontier_greedy,formal,False,,,,2,20261325,20261325,00e453e62ca6e32c,157.0485022383687,198,0.9522,1,0.03015075376884422,coverage_reached,0.0,23.0,4.0,6.0,25.0,6.0,3.0,2.60606050491333,0,0.0048090909090909096,1375.0,344.0,43.76760935027124,135.6795889858408,142.46850223836867,0,,,223.47096252441406,0.047652029366948345,10.9498600847224,6.788913252527891,0,198,0,0,-0.72,0.030303030303030304,0.020202020202020204,-3.960000000000003,20.0,0.0,0.0,520.4091186523438,5.323232173919678,0.06228956228956231,-0.74,12.333333333333337,0.0,0.0,0.0,3.616161584854126,2.203871965408325,2.60606050491333,5.323232173919678,2.60606050491333,5.323232173919678,0.0,0.0,0.23210899680411964,45.95758136721569,2.189972016944482,0.11616161616161616
B,Anew_B_classical_frontier_greedy,classical_frontier_greedy,formal,False,,,,3,20261326,20261326,94e28dfeebda64b4,-92.41294399200235,600,0.2988,0,0.9217970049916805,max_episode_steps,1.0,563.0,553.0,554.0,557.0,0.0,552.0,2.0466666221618652,0,0.0004980000000000001,278.0,94.0,8.849014835909378,27.431945991319097,29.287056007998213,0,,,111.07622528076172,0.06334231805929914,2.992112930127631,1.8551100166791314,0,600,0,0,-66.47999999999949,0.9233333333333333,0.9216666666666666,-11.999999999999833,0.0,-10.0,1.0,224.44667053222656,4.163333415985107,0.9227777777777779,-33.21999999999975,553.6666666666667,0.0,0.0,0.0,2.1050000190734863,2.0403332710266113,2.0466666221618652,4.163333415985107,2.0466666221618652,4.163333415985107,0.0,0.0,0.01574572903655818,9.447437421934907,0.5984225860255264,0.9383333333333334
B,Anew_B_classical_frontier_greedy,classical_frontier_greedy,formal,False,,,,4,20261327,20261327,696d1574721086e1,42.95245688976436,600,0.8948,0,0.6805324459234608,max_episode_steps,1.0,438.0,410.0,409.0,435.0,5.0,409.0,3.051666736602783,0,0.0014913333333333334,1347.0,318.0,42.876341668956606,132.9166591737655,139.19245688976508,0,,,124.32241821289062,0.045087196937473456,10.122254380644549,6.275797715999625,0,600,0,0,-49.07999999999972,0.6816666666666666,0.6833333333333333,-11.999999999999833,0.0,-10.0,1.0,369.4983215332031,3.4649999141693115,0.698888888888889,-25.159999999999847,419.33333333333337,0.0,0.0,0.0,1.3483333587646484,1.1371943950653076,3.051666736602783,3.4649999141693115,3.051666736602783,3.4649999141693115,0.0,0.0,0.07483465424180913,44.90079254508548,2.0244508761289093,0.73
B,Anew_B_classical_frontier_greedy,classical_frontier_greedy,formal,False,,,,5,20261328,20261328,c4ab89318124422d,161.2334265305948,176,0.9528,1,0.03954802259887006,coverage_reached,0.0,27.0,0.0,7.0,37.0,6.0,3.0,1.6647727489471436,0,0.0054136363636363635,1413.0,362.0,44.97718691776965,139.42927944508588,146.57342653059482,0,,,333.0582275390625,0.04874107984381308,11.522817879853214,7.144147085508996,0,176,0,0,-0.84,0.03977272727272727,0.0,-3.5200000000000027,20.0,0.0,0.0,458.61932373046875,4.801136493682861,0.09280303030303032,-0.9800000000000004,16.333333333333336,0.0,0.0,0.0,3.75,3.329545497894287,1.6647727489471436,4.801136493682861,1.6647727489471436,4.801136493682861,0.0,0.0,0.2686463096235243,47.281750493740276,2.3045635759706453,0.1534090909090909
B,Anew_B_classical_frontier_greedy,classical_frontier_greedy,formal,False,,,,6,20261329,20261329,cc612efdd927697b,0.43292158120033264,600,0.7204,0,0.7587354409317804,max_episode_steps,1.0,480.0,456.0,456.0,473.0,1.0,456.0,1.2450000047683716,0,0.0012006666666666667,1018.0,224.0,32.40394641350988,100.45223388188066,104.87292158120113,0,,,448.85223388671875,0.04215280391418896,7.130141450516911,4.420687699320488,0,600,0,0,-54.7199999999996,0.76,0.76,-11.999999999999833,0.0,-10.0,1.0,516.0449829101562,3.683333396911621,0.77,-27.719999999999793,462.0,0.0,0.0,0.0,3.258333444595337,3.0426390171051025,1.2450000047683716,3.683333396911621,1.2450000047683716,3.683333396911621,0.0,0.0,0.05638329117268884,33.8299747036133,1.4260282901033818,0.8
B,Anew_B_classical_frontier_greedy,classical_frontier_greedy,formal,False,,,,7,20261330,20261330,6838c45c0a7cc6ed,31.74036619255671,600,0.8278,0,0.7354409317803661,max_episode_steps,1.0,471.0,441.0,435.0,468.0,3.0,432.0,1.3566666841506958,0,0.0013796666666666666,1286.0,291.0,40.93465136323549,126.89741922603002,132.6403661925579,0,,,246.29249572753906,0.04329712840351139,9.26281768794831,5.7429469665279544,0,600,0,0,-52.199999999999655,0.725,0.735,-11.999999999999833,0.0,-10.0,1.0,311.7133483886719,3.809999942779541,0.7416666666666667,-26.699999999999815,445.0,0.0,0.0,0.0,3.1449999809265137,2.9666666984558105,1.3566666841506958,3.809999942779541,1.3566666841506958,3.809999942779541,0.0,0.0,0.07131202483470854,42.78721490082513,1.8525635375896619,0.785
B,Anew_B_classical_frontier_greedy,classical_frontier_greedy,formal,False,,,,8,20261331,20261331,e4092f1b92f5ee1b,-86.89488700879524,600,0.314,0,0.940099833610649,max_episode_steps,1.0,568.0,559.0,565.0,569.0,0.0,565.0,2.011666774749756,0,0.0005233333333333333,359.0,74.0,11.427324913998088,35.42470723339408,36.8851129912053,0,,,223.711669921875,0.03959336543606204,2.3554931577600504,1.4604057578112313,0,600,0,0,-67.79999999999954,0.9416666666666667,0.9316666666666666,-11.999999999999833,0.0,-10.0,1.0,448.19000244140625,4.989999771118164,0.9438888888888888,-33.97999999999978,566.3333333333333,0.0,0.0,0.0,2.991666555404663,2.4852776527404785,2.011666774749756,4.989999771118164,2.011666774749756,4.989999771118164,0.0,0.0,0.019830705909250162,11.898423545550097,0.4710986315520101,0.9466666666666667
B,Anew_B_classical_frontier_greedy,classical_frontier_greedy,formal,False,,,,9,20261332,20261332,067fe7b61895f787,-27.148928193062165,600,0.5934,0,0.8119800332778702,max_episode_steps,1.0,506.0,475.0,487.0,500.0,4.0,482.0,1.1416666507720947,0,0.000989,797.0,203.0,25.369297928848113,78.64482357942921,82.65107180693832,0,,,503.6055603027344,0.04847182425978986,6.46169068953095,4.00624822750919,0,600,0,0,-58.43999999999952,0.8116666666666666,0.7916666666666666,-11.999999999999833,0.0,-10.0,1.0,541.6649780273438,4.461666584014893,0.8155555555555556,-29.359999999999758,489.33333333333337,0.0,0.0,0.0,4.176666736602783,4.017499923706055,1.1416666507720947,4.461666584014893,1.1416666507720947,4.461666584014893,0.0,0.0,0.044436060111257156,26.661636066754294,1.2923381379061905,0.8433333333333334
B,Anew_B_classical_frontier_greedy,classical_frontier_greedy,formal,False,,,,10,20261333,20261333,28c6707bc8456300,8.676026672935262,600,0.7235,0,0.7770382695507487,max_episode_steps,1.0,477.0,456.0,467.0,489.0,3.0,463.0,2.871666669845581,0,0.0012058333333333333,1114.0,261.0,35.45972132087425,109.92513609471034,115.0760266729363,0,,,208.3664093017578,0.0447607614474361,8.307888029396937,5.150890578226101,0,600,0,0,-56.03999999999957,0.7783333333333333,0.76,-11.999999999999833,0.0,-10.0,1.0,585.691650390625,4.013333320617676,0.7877777777777777,-28.35999999999978,472.66666666666663,0.0,0.0,0.0,2.123333215713501,1.4376388788223267,2.871666669845581,4.013333320617676,2.871666669845581,4.013333320617676,0.0,0.0,0.06186883154458944,37.12129892675367,1.6615776058793874,0.795
B,Anew_B_classical_frontier_greedy,classical_frontier_greedy,formal,False,,,,11,20261334,20261334,b1e494e4dac4cb66,-6.757349915515601,600,0.6189,0,0.848585690515807,max_episode_steps,1.0,521.0,507.0,510.0,273.0,2.0,257.0,3.9549999237060547,0,0.0010315,898.0,183.0,28.584227779304392,88.61110611584365,92.22265008448494,0,,,120.71504974365234,0.039161138454953996,5.825070917163369,3.6115439686412896,0,600,0,0,-61.19999999999946,0.85,0.845,-11.999999999999833,0.0,-10.0,1.0,477.1916809082031,6.164999961853027,0.43833333333333335,-15.780000000000042,263.0,0.0,0.0,0.0,2.18833327293396,1.5656944513320923,3.9549999237060547,6.164999961853027,3.9549999237060547,6.164999961853027,0.0,0.0,0.049582069937895136,29.74924196273708,1.1650141834326744,0.8683333333333333
B,Anew_B_classical_frontier_greedy,classical_frontier_greedy,formal,False,,,,12,20261335,20261335,c028689047709480,162.21091963078356,199,0.9548,1,0.05,coverage_reached,0.0,38.0,2.0,10.0,32.0,5.0,3.0,2.1507537364959717,0,0.004797989949748744,1434.0,342.0,45.64563767875555,141.5014768041423,148.2509196307833,0,,,236.1595458984375,0.04552715654952082,10.886198107485649,6.749442826641105,0,199,0,0,-1.2000000000000002,0.05025125628140704,0.010050251256281407,-3.980000000000003,20.0,0.0,0.0,432.2361755371094,4.763819217681885,0.07202680067001677,-0.8600000000000003,14.333333333333337,0.0,0.0,0.0,3.5628139972686768,2.525963306427002,2.1507537364959717,4.763819217681885,2.1507537364959717,4.763819217681885,0.0,0.0,0.24031596633292815,47.8228773002527,2.1772396214971286,0.19095477386934673
B,Anew_B_classical_frontier_greedy,classical_frontier_greedy,formal,False,,,,13,20261336,20261336,64bc33dcf3b14ed8,-99.20978370177585,600,0.2666,0,0.9534109816971714,max_episode_steps,1.0,576.0,567.0,573.0,578.0,2.0,573.0,4.896666526794434,0,0.00044433333333333336,255.0,46.0,8.116902097686662,25.16239650282866,26.07021629822482,0,,,54.966835021972656,0.03482210446631339,1.464225476445437,0.907819795396171,0,600,0,0,-68.75999999999958,0.955,0.945,-11.999999999999833,0.0,-10.0,1.0,262.2349853515625,11.926666259765625,0.9588888888888889,-34.5199999999998,575.3333333333334,0.0,0.013333333656191826,0.013333333656191826,5.0933332443237305,2.478083372116089,4.896666526794434,11.911666870117188,4.896666526794434,11.926666259765625,0.0,0.014999999664723873,0.01401624532162625,8.40974719297575,0.2928450952890874,0.96
B,Anew_B_classical_frontier_greedy,classical_frontier_greedy,formal,False,,,,14,20261337,20261337,be40659ef1bfb354,-34.93181996109848,600,0.5104,0,0.8419301164725458,max_episode_steps,1.0,522.0,494.0,506.0,276.0,1.0,254.0,2.888333320617676,0,0.0008506666666666666,608.0,177.0,19.353241079974467,59.99504734792089,63.48818003890181,0,,,105.8421630859375,0.05502020516008702,5.634084985453095,3.4931326909809193,0,600,0,0,-60.71999999999947,0.8433333333333334,0.8233333333333334,-11.999999999999833,0.0,-10.0,1.0,293.6449890136719,3.138333320617676,0.43611111111111106,-15.70000000000004,261.66666666666663,0.0,0.0,0.0,1.2100000381469727,1.1250277757644653,2.888333320617676,3.138333320617676,2.888333320617676,3.138333320617676,0.0,0.0,0.03413343012844182,20.48005807706509,1.1268169970906188,0.87
B,Anew_B_classical_frontier_greedy,classical_frontier_greedy,formal,False,,,,15,20261338,20261338,8affa52cf23405e1,50.83316174353803,600,0.9341,0,0.6772046589018302,max_episode_steps,1.0,438.0,393.0,407.0,431.0,5.0,405.0,3.3366665840148926,0,0.0015568333333333335,1414.0,358.0,45.009017906388,139.5279555098028,146.59316174353813,0,,,113.7290267944336,0.048196015078082965,11.395493925379716,7.065206233735424,0,600,0,0,-48.839999999999726,0.6783333333333333,0.655,-11.999999999999833,0.0,-10.0,1.0,259.65667724609375,6.866666793823242,0.6922222222222223,-24.919999999999852,415.33333333333337,0.0,0.004999999888241291,0.004999999888241291,3.7833333015441895,2.505138874053955,3.3366665840148926,6.861666679382324,3.3366665840148926,6.866666793823242,0.0,0.004999999888241291,0.07881352781910658,47.28811669146395,2.27909878507594,0.73
B,Anew_B_classical_frontier_greedy,classical_frontier_greedy,formal,False,,,,16,20261339,20261339,151ede01da86f7f0,172.68594014006547,200,0.95,1,0.004975124378109453,coverage_reached,0.0,39.0,27.0,0.0,36.0,8.0,0.0,2.319999933242798,0,0.00475,1533.0,319.0,48.79690555197512,151.2704072111228,157.56594014006578,0,,,193.44000244140625,0.03995490981963933,10.154085369262935,6.29553292894302,0,200,0,0,0.0,0.0,0.135,-4.000000000000003,20.0,0.0,0.0,408.385009765625,5.385000228881836,0.07333333333333335,-0.8800000000000004,14.66666666666667,0.0,0.0,0.0,3.380000114440918,2.624166965484619,2.319999933242798,5.385000228881836,2.319999933242798,5.385000228881836,0.0,0.0,0.25413861312913855,50.82772262582771,2.030817073852584,0.195
B,Anew_B_classical_frontier_greedy,classical_frontier_greedy,formal,False,,,,17,20261340,20261340,49d56252af1f590e,-21.625644086533498,600,0.5225,0,0.8569051580698835,max_episode_steps,1.0,522.0,504.0,515.0,271.0,1.0,258.0,3.0183334350585938,0,0.0008708333333333333,760.0,149.0,24.19155134996809,74.99380918490112,77.93435591346694,0,,,41.81047439575195,0.03773107115725499,4.74281730413848,2.940546728565859,0,600,0,0,-61.79999999999945,0.8583333333333333,0.84,-11.999999999999833,0.0,-10.0,1.0,123.78500366210938,4.2183332443237305,0.4377777777777777,-15.76000000000004,262.66666666666663,0.0,0.0,0.0,2.140000104904175,1.4046944379806519,3.0183334350585938,4.2183332443237305,3.0183334350585938,4.2183332443237305,0.0,0.0,0.041900191351326325,25.140114810795797,0.9485634608276966,0.87
B,Anew_B_classical_frontier_greedy,classical_frontier_greedy,formal,False,,,,18,20261341,20261341,2ad6b909c180de39,155.2168344534253,177,0.951,1,0.028089887640449437,coverage_reached,0.0,26.0,0.0,5.0,39.0,3.0,4.0,2.3163840770721436,0,0.005372881355932203,1358.0,322.0,43.226482543758735,134.0020958856522,140.35683445342536,0,,,190.13682556152344,0.04527559055118113,10.249578335118063,6.354738567773202,0,177,0,0,-0.6,0.02824858757062147,0.0,-3.5400000000000027,20.0,0.0,0.0,408.6327819824219,5.435028076171875,0.09416195856873828,-1.0000000000000004,16.666666666666675,0.0,0.0,0.0,3.4632768630981445,2.5427494049072266,2.3163840770721436,5.435028076171875,2.3163840770721436,5.435028076171875,0.0,0.0,0.2557988599479231,45.276398210782396,2.0499156670236123,0.14689265536723164
B,Anew_B_classical_frontier_greedy,classical_frontier_greedy,formal,False,,,,19,20261342,20261342,76cf045dbf3d43fa,-37.05995974204278,600,0.5193,0,0.8386023294509152,max_episode_steps,1.0,525.0,508.0,504.0,522.0,0.0,504.0,1.9666666984558105,0,0.0008655,740.0,152.0,23.554931577600506,73.02028789056156,76.02004025795758,0,,,327.02056884765625,0.039460020768432,4.838310269993617,2.999752367396044,0,600,0,0,-60.47999999999948,0.84,0.8466666666666667,-11.999999999999833,0.0,-10.0,1.0,633.0250244140625,3.325000047683716,0.85,-30.59999999999973,510.0,0.0,0.0,0.0,2.259999990463257,1.7733333110809326,1.9666666984558105,3.325000047683716,1.9666666984558105,3.325000047683716,0.0,0.0,0.04087098938599872,24.522593631599232,0.967662053998724,0.875
B,Anew_B_classical_frontier_greedy,classical_frontier_greedy,formal,False,,,,20,20261343,20261343,4a05161acd99383d,22.33223014674606,600,0.8191,0,0.718801996672213,max_episode_steps,1.0,459.0,426.0,432.0,463.0,7.0,431.0,1.0766667127609253,0,0.0013651666666666667,1187.0,288.0,37.78338349001594,117.1284888190495,122.81223014674717,0,,,507.54803466796875,0.04627992929455248,9.167324722093174,5.68374132769777,0,600,0,0,-51.83999999999966,0.72,0.71,-11.999999999999833,0.0,-10.0,1.0,521.9266967773438,4.864999771118164,0.74,-26.639999999999816,444.0,0.0,0.0,0.0,4.7866668701171875,4.667778015136719,1.0766667127609253,4.864999771118164,1.0766667127609253,4.864999771118164,0.0,0.0,0.06602808072405762,39.61684843443457,1.8334649444186344,0.765
B,Anew_B_classical_frontier_greedy,classical_frontier_greedy,formal,False,,,,21,20261344,20261344,0d6619a76783a75c,-79.71214963083233,600,0.3016,0,0.9633943427620633,max_episode_steps,1.0,582.0,571.0,579.0,293.0,0.0,290.0,1.971666693687439,0,0.0005026666666666667,287.0,46.0,9.135493733474794,28.320030573771863,29.227850369168035,0,,,137.55999755859375,0.03106009453072248,1.464225476445437,0.9078197953961711,0,600,0,0,-69.4799999999996,0.965,0.9516666666666667,-11.999999999999833,0.0,-10.0,1.0,267.9750061035156,6.929999828338623,0.485,-17.46000000000001,291.0,0.0,0.0,0.0,5.958333492279053,3.5454165935516357,1.971666693687439,6.929999828338623,1.971666693687439,6.929999828338623,0.0,0.0,0.015713898047939805,9.428338828763883,0.2928450952890875,0.97
B,Anew_B_classical_frontier_greedy,classical_frontier_greedy,formal,False,,,,22,20261345,20261345,c630421a0f75e41f,47.913161743537884,600,0.9287,0,0.7054908485856906,max_episode_steps,1.0,444.0,415.0,424.0,449.0,5.0,418.0,1.3083332777023315,0,0.0015478333333333334,1424.0,308.0,45.327327792571786,140.51471615697258,146.5931617435382,0,,,173.23388671875,0.04146472805600434,9.803944494460758,6.078445586565672,0,600,0,0,-50.87999999999968,0.7066666666666667,0.6916666666666667,-11.999999999999833,0.0,-10.0,1.0,215.10166931152344,2.5233333110809326,0.7166666666666667,-25.799999999999834,430.0,0.0,0.0,0.0,2.1500000953674316,2.0019445419311523,1.3083332777023315,2.5233333110809326,1.3083332777023315,2.5233333110809326,0.0,0.0,0.07881352781910658,47.28811669146395,1.9607888988921502,0.74
B,Anew_B_classical_frontier_greedy,classical_frontier_greedy,formal,False,,,,23,20261346,20261346,3ef1cc95af045ab5,-106.27957708773675,600,0.148,0,0.9833610648918469,max_episode_steps,1.0,594.0,585.0,591.0,298.0,0.0,296.0,2.996666669845581,0,0.0002466666666666667,43.0,10.0,1.3687325105902999,4.24307078282993,4.44042291226388,0,,,61.08722686767578,0.044444444444444446,0.3183098861837907,0.19735212943395025,0,600,0,0,-70.91999999999966,0.985,0.975,-11.999999999999833,0.0,-10.0,1.0,182.961669921875,6.014999866485596,0.4944444444444444,-17.800000000000004,296.66666666666663,0.0,0.0,0.0,2.0216667652130127,2.0088887214660645,2.996666669845581,6.014999866485596,2.996666669845581,6.014999866485596,0.0,0.0,0.0023873241463784303,1.4323944878270582,0.06366197723675815,0.99
B,Anew_B_classical_frontier_greedy,classical_frontier_greedy,formal,False,,,,24,20261347,20261347,fe974d36925ebf26,-17.062363715138694,600,0.622,0,0.8352745424292846,max_episode_steps,1.0,507.0,491.0,502.0,521.0,1.0,499.0,2.7316665649414062,0,0.0010366666666666666,931.0,188.0,29.634650403710907,91.86741625150383,95.57763628486205,0,,,224.26930236816406,0.03881891389634524,5.984225860255264,3.7102200333582642,0,600,0,0,-60.23999999999948,0.8366666666666667,0.8183333333333334,-11.999999999999833,0.0,-10.0,1.0,575.3350219726562,6.664999961853027,0.8444444444444444,-30.399999999999736,506.6666666666667,0.0,0.0,0.0,4.073333263397217,2.6177778244018555,2.7316665649414062,6.664999961853027,2.7316665649414062,6.664999961853027,0.0,0.0,0.05138582595960328,30.83149557576197,1.1968451720510531,0.845
B,Anew_B_classical_frontier_greedy,classical_frontier_greedy,formal,False,,,,25,20261348,20261348,d22ec0b42169ba12,17.33586854772836,600,0.7301,0,0.7870216306156406,max_episode_steps,1.0,492.0,463.0,473.0,250.0,2.0,237.0,3.013333320617676,0,0.0012168333333333332,1072.0,245.0,34.12281979890235,105.78074137659733,110.61586854772901,0,,,230.5612030029297,0.043710972346119564,7.798592211502873,4.835127171131784,0,600,0,0,-56.75999999999956,0.7883333333333333,0.7716666666666666,-11.999999999999833,0.0,-10.0,1.0,690.8900146484375,5.284999847412109,0.4033333333333333,-14.520000000000032,242.0,0.0,0.0,0.0,2.2866666316986084,1.810361385345459,3.013333320617676,5.284999847412109,3.013333320617676,5.284999847412109,0.0,0.0,0.059470897068671605,35.68253824120296,1.559718442300575,0.82
B,Anew_B_classical_frontier_greedy,classical_frontier_greedy,formal,False,,,,26,20261349,20261349,dc95cdf618d6d72f,-50.6997635727968,600,0.47,0,0.8585690515806988,max_episode_steps,1.0,528.0,503.0,516.0,520.0,1.0,511.0,1.0616666078567505,0,0.0007833333333333333,618.0,157.0,19.67155096615826,60.98180799509066,64.08023642720369,0,,,399.8564147949219,0.04835232522328304,4.997465213085514,3.0984284321130215,0,600,0,0,-61.91999999999945,0.86,0.8383333333333334,-11.999999999999833,0.0,-10.0,1.0,412.2583312988281,3.265000104904175,0.8572222222222221,-30.859999999999726,514.3333333333333,0.0,0.0,0.0,3.200000047683716,3.1061110496520996,1.0616666078567505,3.265000104904175,1.0616666078567505,3.265000104904175,0.0,0.0,0.034451740014625615,20.671044008775368,0.9994930426171036,0.88
B,Anew_B_classical_frontier_greedy,classical_frontier_greedy,formal,False,,,,27,20261350,20261350,23124f82d119ee6b,45.05656966636822,600,0.8957,0,0.6722129783693843,max_episode_steps,1.0,435.0,395.0,404.0,431.0,7.0,402.0,1.934999942779541,0,0.0014928333333333334,1353.0,348.0,43.06732760066688,133.50871556206738,140.37656966636882,0,,,182.17889404296875,0.048924504428511206,11.077184039195926,6.8678541043014745,0,600,0,0,-48.479999999999734,0.6733333333333333,0.6583333333333333,-11.999999999999833,0.0,-10.0,1.0,320.2149963378906,3.319999933242798,0.69,-24.839999999999854,414.0,0.0,0.0,0.0,2.2850000858306885,1.8641666173934937,1.934999942779541,3.319999933242798,1.934999942779541,3.319999933242798,0.0,0.0,0.07547127401417682,45.28276440850609,2.215436807839183,0.725
B,Anew_B_classical_frontier_greedy,classical_frontier_greedy,formal,False,,,,28,20261351,20261351,c2c28ed546605763,47.38664872897175,600,0.8794,0,0.6738768718801996,max_episode_steps,1.0,457.0,405.0,405.0,431.0,0.0,400.0,3.31166672706604,0,0.0014656666666666666,1388.0,286.0,44.181412202310135,136.96237782716145,142.60664872897232,0,,,202.19091796875,0.03957929698311656,9.103662744856418,5.644270901810981,0,600,0,0,-48.59999999999973,0.675,0.675,-11.999999999999833,0.0,-10.0,1.0,495.1600036621094,6.256666660308838,0.683888888888889,-24.61999999999986,410.33333333333337,0.0,0.0,0.0,3.9183332920074463,2.525611162185669,3.31166672706604,6.256666660308838,3.31166672706604,6.256666660308838,0.0,0.0,0.07667024125213569,46.00214475128141,1.820732548971282,0.7616666666666667
B,Anew_B_classical_frontier_greedy,classical_frontier_greedy,formal,False,,,,29,20261352,20261352,833febb6e531e355,167.71624968082088,221,0.9511,1,0.02702702702702703,coverage_reached,0.0,37.0,6.0,5.0,39.0,7.0,4.0,3.5610859394073486,0,0.004303619909502262,1483.0,379.0,47.205356121056184,146.3366039752741,153.81624968082068,0,,,150.71575927734375,0.0486271490890429,12.063944686365682,7.479645705546721,0,221,0,0,-0.6,0.02262443438914027,0.027149321266968326,-4.419999999999994,20.0,0.0,0.0,469.3574523925781,8.262443542480469,0.08144796380090498,-1.0800000000000003,18.0,0.0,0.0,0.0,4.597285270690918,2.5742833614349365,3.5610859394073486,8.262443542480469,3.5610859394073486,8.262443542480469,0.0,0.0,0.22451649347660343,49.61814505832936,2.4127889372731333,0.167420814479638
B,Anew_B_classical_frontier_greedy,classical_frontier_greedy,formal,False,,,,30,20261353,20261353,de6d71115bb795ec,178.39432381848047,199,0.9546,1,0.04,coverage_reached,0.0,26.0,0.0,8.0,40.0,7.0,3.0,3.3919599056243896,0,0.004796984924623116,1585.0,405.0,50.45211696013084,156.40156257640564,164.39432381848036,0,,,119.74079132080078,0.04861944777911165,12.891550390443529,7.992761242074991,0,199,0,0,-0.96,0.04020100502512563,0.0,-3.980000000000003,20.0,0.0,0.0,374.5728759765625,6.296482563018799,0.08877721943048579,-1.0600000000000005,17.66666666666667,0.0,0.0,0.0,3.708542823791504,1.9469012022018433,3.3919599056243896,6.296482563018799,3.3919599056243896,6.296482563018799,0.0,0.0,0.2664845579810027,53.030427038219536,2.5783100780887063,0.1306532663316583
B,Anew_B_classical_frontier_greedy,classical_frontier_greedy,formal,False,,,,31,20261354,20261354,5304bfa7fbced6a3,171.38832322357544,222,0.9559,1,0.02242152466367713,coverage_reached,0.0,41.0,12.0,5.0,37.0,3.0,4.0,2.855855941772461,0,0.004305855855855856,1520.0,375.0,48.38310269993622,149.98761836980214,157.38832322357518,0,,,161.57200622558594,0.04702194357366776,11.936620731892159,7.40070485377314,0,222,0,0,-0.6,0.02252252252252252,0.05405405405405406,-4.439999999999993,20.0,0.0,0.0,423.8558654785156,5.144144058227539,0.07207207207207209,-0.9600000000000004,16.000000000000004,0.0,0.0,0.0,2.472972869873047,1.9265016317367554,2.855855941772461,5.144144058227539,2.855855941772461,5.144144058227539,0.0,0.0,0.22869561642484076,50.77042684631465,2.3873241463784316,0.18468468468468469
B,Anew_B_classical_frontier_greedy,classical_frontier_greedy,formal,False,,,,32,20261355,20261355,e4ac162df1f9f153,-80.9123458000785,600,0.3433,0,0.9234608985024958,max_episode_steps,1.0,563.0,549.0,555.0,563.0,1.0,555.0,2.991666555404663,0,0.0005721666666666667,397.0,101.0,12.636902481496493,39.17439769263914,41.16765419992202,0,,,177.90724182128906,0.04841802492809202,3.2149298504562847,1.993256507282897,0,600,0,0,-66.5999999999995,0.925,0.915,-11.999999999999833,0.0,-10.0,1.0,530.489990234375,7.076666831970215,0.93,-33.479999999999755,558.0,0.0,0.0,0.0,3.1516666412353516,2.3788888454437256,2.991666555404663,7.076666831970215,2.991666555404663,7.076666831970215,0.0,0.0,0.02213314741931291,13.279888451587746,0.6429859700912574,0.9383333333333334
B,Anew_B_classical_frontier_greedy,classical_frontier_greedy,formal,False,,,,33,20261356,20261356,40f4fb64bdaa5546,-90.49066757034223,600,0.2972,0,0.9417637271214643,max_episode_steps,1.0,573.0,562.0,566.0,575.0,1.0,566.0,1.9850000143051147,0,0.0004953333333333334,330.0,52.0,10.504226244065094,32.563101356601805,33.58933242965835,0,,,174.8119354248047,0.03055229142185662,1.6552114081557112,1.0262310730565412,0,600,0,0,-67.91999999999955,0.9433333333333334,0.9366666666666666,-11.999999999999833,0.0,-10.0,1.0,344.9416809082031,6.023333549499512,0.948888888888889,-34.15999999999978,569.3333333333334,0.0,0.0,0.0,5.0283331871032715,3.058333396911621,1.9850000143051147,6.023333549499512,1.9850000143051147,6.023333549499512,0.0,0.0,0.018058780876160384,10.83526852569623,0.33104228163114224,0.955
B,Anew_B_classical_frontier_greedy,classical_frontier_greedy,formal,False,,,,34,20261357,20261357,a0e7a9d772eb1e81,162.36986048255693,200,0.9506,1,0.029850746268656716,coverage_reached,0.0,38.0,6.0,6.0,49.0,3.0,5.0,2.509999990463257,0,0.004753,1434.0,346.0,45.64563767875561,141.50147680414244,148.329860482557,0,,,219.84523010253906,0.04603512506652474,11.013522061959161,6.828383678414683,0,200,0,0,-0.72,0.03,0.03,-4.000000000000003,20.0,0.0,0.0,418.7099914550781,5.869999885559082,0.10333333333333332,-1.2400000000000007,20.666666666666664,0.0,0.0,0.0,3.690000057220459,2.9920835494995117,2.509999990463257,5.869999885559082,2.509999990463257,5.869999885559082,0.0,0.0,0.23924171045573714,47.84834209114743,2.2027044123918342,0.19
B,Anew_B_classical_frontier_greedy,classical_frontier_greedy,formal,False,,,,35,20261358,20261358,701a50d39da2f9e7,-26.06942345827023,600,0.5824,0,0.8519134775374376,max_episode_steps,1.0,516.0,508.0,512.0,536.0,4.0,512.0,2.940000057220459,0,0.0009706666666666667,864.0,172.0,27.501974166279503,85.25611991546656,88.65057654173042,0,,,189.9663848876953,0.038290293855743514,5.474930042361196,3.3944566262639437,0,600,0,0,-61.43999999999946,0.8533333333333334,0.8466666666666667,-11.999999999999833,0.0,-10.0,1.0,549.9033203125,7.9666666984558105,0.8688888888888887,-31.279999999999717,521.3333333333333,0.0,0.0,0.0,6.0,2.7612500190734863,2.940000057220459,7.9666666984558105,2.940000057220459,7.9666666984558105,0.0,0.0,0.04766160029125294,28.59696017475176,1.0949860084722403,0.86
B,Anew_B_classical_frontier_greedy,classical_frontier_greedy,formal,False,,,,36,20261359,20261359,ef7b31d03c0e0430,159.2359334304064,226,0.9513,1,0.013215859030837005,coverage_reached,0.0,67.0,19.0,2.0,37.0,6.0,1.0,2.8362832069396973,0,0.00420929203539823,1410.0,292.0,44.881693951914464,139.13325125093482,144.8959334304062,0,,,184.24977111816406,0.03977117951511854,9.294648676566686,5.76268217947135,0,226,0,0,-0.24,0.008849557522123894,0.084070796460177,-4.519999999999992,20.0,0.0,0.0,495.1017761230469,5.194690227508545,0.06637168141592921,-0.9000000000000005,15.000000000000002,0.0,0.0,0.0,2.8318583965301514,1.8629792928695679,2.8362832069396973,5.194690227508545,2.8362832069396973,5.194690227508545,0.0,0.0,0.20681691897003468,46.74062368722784,1.8589297353133378,0.29646017699115046
B,Anew_B_classical_frontier_greedy,classical_frontier_greedy,formal,False,,,,37,20261360,20261360,a74a3568ec6ded39,-26.168326266004826,600,0.5158,0,0.8469217970049917,max_episode_steps,1.0,528.0,502.0,507.0,266.0,1.0,254.0,2.011666774749756,0,0.0008596666666666667,701.0,152.0,22.31352302148372,69.17192136659956,72.1716737339956,0,,,321.3450012207031,0.04156412359857805,4.838310269993615,2.9997523673960425,0,600,0,0,-60.83999999999947,0.845,0.8366666666666667,-11.999999999999833,0.0,-10.0,1.0,634.1716918945312,4.168333530426025,0.4305555555555555,-15.500000000000039,258.3333333333333,0.0,0.0,0.0,3.059999942779541,2.121666669845581,2.011666774749756,4.168333530426025,2.011666774749756,4.168333530426025,0.0,0.0,0.0388019751258041,23.28118507548246,0.9676620539987235,0.88
B,Anew_B_classical_frontier_greedy,classical_frontier_greedy,formal,False,,,,38,20261361,20261361,99b33951749dfcda,-35.957277562571534,600,0.5201,0,0.8818635607321131,max_episode_steps,1.0,539.0,528.0,530.0,546.0,1.0,530.0,2.0433332920074463,0,0.0008668333333333334,799.0,149.0,25.432959906084882,78.84217570886314,81.78272243742896,0,,,256.49029541015625,0.03595559845559845,4.74281730413848,2.940546728565859,0,600,0,0,-63.59999999999941,0.8833333333333333,0.88,-11.999999999999833,0.0,-10.0,1.0,518.683349609375,10.736666679382324,0.8927777777777777,-32.13999999999971,535.6666666666666,0.0,0.9150000214576721,0.9150000214576721,8.693333625793457,5.297500133514404,2.0433332920074463,9.8100004196167,2.0433332920074463,10.736666679382324,0.0,0.9266666769981384,0.043969205611520956,26.381523366912575,0.9485634608276966,0.8983333333333333
B,Anew_B_classical_frontier_greedy,classical_frontier_greedy,formal,False,,,,39,20261362,20261362,d234d6692c9f915b,-39.853143896381496,600,0.5342,0,0.9001663893510815,max_episode_steps,1.0,545.0,535.0,541.0,283.0,1.0,271.0,3.866666555404663,0,0.0008903333333333334,622.0,112.0,19.798874920631775,61.37651225395852,63.58685610361876,0,,,128.08206176757812,0.03476101800124146,3.565070725258454,2.2103438496602426,0,600,0,0,-64.91999999999943,0.9016666666666666,0.8916666666666667,-11.999999999999833,0.0,-10.0,1.0,481.7966613769531,7.9683332443237305,0.45888888888888885,-16.52000000000003,275.3333333333333,0.0,0.0,0.0,3.1600000858306885,2.1448333263397217,3.866666555404663,7.9683332443237305,3.866666555404663,7.9683332443237305,0.0,0.0,0.03418648177613912,20.511889065683473,0.7130141450516913,0.9083333333333333
B,Anew_B_classical_frontier_greedy,classical_frontier_greedy,formal,False,,,,40,20261363,20261363,ee7a0b65643f6f72,-115.21901320471856,600,0.1916,0,0.956738768718802,max_episode_steps,1.0,584.0,568.0,575.0,578.0,1.0,575.0,2.988333225250244,0,0.0003193333333333333,95.0,50.0,3.0239439187460113,9.374226148112639,10.360986795282388,0,,,95.72777557373047,0.09523809523809522,1.5915494309189533,0.9867606471697512,0,600,0,0,-68.99999999999959,0.9583333333333334,0.9466666666666667,-11.999999999999833,0.0,-10.0,1.0,285.5566711425781,4.081666469573975,0.9605555555555554,-34.5799999999998,576.3333333333333,0.0,0.0,0.0,2.065000057220459,1.3731943368911743,2.988333225250244,4.081666469573975,2.988333225250244,4.081666469573975,0.0,0.0,0.005570423008216336,3.342253804929802,0.3183098861837907,0.9733333333333334
B,Anew_B_classical_frontier_greedy,classical_frontier_greedy,formal,False,,,,41,20261364,20261364,307f2821bac19af6,48.697346873085536,600,0.8403,0,0.7304492512479202,max_episode_steps,1.0,452.0,434.0,439.0,249.0,5.0,222.0,3.7816667556762695,0,0.0014005,1332.0,299.0,42.39887683968092,131.43651820301085,137.33734687308592,0,,,128.3762969970703,0.042965943382669944,9.517465596895342,5.900828670075115,0,600,0,0,-52.679999999999644,0.7316666666666667,0.7233333333333334,-11.999999999999833,0.0,-10.0,1.0,472.5533447265625,9.123332977294922,0.3877777777777778,-13.960000000000026,232.66666666666666,0.0,0.0,0.0,4.053333282470703,2.468388795852661,3.7816667556762695,9.123332977294922,3.7816667556762695,9.123332977294922,0.0,0.0,0.07383728326510004,44.30236995906002,1.903493119379068,0.7533333333333333
B,Anew_B_classical_frontier_greedy,classical_frontier_greedy,formal,False,,,,42,20261365,20261365,3f2cf76604d014f3,-78.47612143668138,600,0.2727,0,0.9517470881863561,max_episode_steps,1.0,576.0,568.0,572.0,294.0,0.0,287.0,2.986666679382324,0,0.0004545,288.0,56.0,9.16732472209317,28.418706638488832,29.523878563318945,0,,,142.09429931640625,0.03743315508021391,1.7825353626292275,1.1051719248301213,0,600,0,0,-68.63999999999957,0.9533333333333334,0.9466666666666667,-11.999999999999833,0.0,-10.0,1.0,423.4716796875,7.973333358764648,0.48222222222222216,-17.360000000000014,289.3333333333333,0.0,0.0,0.0,3.986666679382324,2.676666736602783,2.986666679382324,7.973333358764648,2.986666679382324,7.973333358764648,0.0,0.0,0.015873052991031696,9.523831794619017,0.35650707252584557,0.96
B,Anew_B_classical_frontier_greedy,classical_frontier_greedy,formal,False,,,,43,20261366,20261366,1ec6ebff4bd82adc,167.51704404199072,219,0.9546,1,0.04090909090909091,coverage_reached,0.0,46.0,4.0,7.0,40.0,7.0,2.0,2.3196346759796143,0,0.004358904109589041,1485.0,366.0,47.269018098292904,146.53395610470807,153.7570440419905,0,,,225.7933807373047,0.04697728147862922,11.650141834326748,7.223087937282586,0,219,0,0,-0.84,0.0319634703196347,0.0182648401826484,-4.379999999999995,20.0,0.0,0.0,446.9862976074219,6.529680252075195,0.0776255707762557,-1.0200000000000005,17.0,0.0,0.0,0.0,4.301369667053223,3.165905714035034,2.3196346759796143,6.529680252075195,2.3196346759796143,6.529680252075195,0.0,0.0,0.2264796642244669,49.599046465158246,2.3300283668653483,0.2100456621004566
B,Anew_B_classical_frontier_greedy,classical_frontier_greedy,formal,False,,,,44,20261367,20261367,4e8ddabd80a4ce20,31.0238807772371,600,0.7809,0,0.7554076539101497,max_episode_steps,1.0,461.0,446.0,454.0,264.0,0.0,229.0,1.9199999570846558,0,0.0013015000000000001,1184.0,259.0,37.68789052416083,116.83246062489854,121.9438807772378,0,,,318.430419921875,0.04191616766467066,8.244226052160178,5.111420152339312,0,600,0,0,-54.479999999999606,0.7566666666666667,0.7433333333333333,-11.999999999999833,0.0,-10.0,1.0,586.7216796875,5.590000152587891,0.40111111111111114,-14.44000000000003,240.66666666666669,0.0,0.0,0.0,4.659999847412109,2.9936113357543945,1.9199999570846558,5.590000152587891,1.9199999570846558,5.590000152587891,0.0,0.0,0.0655612262243214,39.336735734592835,1.6488452104320357,0.7683333333333333
B,Anew_B_classical_frontier_greedy,classical_frontier_greedy,formal,False,,,,45,20261368,20261368,23bd65344d50de61,-70.33852540977706,600,0.423,0,0.8985024958402662,max_episode_steps,1.0,549.0,536.0,540.0,550.0,1.0,540.0,3.0199999809265137,0,0.000705,474.0,117.0,15.087888605111678,46.772454675846234,49.08147459022342,0,,,104.7798080444336,0.0470446320868516,3.7242256683503494,2.3090199143772177,0,600,0,0,-64.79999999999943,0.9,0.8933333333333333,-11.999999999999833,0.0,-10.0,1.0,315.9700012207031,7.00166654586792,0.9061111111111112,-32.61999999999973,543.6666666666667,0.0,0.0,0.0,3.9733333587646484,2.3194446563720703,3.0199999809265137,7.00166654586792,3.0199999809265137,7.00166654586792,0.0,0.0,0.026387889564636245,15.832733738781748,0.7448451336700703,0.915
B,Anew_B_classical_frontier_greedy,classical_frontier_greedy,formal,False,,,,46,20261369,20261369,f10eb2ae9fe22490,35.17611244519972,600,0.8386,0,0.7520798668885191,max_episode_steps,1.0,466.0,444.0,452.0,473.0,3.0,226.0,1.2966666221618652,0,0.0013976666666666666,1262.0,276.0,40.17070763639438,124.52919367282267,129.97611244519965,0,,,431.04876708984375,0.041907075614940795,8.785352858672631,5.446918772377031,0,600,0,0,-54.23999999999961,0.7533333333333333,0.74,-11.999999999999833,0.0,-10.0,1.0,471.3666687011719,1.7483333349227905,0.5155555555555555,-18.559999999999913,309.3333333333333,0.0,0.0,0.0,1.4166666269302368,1.2276945114135742,1.2966666221618652,1.7483333349227905,1.2966666221618652,1.7483333349227905,0.0,0.0,0.06987963034688154,41.92777820812892,1.757070571734524,0.7766666666666666
B,Anew_B_classical_frontier_greedy,classical_frontier_greedy,formal,False,,,,47,20261370,20261370,342122e051075118,-33.13000449574129,600,0.5467,0,0.8369384359400999,max_episode_steps,1.0,514.0,498.0,503.0,517.0,3.0,503.0,2.0283334255218506,0,0.0009111666666666666,775.0,166.0,24.669016179243748,76.47395015565569,79.74999550425926,0,,,215.4813995361328,0.04107894085622373,5.283944110650923,3.2760453486035748,0,600,0,0,-60.35999999999948,0.8383333333333334,0.83,-11.999999999999833,0.0,-10.0,1.0,432.9483337402344,8.206666946411133,0.8477777777777779,-30.519999999999733,508.6666666666667,0.0,0.0416666679084301,0.0416666679084301,7.136666774749756,4.095555305480957,2.0283334255218506,8.15999984741211,2.0283334255218506,8.206666946411133,0.0,0.046666666865348816,0.04287634166895662,25.72580500137397,1.0567888221301858,0.8566666666666667
B,Anew_B_classical_frontier_greedy,classical_frontier_greedy,formal,False,,,,48,20261371,20261371,8579db8cdc093f1f,-98.6813962882276,600,0.1873,0,0.9650582362728786,max_episode_steps,1.0,587.0,574.0,580.0,296.0,1.0,292.0,1.9900000095367432,0,0.00031216666666666665,103.0,19.0,3.2785918276930444,10.163634665848438,10.538603711772943,0,,,97.72166442871094,0.03558052434456929,0.6047887837492023,0.3749690459245055,0,600,0,0,-69.59999999999961,0.9666666666666667,0.9566666666666667,-11.999999999999833,0.0,-10.0,1.0,193.538330078125,2.068333387374878,0.4894444444444444,-17.620000000000008,293.66666666666663,0.0,0.0,0.0,1.0783333778381348,1.0611110925674438,1.9900000095367432,2.068333387374878,1.9900000095367432,2.068333387374878,0.0,0.0,0.005665915974071475,3.399549584442885,0.1209577567498405,0.9783333333333334
B,Anew_B_classical_frontier_greedy,classical_frontier_greedy,formal,False,,,,49,20261372,20261372,9e713a992b4667fc,-90.9803408751346,600,0.3016,0,0.940099833610649,max_episode_steps,1.0,572.0,559.0,565.0,571.0,1.0,564.0,2.991666555404663,0,0.0005026666666666667,319.0,68.0,10.154085369262921,31.47766464471507,32.819659124865936,0,,,130.3673553466797,0.04088995790739625,2.1645072260497757,1.3419944801508612,0,600,0,0,-67.79999999999954,0.9416666666666667,0.9316666666666666,-11.999999999999833,0.0,-10.0,1.0,389.36334228515625,8.0,0.9444444444444445,-33.99999999999978,566.6666666666667,0.0,0.0,0.0,4.045000076293945,2.6794440746307373,2.991666555404663,8.0,2.991666555404663,8.0,0.0,0.0,0.017644978024121464,10.586986814472878,0.4329014452099553,0.9533333333333334
B,Anew_B_classical_frontier_greedy,classical_frontier_greedy,formal,False,,,,50,20261373,20261373,4e9f95a8cd5bb909,-81.77975983766348,600,0.3696,0,0.9367720465890182,max_episode_steps,1.0,568.0,557.0,563.0,571.0,0.0,563.0,1.0466666221618652,0,0.000616,410.0,64.0,13.050705333535417,40.457186533959806,41.72024016233708,0,,,343.0072326660156,0.030274361400189208,2.03718327157626,1.2630536283772813,0,600,0,0,-67.55999999999953,0.9383333333333334,0.9283333333333333,-11.999999999999833,0.0,-10.0,1.0,347.9549865722656,8.001667022705078,0.9427777777777777,-33.93999999999978,565.6666666666666,0.0,0.011666666716337204,0.011666666716337204,7.87666654586792,7.837777614593506,1.0466666221618652,7.985000133514404,1.0466666221618652,8.001667022705078,0.0,0.01666666753590107,0.022430236646417776,13.458141987850667,0.40743665431525206,0.9466666666666667
B,Anew_B_classical_frontier_greedy,classical_frontier_greedy,formal,False,,,,51,20261374,20261374,ed2f58fba5bb07c2,-43.61609086290942,600,0.4472,0,0.8768718801996672,max_episode_steps,1.0,535.0,520.0,527.0,280.0,1.0,265.0,2.9733333587646484,0,0.0007453333333333333,559.0,136.0,17.79352263767389,55.15992017678909,57.84390913709081,0,,,171.56484985351562,0.04640054588877515,4.3290144520995515,2.683988960301723,0,600,0,0,-63.23999999999942,0.8783333333333333,0.8666666666666667,-11.999999999999833,0.0,-10.0,1.0,506.1866760253906,5.133333206176758,0.45055555555555554,-16.220000000000038,270.3333333333333,0.0,0.0,0.0,2.1649999618530273,1.7470279932022095,2.9733333587646484,5.133333206176758,2.9733333587646484,5.133333206176758,0.0,0.0,0.031098875880156338,18.659325528093802,0.865802890419911,0.8916666666666667
B,Anew_B_classical_frontier_greedy,classical_frontier_greedy,formal,False,,,,52,20261375,20261375,67827e600143f0b2,26.59828594014309,600,0.7663,0,0.7437603993344426,max_episode_steps,1.0,455.0,442.0,447.0,253.0,5.0,225.0,1.2649999856948853,0,0.0012771666666666667,1128.0,258.0,35.905355161531595,111.30660100074793,116.39828594014378,0,,,267.3783264160156,0.04374364191251275,8.212395063541802,5.09168493939592,0,600,0,0,-53.639999999999624,0.745,0.7366666666666667,-11.999999999999833,0.0,-10.0,1.0,314.625,6.440000057220459,0.3933333333333333,-14.160000000000029,236.0,0.0,0.009999999776482582,0.009999999776482582,6.105000019073486,5.556389331817627,1.2649999856948853,6.429999828338623,1.2649999856948853,6.440000057220459,0.0,0.009999999776482582,0.06257972362373325,37.54783417423995,1.6424790127083602,0.7583333333333333
B,Anew_B_classical_frontier_greedy,classical_frontier_greedy,formal,False,,,,53,20261376,20261376,ad56ccdfe2b396a1,-13.389777752723631,600,0.6257,0,0.8053244592346089,max_episode_steps,1.0,497.0,480.0,484.0,501.0,3.0,484.0,1.8916666507720947,0,0.0010428333333333333,929.0,226.0,29.570988426474145,91.67006412206986,96.13022224727713,0,,,211.27471923828125,0.04639704372818725,7.193803427753671,4.460158125207276,0,600,0,0,-58.07999999999953,0.8066666666666666,0.8,-11.999999999999833,0.0,-10.0,1.0,370.22833251953125,8.143333435058594,0.8177777777777777,-29.439999999999756,490.66666666666663,0.0,0.0716666653752327,0.0716666653752327,6.386666774749756,4.549166679382324,1.8916666507720947,8.039999961853027,1.8916666507720947,8.143333435058594,0.0,0.10333333164453506,0.05168291518670817,31.009749112024902,1.438760685550734,0.8283333333333334
B,Anew_B_classical_frontier_greedy,classical_frontier_greedy,formal,False,,,,54,20261377,20261377,92829ad0c182e951,-63.65246961638026,600,0.3514,0,0.9317803660565723,max_episode_steps,1.0,561.0,552.0,560.0,290.0,4.0,281.0,1.975000023841858,0,0.0005856666666666666,411.0,107.0,13.0825363221538,40.55586259867678,42.66753038362005,0,,,255.4933319091797,0.04949121184088805,3.4059157821665593,2.111667784943267,0,600,0,0,-67.19999999999952,0.9333333333333333,0.92,-11.999999999999833,0.0,-10.0,1.0,499.92498779296875,7.986666679382324,0.4755555555555555,-17.12000000000002,285.3333333333333,0.0,0.0033333334140479565,0.0033333334140479565,6.961666584014893,4.10277795791626,1.975000023841858,7.983333110809326,1.975000023841858,7.986666679382324,0.0,0.0033333334140479565,0.02293953246431185,13.763719478587111,0.6811831564333122,0.935
B,Anew_B_classical_frontier_greedy,classical_frontier_greedy,formal,False,,,,55,20261378,20261378,165bb426e16227f3,-57.012119057060545,600,0.4567,0,0.8535773710482529,max_episode_steps,1.0,523.0,506.0,513.0,522.0,2.0,513.0,2.055000066757202,0,0.0007611666666666666,550.0,166.0,17.507043740108486,54.271835594336366,57.54788094293989,0,,,325.9958190917969,0.05692729766803838,5.283944110650923,3.276045348603575,0,600,0,0,-61.559999999999455,0.855,0.8433333333333334,-11.999999999999833,0.0,-10.0,1.0,658.780029296875,5.108333110809326,0.861111111111111,-30.999999999999723,516.6666666666666,0.0,0.0,0.0,3.9100000858306885,2.5027222633361816,2.055000066757202,5.108333110809326,2.055000066757202,5.108333110809326,0.0,0.0,0.03093972093706445,18.56383256223867,1.0567888221301858,0.8716666666666667
B,Anew_B_classical_frontier_greedy,classical_frontier_greedy,formal,False,,,,56,20261379,20261379,8ba00cf4d8d77783,47.9150876058781,600,0.8786,0,0.7254575707154742,max_episode_steps,1.0,458.0,430.0,436.0,245.0,4.0,220.0,2.758333444595337,0,0.0014643333333333333,1314.0,322.0,41.8259190445501,129.66034903810527,136.01508760587845,0,,,169.539306640625,0.04672083575159609,10.249578335118063,6.354738567773202,0,600,0,0,-52.31999999999965,0.7266666666666667,0.7166666666666667,-11.999999999999833,0.0,-10.0,1.0,407.17999267578125,5.306666851043701,0.3827777777777778,-13.780000000000024,229.66666666666666,0.0,0.0,0.0,3.2933332920074463,2.115833282470703,2.758333444595337,5.306666851043701,2.758333444595337,5.306666851043701,0.0,0.0,0.07312639118595621,43.875834711573724,2.049915667023612,0.7633333333333333
B,Anew_B_classical_frontier_greedy,classical_frontier_greedy,formal,False,,,,57,20261380,20261380,962afc4afb6a2073,168.30751170795293,202,0.9517,1,0.03940886699507389,coverage_reached,0.0,15.0,0.0,8.0,40.0,4.0,7.0,1.6089109182357788,0,0.004711386138613861,1488.0,387.0,47.364511064148054,146.82998429885896,154.46751170795264,0,,,413.53094482421875,0.04944423150632432,12.318592595312712,7.637527409093883,0,202,0,0,-0.96,0.039603960396039604,0.0,-4.040000000000002,20.0,0.0,0.0,548.4356689453125,6.262376308441162,0.0957095709570957,-1.1600000000000006,19.333333333333332,0.0,0.004950494971126318,0.004950494971126318,5.321782112121582,4.641914367675781,1.6089109182357788,6.257425785064697,1.6089109182357788,6.262376308441162,0.0,0.004950494971126318,0.24667440387728026,49.828229583210614,2.463718519062542,0.07425742574257425
B,Anew_B_classical_frontier_greedy,classical_frontier_greedy,formal,False,,,,58,20261381,20261381,09db32f85cb066f5,18.65874316131178,600,0.792,0,0.7936772046589018,max_episode_steps,1.0,491.0,468.0,477.0,499.0,2.0,472.0,2.1516666412353516,0,0.00132,1243.0,210.0,39.56591885264519,122.65434844320005,126.79874316131301,0,,,160.71337890625,0.03268482490272375,6.684507609859605,4.144394718112957,0,600,0,0,-57.23999999999955,0.795,0.78,-11.999999999999833,0.0,-10.0,1.0,343.7449951171875,3.441666603088379,0.8027777777777778,-28.899999999999768,481.6666666666667,0.0,0.0,0.0,2.1666667461395264,1.5928611755371094,2.1516666412353516,3.441666603088379,2.1516666412353516,3.441666603088379,0.0,0.0,0.06817136729102853,40.90282037461712,1.3369015219719211,0.8183333333333334
B,Anew_B_classical_frontier_greedy,classical_frontier_greedy,formal,False,,,,59,20261382,20261382,fd5a6662d892e80b,-68.18897592128666,600,0.3771,0,0.9034941763727121,max_episode_steps,1.0,558.0,537.0,540.0,555.0,2.0,540.0,2.0233333110809326,0,0.0006284999999999999,502.0,92.0,15.979156286426294,49.53538448792153,51.35102407871385,0,,,204.16278076171875,0.03535741737125286,2.9284509528908726,1.8156395907923417,0,600,0,0,-64.79999999999943,0.9,0.895,-11.999999999999833,0.0,-10.0,1.0,409.663330078125,6.168333530426025,0.9094444444444444,-32.73999999999973,545.6666666666666,0.0,0.0016666667070239782,0.0016666667070239782,5.059999942779541,3.0631942749023438,2.0233333110809326,6.166666507720947,2.0233333110809326,6.168333530426025,0.0,0.0016666667070239782,0.02760807746167411,16.564846477004465,0.585690190578175,0.93
B,Anew_B_classical_frontier_greedy,classical_frontier_greedy,formal,False,,,,60,20261383,20261383,6780594af47c26bd,169.11015957851896,213,0.9515,1,0.018691588785046728,coverage_reached,0.0,39.0,5.0,2.0,27.0,2.0,2.0,2.075117349624634,0,0.004467136150234742,1490.0,367.0,47.42817304138478,147.0273364282929,154.2701595785188,0,,,211.61813354492188,0.04694895740053735,11.681972822945125,7.242823150225981,0,213,0,0,-0.24,0.009389671361502348,0.023474178403755867,-4.259999999999997,20.0,0.0,0.0,384.713623046875,5.48356819152832,0.05164319248826292,-0.6600000000000003,11.000000000000002,0.0,0.0,0.0,3.5868544578552246,2.979733943939209,2.075117349624634,5.48356819152832,2.075117349624634,5.48356819152832,0.0,0.0,0.23363646763367996,49.76456760597383,2.3363945645890256,0.18309859154929578
B,Anew_B_classical_frontier_greedy,classical_frontier_greedy,formal,False,,,,61,20261384,20261384,90f345732bdb8ef9,161.35780409425513,190,0.9514,1,0.06806282722513089,coverage_reached,0.0,20.0,1.0,12.0,40.0,1.0,8.0,3.3421051502227783,0,0.005007368421052632,1427.0,351.0,45.42282075842695,140.81074435112347,147.73780409425518,0,,,119.4551773071289,0.04688752337697039,11.172677005051066,6.927059743131659,0,190,0,0,-1.4400000000000004,0.06315789473684211,0.005263157894736842,-3.800000000000003,20.0,0.0,0.0,357.1684265136719,6.747368335723877,0.10000000000000002,-1.1400000000000006,19.000000000000004,0.0,0.0,0.0,4.278947353363037,2.2319300174713135,3.3421051502227783,6.747368335723877,3.3421051502227783,6.747368335723877,0.0,0.0,0.250828190312827,47.65735615943713,2.234535401010211,0.10526315789473684
B,Anew_B_classical_frontier_greedy,classical_frontier_greedy,formal,False,,,,62,20261385,20261385,d5ab3cbe66865116,21.58243302565165,600,0.8064,0,0.7337770382695508,max_episode_steps,1.0,457.0,441.0,441.0,466.0,4.0,441.0,1.1966667175292969,0,0.001344,1196.0,280.0,38.06986238758136,118.01657340150227,123.54243302565278,0,,,518.900390625,0.04472843450479239,8.912676813146149,5.525859624150615,0,600,0,0,-52.91999999999964,0.735,0.735,-11.999999999999833,0.0,-10.0,1.0,560.0216674804688,3.9116666316986084,0.7511111111111111,-27.039999999999807,450.66666666666663,0.0,0.006666666828095913,0.006666666828095913,3.426666736602783,3.278055429458618,1.1966667175292969,3.9049999713897705,1.1966667175292969,3.9116666316986084,0.0,0.006666666828095913,0.06642066291701768,39.852397750210606,1.782535362629227,0.7616666666666667
B,Anew_B_classical_frontier_greedy,classical_frontier_greedy,formal,False,,,,63,20261386,20261386,2a60ca814e5578ab,19.307199192670502,600,0.8151,0,0.7520798668885191,max_episode_steps,1.0,468.0,448.0,452.0,475.0,3.0,452.0,3.700000047683716,0,0.0013585000000000001,1188.0,302.0,37.81521447863434,117.22716488376648,123.1871991926717,0,,,141.1812286376953,0.048381928868952276,9.61295856275048,5.960034308905302,0,600,0,0,-54.23999999999961,0.7533333333333333,0.7466666666666667,-11.999999999999833,0.0,-10.0,1.0,488.9633483886719,6.289999961853027,0.7677777777777778,-27.639999999999795,460.6666666666667,0.0,0.0,0.0,3.4566667079925537,1.883388876914978,3.700000047683716,6.289999961853027,3.700000047683716,6.289999961853027,0.0,0.0,0.0662296769853074,39.73780619118444,1.9225917125500949,0.78
B,Anew_B_classical_frontier_greedy,classical_frontier_greedy,formal,False,,,,64,20261387,20261387,1f693b460eaa03f3,164.69476762033054,181,0.9514,1,0.02197802197802198,coverage_reached,0.0,33.0,3.0,4.0,29.0,2.0,1.0,1.8839778900146484,0,0.0052563535911602215,1448.0,333.0,46.091271519412885,142.88294171017992,149.45476762033044,0,,,270.9175720214844,0.04397200581011492,10.599719209920234,6.571825910150547,0,181,0,0,-0.48,0.022099447513812154,0.016574585635359115,-3.6200000000000028,20.0,0.0,0.0,438.7403259277344,5.160221099853516,0.06077348066298344,-0.6600000000000001,11.000000000000002,0.0,0.0,0.0,3.8839778900146484,3.0276243686676025,1.8839778900146484,5.160221099853516,1.8839778900146484,5.160221099853516,0.0,0.0,0.26636030586407144,48.21121536139693,2.1199438419840457,0.18232044198895028
B,Anew_B_classical_frontier_greedy,classical_frontier_greedy,formal,False,,,,65,20261388,20261388,2af023e75db86e5d,-75.87546804626616,600,0.2696,0,0.9101497504159733,max_episode_steps,1.0,559.0,540.0,544.0,282.0,1.0,273.0,1.0049999952316284,0,0.0004493333333333333,265.0,93.0,8.435211983870454,26.149157149998416,27.984531953734137,0,,,445.2083435058594,0.06558533145275032,2.960281941509252,1.835374803735737,0,600,0,0,-65.27999999999945,0.9066666666666666,0.9,-11.999999999999833,0.0,-10.0,1.0,446.42333984375,5.0933332443237305,0.46055555555555555,-16.58000000000003,276.3333333333333,0.0,0.0,0.0,5.0883331298828125,5.073333263397217,1.0049999952316284,5.0933332443237305,1.0049999952316284,5.0933332443237305,0.0,0.0,0.01504544728695384,9.027268372172303,0.5920563883018508,0.9316666666666666
B,Anew_B_classical_frontier_greedy,classical_frontier_greedy,formal,False,,,,66,20261389,20261389,4f95910189ad7c7c,-26.23883197600603,600,0.6027,0,0.848585690515807,max_episode_steps,1.0,520.0,506.0,510.0,526.0,1.0,509.0,1.9916666746139526,0,0.0010045,859.0,157.0,27.34281922318763,84.76273959188164,87.86116802399461,0,,,308.18475341796875,0.03526504941599281,4.997465213085512,3.098428432113019,0,600,0,0,-61.19999999999946,0.85,0.8433333333333334,-11.999999999999833,0.0,-10.0,1.0,601.625,6.211666584014893,0.8583333333333333,-30.899999999999725,515.0,0.0,0.0016666667070239782,0.0016666667070239782,4.244999885559082,3.195972204208374,1.9916666746139526,6.210000038146973,1.9916666746139526,6.211666584014893,0.0,0.0016666667070239782,0.04723718710967453,28.342312265804722,0.9994930426171033,0.8666666666666667
B,Anew_B_classical_frontier_greedy,classical_frontier_greedy,formal,False,,,,67,20261390,20261390,b7723553a632c584,-104.72597002113415,600,0.2244,0,0.9600665557404326,max_episode_steps,1.0,579.0,571.0,577.0,585.0,1.0,577.0,2.001666784286499,0,0.000374,210.0,30.0,6.6845076098596055,20.721973590564776,21.314029978866625,0,,,181.71221923828125,0.02777777777777778,0.9549296585513721,0.5920563883018508,0,600,0,0,-69.2399999999996,0.9616666666666667,0.9516666666666667,-11.999999999999833,0.0,-10.0,1.0,362.7733459472656,5.034999847412109,0.9666666666666667,-34.799999999999805,580.0,0.0,0.0,0.0,4.026666641235352,2.528888702392578,2.001666784286499,5.034999847412109,2.001666784286499,5.034999847412109,0.0,0.0,0.011459155902616466,6.87549354156988,0.1909859317102744,0.965
B,Anew_B_classical_frontier_greedy,classical_frontier_greedy,formal,False,,,,68,20261391,20261391,295baa11edf1f257,-88.65529276660648,600,0.2983,0,0.9417637271214643,max_episode_steps,1.0,575.0,565.0,566.0,577.0,1.0,565.0,1.0049999952316284,0,0.0004971666666666667,351.0,40.0,11.172677005051053,34.63529871565827,35.42470723339408,0,,,365.5174865722656,0.022284122562674088,1.2732395447351625,0.7894085177358008,0,600,0,0,-67.91999999999955,0.9433333333333334,0.9416666666666667,-11.999999999999833,0.0,-10.0,1.0,365.9266662597656,4.023333549499512,0.9488888888888888,-34.15999999999978,569.3333333333333,0.0,0.0,0.0,4.016666889190674,4.012499809265137,1.0049999952316284,4.023333549499512,1.0049999952316284,4.023333549499512,0.0,0.0,0.019045541523330142,11.427324913998085,0.25464790894703254,0.9583333333333334
B,Anew_B_classical_frontier_greedy,classical_frontier_greedy,formal,False,,,,69,20261392,20261392,41b486ae0bc347ca,164.02973666625502,192,0.9512,1,0.046632124352331605,coverage_reached,0.0,25.0,0.0,9.0,31.0,3.0,5.0,2.234375,0,0.004954166666666667,1451.0,337.0,46.186764485268036,143.178969904331,149.82973666625503,0,,,238.64695739746094,0.04438883034773446,10.727043164393752,6.650766761924129,0,192,0,0,-1.08,0.046875,0.0,-3.840000000000003,20.0,0.0,0.0,405.59375,5.052083492279053,0.0763888888888889,-0.8800000000000003,14.666666666666668,0.0,0.0,0.0,3.53125,2.863194227218628,2.234375,5.052083492279053,2.234375,5.052083492279053,0.0,0.0,0.25173006832368117,48.332173118146784,2.14540863287875,0.13020833333333334
B,Anew_B_classical_frontier_greedy,classical_frontier_greedy,formal,False,,,,70,20261393,20261393,38df3e981a35b054,162.83648015897217,175,0.9523,1,0.028409090909090908,coverage_reached,0.0,17.0,0.0,5.0,34.0,1.0,5.0,3.8457143306732178,0,0.005441714285714286,1427.0,356.0,45.422820758426944,140.8107443511235,147.83648015897205,0,,,133.3502960205078,0.04752369510078767,11.33183194814296,7.025735807848637,0,175,0,0,-0.6,0.02857142857142857,0.0,-3.5000000000000027,20.0,0.0,0.0,461.3028564453125,8.794285774230957,0.08571428571428576,-0.9000000000000004,15.000000000000007,0.0,0.051428571343421936,0.051428571343421936,4.988571643829346,2.53076171875,3.8457143306732178,8.708571434020996,3.8457143306732178,8.794285774230957,0.0,0.08571428805589676,0.2725096408460316,47.689187148055524,2.266366389628591,0.09714285714285714
B,Anew_B_classical_frontier_greedy,classical_frontier_greedy,formal,False,,,,71,20261394,20261394,2cd9c05258992392,58.16666588342494,600,0.9151,0,0.6006655574043261,max_episode_steps,1.0,424.0,376.0,358.0,405.0,8.0,355.0,1.346666693687439,0,0.0015251666666666666,1406.0,347.0,44.754369997440975,138.73854699206697,145.58666588342498,0,,,271.7723693847656,0.04703809136505363,11.045353050577553,6.848118891358084,0,600,0,0,-42.95999999999985,0.5966666666666667,0.6266666666666667,-11.999999999999833,0.0,-10.0,1.0,344.0883483886719,2.3499999046325684,0.6238888888888888,-22.459999999999905,374.3333333333333,0.0,0.0,0.0,1.8966666460037231,1.680277705192566,1.346666693687439,2.3499999046325684,1.346666693687439,2.3499999046325684,0.0,0.0,0.07827240101259422,46.963440607556535,2.2090706101155093,0.7066666666666667
B,Anew_B_classical_frontier_greedy,classical_frontier_greedy,formal,False,,,,72,20261395,20261395,5e53d70abe1ad3f1,3.6727463015406627,600,0.6262,0,0.7903494176372712,max_episode_steps,1.0,491.0,468.0,475.0,258.0,2.0,239.0,2.9100000858306885,0,0.0010436666666666667,937.0,252.0,29.825636335421173,92.45947263980565,97.4327463015412,0,,,219.17025756835938,0.05104314360947948,8.021409131831527,4.973273661735548,0,600,0,0,-56.99999999999955,0.7916666666666666,0.78,-11.999999999999833,0.0,-10.0,1.0,631.7916870117188,9.908333778381348,0.41,-14.760000000000034,246.0,0.0,0.009999999776482582,0.009999999776482582,5.898333549499512,3.4858334064483643,2.9100000858306885,9.895000457763672,2.9100000858306885,9.908333778381348,0.0,0.013333333656191826,0.05238319693631246,31.429918161787473,1.6042818263663043,0.8183333333333334
B,Anew_B_classical_frontier_greedy,classical_frontier_greedy,formal,False,,,,73,20261396,20261396,cb38ef22275b622e,31.291824388935286,600,0.8059,0,0.7504159733777038,max_episode_steps,1.0,463.0,441.0,451.0,245.0,2.0,225.0,1.9483333826065063,0,0.0013431666666666666,1178.0,259.0,37.49690459245053,116.24040423659666,121.35182438893594,0,,,256.9865417480469,0.04212067002764681,8.244226052160181,5.111420152339314,0,600,0,0,-54.119999999999614,0.7516666666666667,0.735,-11.999999999999833,0.0,-10.0,1.0,491.7850036621094,4.421666622161865,0.38722222222222225,-13.940000000000026,232.33333333333334,0.0,0.006666666828095913,0.006666666828095913,3.305000066757202,2.387500047683716,1.9483333826065063,4.414999961853027,1.9483333826065063,4.421666622161865,0.0,0.006666666828095913,0.06524291633813764,39.145749802882584,1.6488452104320361,0.7716666666666666
B,Anew_B_classical_frontier_greedy,classical_frontier_greedy,formal,False,,,,74,20261397,20261397,deb5ddac81b72cd2,-68.30413740132354,600,0.3176,0,0.961730449251248,max_episode_steps,1.0,580.0,573.0,578.0,295.0,0.0,290.0,1.9783333539962769,0,0.0005293333333333334,404.0,35.0,12.859719401825146,39.86513014565795,40.555862598676775,0,,,201.0722198486328,0.0170316301703163,1.1140846016432675,0.6907324530188258,0,600,0,0,-69.3599999999996,0.9633333333333334,0.955,-11.999999999999833,0.0,-10.0,1.0,395.6716613769531,6.954999923706055,0.48611111111111105,-17.50000000000001,291.66666666666663,0.0,0.0,0.0,5.958333492279053,3.5352776050567627,1.9783333539962769,6.954999923706055,1.9783333539962769,6.954999923706055,0.0,0.0,0.02180422720358967,13.082536322153802,0.22281692032865352,0.9666666666666667
B,Anew_B_classical_frontier_greedy,classical_frontier_greedy,formal,False,,,,75,20261398,20261398,61d28d64a90608ab,-28.47344672747706,600,0.6003,0,0.7953410981697171,max_episode_steps,1.0,503.0,481.0,478.0,500.0,2.0,477.0,1.2166666984558105,0,0.0010004999999999999,770.0,204.0,24.509861236151885,75.98056983207083,80.00655327252339,0,,,346.3598327636719,0.050320670942279246,6.493521678149332,4.025983440452586,0,600,0,0,-57.359999999999545,0.7966666666666666,0.8016666666666666,-11.999999999999833,0.0,-10.0,1.0,377.7933349609375,3.43833327293396,0.8088888888888889,-29.119999999999763,485.3333333333333,0.0,0.0,0.0,3.113333225250244,2.988194465637207,1.2166666984558105,3.43833327293396,1.2166666984558105,3.43833327293396,0.0,0.0,0.04301427595296959,25.808565571781752,1.2987043356298662,0.8383333333333334
B,Anew_B_classical_frontier_greedy,classical_frontier_greedy,formal,False,,,,76,20261399,20261399,14dd1d28ec8f87fc,-76.01591184811629,600,0.3719,0,0.8968386023294509,max_episode_steps,1.0,549.0,536.0,538.0,545.0,4.0,535.0,2.9800000190734863,0,0.0006198333333333333,416.0,95.0,13.241691265245697,41.04924292226165,42.92408815188416,0,,,213.3847198486328,0.043678160919540215,3.0239439187460104,1.8748452296225266,0,600,0,0,-64.55999999999942,0.8966666666666666,0.8933333333333333,-11.999999999999833,0.0,-10.0,1.0,637.1266479492188,6.106666564941406,0.8994444444444446,-32.37999999999972,539.6666666666667,0.0,0.0,0.0,3.113333225250244,2.061805486679077,2.9800000190734863,6.106666564941406,2.9800000190734863,6.106666564941406,0.0,0.0,0.02307746674832482,13.846480048994891,0.6047887837492022,0.915
B,Anew_B_classical_frontier_greedy,classical_frontier_greedy,formal,False,,,,77,20261400,20261400,6c5b17a3625e3438,-95.45056090849295,600,0.2915,0,0.9467554076539102,max_episode_steps,1.0,575.0,564.0,569.0,576.0,0.0,569.0,1.996666669845581,0,0.0004858333333333333,284.0,55.0,9.040000767619656,28.02400237962094,29.109439091507664,0,,,154.0893096923828,0.03728813559322033,1.7507043740108483,1.085436711886726,0,600,0,0,-68.27999999999956,0.9483333333333334,0.94,-11.999999999999833,0.0,-10.0,1.0,305.8999938964844,7.043333530426025,0.9522222222222223,-34.27999999999979,571.3333333333334,0.0,0.004999999888241291,0.004999999888241291,4.054999828338623,3.5536112785339355,1.996666669845581,7.0316667556762695,1.996666669845581,7.043333530426025,0.0,0.011666666716337204,0.01565023607070304,9.390141642421824,0.3501408748021697,0.9583333333333334
B,Anew_B_classical_frontier_greedy,classical_frontier_greedy,formal,False,,,,78,20261401,20261401,59dc717e01c8786a,-69.967139566343,600,0.3824,0,0.8868552412645591,max_episode_steps,1.0,540.0,528.0,533.0,543.0,3.0,533.0,2.930000066757202,0,0.0006373333333333334,460.0,144.0,14.642254764454368,45.390989769808584,48.232860433657436,0,,,187.3611297607422,0.05891980360065462,4.583662361046584,2.841870663848883,0,600,0,0,-63.959999999999404,0.8883333333333333,0.88,-11.999999999999833,0.0,-10.0,1.0,533.0150146484375,7.933333396911621,0.8955555555555557,-32.23999999999971,537.3333333333334,0.0,0.0,0.0,5.054999828338623,2.7958333492279053,2.930000066757202,7.933333396911621,2.930000066757202,7.933333396911621,0.0,0.0,0.025931645394439484,15.55898723666369,0.9167324722093178,0.9
B,Anew_B_classical_frontier_greedy,classical_frontier_greedy,formal,False,,,,79,20261402,20261402,8c6173b559c2a9c8,-58.309313061287284,600,0.4347,0,0.9051580698835274,max_episode_steps,1.0,551.0,537.0,544.0,554.0,0.0,544.0,1.9283332824707031,0,0.0007245,603.0,117.0,19.194086136882586,59.50166702433601,61.81068693871322,0,,,150.9179229736328,0.03735632183908045,3.7242256683503494,2.3090199143772177,0,600,0,0,-65.27999999999945,0.9066666666666666,0.895,-11.999999999999833,0.0,-10.0,1.0,278.2099914550781,4.046666622161865,0.912222222222222,-32.83999999999973,547.3333333333333,0.0,0.0,0.0,3.113333225250244,2.1870832443237305,1.9283332824707031,4.046666622161865,1.9283332824707031,4.046666622161865,0.0,0.0,0.03323155211758775,19.93893127055265,0.7448451336700705,0.9183333333333333
B,Anew_B_classical_frontier_greedy,classical_frontier_greedy,formal,False,,,,80,20261403,20261403,b983dc45739b654d,3.952567286746824,600,0.7321,0,0.7953410981697171,max_episode_steps,1.0,489.0,472.0,478.0,493.0,3.0,478.0,4.611666679382324,0,0.0012201666666666667,1094.0,223.0,34.82310154850669,107.9516148003708,112.35256728674783,0,,,159.5836639404297,0.0391709116458809,7.0983104618985315,4.400952486377091,0,600,0,0,-57.359999999999545,0.7966666666666666,0.7866666666666666,-11.999999999999833,0.0,-10.0,1.0,723.9533081054688,8.643333435058594,0.8066666666666666,-29.039999999999765,484.0,0.0,0.0,0.0,4.038333415985107,1.944333553314209,4.611666679382324,8.643333435058594,4.611666679382324,8.643333435058594,0.0,0.0,0.060404606068144025,36.242763640886416,1.4196620923797065,0.815
B,Anew_B_classical_frontier_greedy,classical_frontier_greedy,formal,False,,,,81,20261404,20261404,0897a00e47cc5781,-21.899643491628478,600,0.6184,0,0.78369384359401,max_episode_steps,1.0,492.0,457.0,470.0,489.0,5.0,464.0,2.1050000190734863,0,0.0010306666666666665,814.0,234.0,25.910424735360557,80.32231667961771,84.94035650837218,0,,,275.2216796875,0.054368029739776995,7.448451336700703,4.618039828754437,0,600,0,0,-56.399999999999565,0.7833333333333333,0.7616666666666667,-11.999999999999833,0.0,-10.0,1.0,562.1266479492188,4.295000076293945,0.79,-28.439999999999777,474.0,0.0,0.0,0.0,2.1533334255218506,2.0537500381469727,2.1050000190734863,4.295000076293945,2.1050000190734863,4.295000076293945,0.0,0.0,0.04566685833783449,27.40011500270069,1.4896902673401407,0.82
B,Anew_B_classical_frontier_greedy,classical_frontier_greedy,formal,False,,,,82,20261405,20261405,3c41c8ee97feecff,-84.41289252864436,600,0.3134,0,0.9284525790349417,max_episode_steps,1.0,564.0,552.0,558.0,568.0,0.0,558.0,1.006666660308838,0,0.0005223333333333333,377.0,52.0,12.000282709128909,37.20087639829964,38.22710747135616,0,,,312.80499267578125,0.0268456375838926,1.6552114081557112,1.0262310730565412,0,600,0,0,-66.95999999999951,0.93,0.92,-11.999999999999833,0.0,-10.0,1.0,314.0416564941406,3.1066665649414062,0.9355555555555555,-33.679999999999765,561.3333333333333,0.0,0.0,0.0,3.0999999046325684,3.0875000953674316,1.006666660308838,3.1066665649414062,1.006666660308838,3.1066665649414062,0.0,0.0,0.02055220831793342,12.331324990760052,0.33104228163114224,0.94
B,Anew_B_classical_frontier_greedy,classical_frontier_greedy,formal,False,,,,83,20261406,20261406,abfe397cde02924b,25.106652464105,600,0.7561,0,0.8069883527454242,max_episode_steps,1.0,489.0,481.0,485.0,260.0,1.0,243.0,3.873333215713501,0,0.0012601666666666666,1174.0,223.0,37.36958063797701,115.84569997772876,120.24665246410588,0,,,82.88749694824219,0.03659937633349748,7.098310461898532,4.400952486377093,0,600,0,0,-58.19999999999953,0.8083333333333333,0.8016666666666666,-11.999999999999833,0.0,-10.0,1.0,312.864990234375,7.335000038146973,0.415,-14.940000000000035,249.0,0.0,0.0,0.0,3.301666736602783,1.9319167137145996,3.873333215713501,7.335000038146973,3.873333215713501,7.335000038146973,0.0,0.0,0.06464873788392786,38.78924273035672,1.4196620923797063,0.815
B,Anew_B_classical_frontier_greedy,classical_frontier_greedy,formal,False,,,,84,20261407,20261407,4e1810073fe1443e,-82.46403073947444,600,0.3524,0,0.8935108153078203,max_episode_steps,1.0,557.0,532.0,535.0,545.0,2.0,535.0,1.0199999809265137,0,0.0005873333333333334,350.0,78.0,11.140846016432675,34.536622650941304,36.07596926052612,0,,,390.8066711425781,0.04266958424507656,2.482817112233566,1.5393466095848114,0,600,0,0,-64.1999999999994,0.8916666666666667,0.8866666666666667,-11.999999999999833,0.0,-10.0,1.0,393.3233337402344,2.1433334350585938,0.8983333333333333,-32.33999999999971,539.0,0.0,0.0,0.0,2.123333215713501,2.1083333492279053,1.0199999809265137,2.1433334350585938,1.0199999809265137,2.1433334350585938,0.0,0.0,0.01939568239813231,11.637409438879386,0.49656342244671337,0.9283333333333333
B,Anew_B_classical_frontier_greedy,classical_frontier_greedy,formal,False,,,,85,20261408,20261408,4d8c2a46c52bb58b,161.7992518458402,167,0.9537,1,0.017857142857142856,coverage_reached,0.0,15.0,0.0,3.0,24.0,6.0,1.0,2.2335329055786133,0,0.005710778443113773,1416.0,325.0,45.07267988362475,139.72530763923683,146.13925184584016,0,,,238.39071655273438,0.04388926401080352,10.345071300973196,6.413944206603388,0,167,0,0,-0.36,0.017964071856287425,0.0,-3.3400000000000025,20.0,0.0,0.0,404.9101867675781,6.215569019317627,0.06387225548902196,-0.6400000000000001,10.666666666666668,0.0,0.0,0.0,4.856287479400635,3.481337070465088,2.2335329055786133,6.215569019317627,2.2335329055786133,6.215569019317627,0.0,0.0,0.28228559367556516,47.141694143819386,2.069014260194639,0.08982035928143713
B,Anew_B_classical_frontier_greedy,classical_frontier_greedy,formal,False,,,,86,20261409,20261409,b35b43b5bdd8aa9e,15.029744136521234,600,0.7129,0,0.7470881863560732,max_episode_steps,1.0,475.0,444.0,449.0,253.0,5.0,226.0,1.443333387374878,0,0.0011881666666666666,1008.0,286.0,32.0856365273261,99.46547323471087,105.10974413652178,0,,,437.8150634765625,0.05369883589936167,9.103662744856416,5.644270901810979,0,600,0,0,-53.87999999999962,0.7483333333333333,0.74,-11.999999999999833,0.0,-10.0,1.0,508.4150085449219,2.738333225250244,0.3944444444444445,-14.200000000000028,236.66666666666669,0.0,0.0,0.0,2.131666660308838,1.9639166593551636,1.443333387374878,2.738333225250244,1.443333387374878,2.738333225250244,0.0,0.0,0.056510615127162336,33.9063690762974,1.8207325489712822,0.7916666666666666
B,Anew_B_classical_frontier_greedy,classical_frontier_greedy,formal,False,,,,87,20261410,20261410,0cdde8b5141e0ff5,168.29504956183973,169,0.9507,1,0.011764705882352941,coverage_reached,0.0,11.0,0.0,1.0,26.0,3.0,1.0,4.171597480773926,0,0.005625443786982248,1473.0,358.0,46.88704623487237,145.3498433281043,152.41504956183974,0,,,134.59022521972656,0.0463550433769261,11.395493925379709,7.065206233735421,0,169,0,0,-0.12,0.005917159763313609,0.0,-3.3800000000000026,20.0,0.0,0.0,488.88165283203125,9.60354995727539,0.061143984220907305,-0.6200000000000001,10.333333333333334,0.0,0.0,0.0,4.165680408477783,2.5980417728424072,4.171597480773926,9.60354995727539,4.171597480773926,9.60354995727539,0.0,0.0,0.2909239350292799,49.1661450199483,2.2790987850759414,0.0650887573964497
B,Anew_B_classical_frontier_greedy,classical_frontier_greedy,formal,False,,,,88,20261411,20261411,b4be5829a2db46d1,42.50673823636802,600,0.8612,0,0.6555740432612313,max_episode_steps,1.0,448.0,418.0,389.0,417.0,3.0,389.0,2.258333444595337,0,0.0014353333333333334,1307.0,313.0,41.603102124221444,128.96961658508653,135.1467382363691,0,,,202.91041564941406,0.04570677570093463,9.963099437552659,6.1771216512826514,0,600,0,0,-46.67999999999977,0.6483333333333333,0.6966666666666667,-11.999999999999833,0.0,-10.0,1.0,437.3033447265625,4.784999847412109,0.6655555555555556,-23.959999999999873,399.33333333333337,0.0,0.0,0.0,3.116666555404663,2.142305612564087,2.258333444595337,4.784999847412109,2.258333444595337,4.784999847412109,0.0,0.0,0.0726595366862199,43.59572201173194,1.9926198875105297,0.7466666666666667
B,Anew_B_classical_frontier_greedy,classical_frontier_greedy,formal,False,,,,89,20261412,20261412,1a4ae7f5f67936de,58.82267692312324,600,0.9378,0,0.6855241264559068,max_episode_steps,1.0,439.0,405.0,409.0,235.0,3.0,206.0,1.2366666793823242,0,0.001563,1377.0,356.0,43.83127132750798,135.8769411152748,142.90267692312327,0,,,234.66307067871094,0.04916448004419281,11.331831948142957,7.025735807848635,0,600,0,0,-49.07999999999972,0.6816666666666666,0.675,-11.999999999999833,0.0,-10.0,1.0,283.2166748046875,3.255000114440918,0.36111111111111116,-13.000000000000018,216.66666666666669,0.0,0.0,0.0,2.751666784286499,2.5808334350585938,1.2366666793823242,3.255000114440918,1.2366666793823242,3.255000114440918,0.0,0.0,0.07682939619522759,46.09763771713656,2.266366389628591,0.7316666666666667
B,Anew_B_classical_frontier_greedy,classical_frontier_greedy,formal,False,,,,90,20261413,20261413,f7c810899af1f504,165.850936785236,227,0.95,1,0.017543859649122806,coverage_reached,0.0,58.0,16.0,1.0,31.0,3.0,1.0,1.5286343097686768,0,0.004185022026431718,1462.0,353.0,46.53690536007022,144.2644066162177,151.2309367852359,0,,,296.0627746582031,0.046065509591543784,11.236338982287819,6.966530169018449,0,227,0,0,-0.12,0.004405286343612335,0.07048458149779736,-4.539999999999991,20.0,0.0,0.0,382.0176086425781,3.264317274093628,0.05286343612334802,-0.7200000000000002,12.0,0.0,0.0,0.0,2.590308427810669,2.344346284866333,1.5286343097686768,3.264317274093628,1.5286343097686768,3.264317274093628,0.0,0.0,0.21490825179087114,48.78417315652775,2.247267796457562,0.2555066079295154
B,Anew_B_classical_frontier_greedy,classical_frontier_greedy,formal,False,,,,91,20261414,20261414,0dfbc828ba029bf7,44.721566311538396,600,0.8454,0,0.7387687188019967,max_episode_steps,1.0,462.0,439.0,444.0,253.0,3.0,223.0,2.7850000858306885,0,0.001409,1298.0,302.0,41.316623226656034,128.08153200263368,134.04156631153896,0,,,169.8312530517578,0.04446407538280334,9.612958562750485,5.9600343089053025,0,600,0,0,-53.27999999999963,0.74,0.7316666666666667,-11.999999999999833,0.0,-10.0,1.0,450.8800048828125,6.493333339691162,0.39,-14.040000000000028,234.0,0.0,0.0,0.0,3.944999933242798,2.413055658340454,2.7850000858306885,6.493333339691162,2.7850000858306885,6.493333339691162,0.0,0.0,0.07206535823201023,43.239214939206136,1.9225917125500962,0.77
B,Anew_B_classical_frontier_greedy,classical_frontier_greedy,formal,False,,,,92,20261415,20261415,2f168890fe16006b,-3.9007749927988966,600,0.6032,0,0.8552412645590682,max_episode_steps,1.0,524.0,509.0,513.0,274.0,0.0,258.0,1.1133333444595337,0,0.0010053333333333333,935.0,162.0,29.76197435818442,92.26212051037172,95.45922500720168,0,,,445.7833251953125,0.03349183378126939,5.156620156177408,3.197104496829994,0,600,0,0,-61.559999999999455,0.855,0.8483333333333334,-11.999999999999833,0.0,-10.0,1.0,464.8616638183594,4.329999923706055,0.4388888888888889,-15.800000000000042,263.3333333333333,0.0,0.0,0.0,4.053333282470703,3.991527557373047,1.1133333444595337,4.329999923706055,1.1133333444595337,4.329999923706055,0.0,0.0,0.05132216398236652,30.79329838941991,1.0313240312354819,0.8733333333333333
B,Anew_B_classical_frontier_greedy,classical_frontier_greedy,formal,False,,,,93,20261416,20261416,b523142135333041,-115.8453680940771,600,0.1828,0,0.9667221297836939,max_episode_steps,1.0,586.0,577.0,581.0,586.0,0.0,581.0,2.001666784286499,0,0.00030466666666666663,107.0,14.0,3.4059157821665593,10.55833892471634,10.834631905923871,0,,,100.67638397216797,0.025500910746812384,0.445633840657307,0.2762929812075304,0,600,0,0,-69.71999999999962,0.9683333333333334,0.9616666666666667,-11.999999999999833,0.0,-10.0,1.0,201.413330078125,5.014999866485596,0.9711111111111113,-34.959999999999816,582.6666666666667,0.0,0.0,0.0,4.013333320617676,2.5061111450195312,2.001666784286499,5.014999866485596,2.001666784286499,5.014999866485596,0.0,0.0,0.00582507091716337,3.495042550298022,0.08912676813146142,0.9766666666666667
B,Anew_B_classical_frontier_greedy,classical_frontier_greedy,formal,False,,,,94,20261417,20261417,0a6da9883e7ba190,164.98364656395322,206,0.9509,1,0.043478260869565216,coverage_reached,0.0,44.0,15.0,2.0,36.0,7.0,2.0,1.9902912378311157,0,0.004616019417475728,1463.0,300.0,46.568736348688596,144.36308268093472,150.283646563953,0,,,197.74435424804688,0.039395929087327655,9.549296585513726,5.920563883018514,0,206,0,0,-0.24,0.009708737864077669,0.07281553398058252,-4.12,20.0,0.0,0.0,341.0679626464844,3.37864089012146,0.07605177993527511,-0.9400000000000004,15.666666666666671,0.0,0.0,0.0,2.2330098152160645,1.8628641366958618,1.9902912378311157,3.37864089012146,1.9902912378311157,3.37864089012146,0.0,0.0,0.23533298866888994,48.478595665791325,1.909859317102745,0.21359223300970873
B,Anew_B_classical_frontier_greedy,classical_frontier_greedy,formal,False,,,,95,20261418,20261418,664fc3df60e0c50e,20.012601595652036,600,0.7449,0,0.7104825291181365,max_episode_steps,1.0,451.0,423.0,423.0,436.0,3.0,419.0,1.1549999713897705,0,0.0012415,1140.0,295.0,36.28732702495213,112.49071377735163,118.3126015956532,0,,,289.04998779296875,0.04920767306088414,9.390141642421833,5.82188781830154,0,600,0,0,-50.759999999999685,0.705,0.705,-11.999999999999833,0.0,-10.0,1.0,325.6833190917969,2.0166666507720947,0.7094444444444444,-25.53999999999984,425.66666666666663,0.0,0.0,0.0,1.6883333921432495,1.607777714729309,1.1549999713897705,2.0166666507720947,1.1549999713897705,2.0166666507720947,0.0,0.0,0.06360892558906088,38.16535535343653,1.8780283284843635,0.7516666666666667
B,Anew_B_classical_frontier_greedy,classical_frontier_greedy,formal,False,,,,96,20261419,20261419,bc49a260a0edcc1a,-45.11609086290947,600,0.4719,0,0.8951747088186356,max_episode_steps,1.0,546.0,528.0,538.0,281.0,1.0,269.0,2.8583333492279053,0,0.0007865,555.0,156.0,17.666198683200392,54.76521591792121,57.843909137090826,0,,,193.3222198486328,0.05322415557830093,4.965634224467136,3.078693219169625,0,600,0,0,-64.55999999999942,0.8966666666666666,0.88,-11.999999999999833,0.0,-10.0,1.0,517.3466796875,7.994999885559082,0.45555555555555555,-16.400000000000034,273.3333333333333,0.0,0.021666666492819786,0.021666666492819786,6.105000019073486,2.994999885559082,2.8583333492279053,7.961666584014893,2.8583333492279053,7.994999885559082,0.0,0.03333333507180214,0.03109887588015635,18.65932552809381,0.9931268448934274,0.91
B,Anew_B_classical_frontier_greedy,classical_frontier_greedy,formal,False,,,,97,20261420,20261420,1b603986aa504798,-6.405788792421811,600,0.6855,0,0.7803660565723793,max_episode_steps,1.0,498.0,474.0,462.0,471.0,4.0,457.0,1.3600000143051147,0,0.0011425,961.0,202.0,30.58958006226228,94.82769819301315,98.81421120757885,0,,,344.9038391113281,0.040343519073297356,6.429859700912568,3.9865130145657948,0,600,0,0,-55.439999999999586,0.77,0.79,-11.999999999999833,0.0,-10.0,1.0,399.4366760253906,2.8983333110809326,0.7716666666666666,-27.77999999999979,463.0,0.0,0.0,0.0,2.5199999809265137,2.1405277252197266,1.3600000143051147,2.8983333110809326,1.3600000143051147,2.8983333110809326,0.0,0.0,0.05312592000407465,31.875552002444792,1.2859719401825145,0.83
B,Anew_B_classical_frontier_greedy,classical_frontier_greedy,formal,False,,,,98,20261421,20261421,a0baf9f80efda9b5,-32.469137781627204,600,0.493,0,0.8818635607321131,max_episode_steps,1.0,533.0,525.0,530.0,275.0,1.0,265.0,1.9900000095367432,0,0.0008216666666666666,672.0,149.0,21.390424351550738,66.31031548980731,69.25086221837313,0,,,306.1102600097656,0.04246223995440294,4.742817304138479,2.940546728565858,0,600,0,0,-63.59999999999941,0.8833333333333333,0.875,-11.999999999999833,0.0,-10.0,1.0,604.9366455078125,6.011666774749756,0.44777777777777783,-16.12000000000004,268.6666666666667,0.0,0.0016666667070239782,0.0016666667070239782,4.025000095367432,3.054722309112549,1.9900000095367432,6.010000228881836,1.9900000095367432,6.011666774749756,0.0,0.0016666667070239782,0.03723164635396406,22.338987812378434,0.9485634608276964,0.8883333333333333
B,Anew_B_classical_frontier_greedy,classical_frontier_greedy,formal,False,,,,99,20261422,20261422,cdb8a24f7d727cd0,-26.11366005117589,600,0.5948,0,0.8585690515806988,max_episode_steps,1.0,528.0,518.0,516.0,525.0,1.0,516.0,2.0816667079925537,0,0.0009913333333333334,869.0,163.0,27.661129109371416,85.74950023905139,88.96633994882471,0,,,157.31707763671875,0.03615794143744455,5.18845114479579,3.21683970977339,0,600,0,0,-61.91999999999945,0.86,0.8633333333333333,-11.999999999999833,0.0,-10.0,1.0,323.885009765625,8.074999809265137,0.8655555555555554,-31.15999999999972,519.3333333333333,0.0,0.0,0.0,4.945000171661377,3.926389217376709,2.0816667079925537,8.074999809265137,2.0816667079925537,8.074999809265137,0.0,0.0,0.04783136556388428,28.69881933833057,1.0376902289591574,0.88
