method_label,method_id,method_name,run_stage,checkpoint_used,checkpoint_path,checkpoint_env_steps,checkpoint_train_episode_idx,episode_index,seed,episode_seed,episode_reward,episode_length,final_coverage,success,repeat_visit_ratio,done_reason,timeout_flag,zero_info_step_count,stall_trigger_count,recent_revisit_trigger_count,turn_ge_90_count,turn_135_count,turn_180_count,accessible_block_count,delta_empty_sum,delta_obstacle_sum,empty_info_gain_sum,empty_info_reward_sum,info_reward_sum,local_frontier_block_area_mean,local_frontier_coverage,mean_block_area,obstacle_info_contribution_ratio,obstacle_info_gain_sum,obstacle_info_reward_sum,recent_revisit_penalty_sum,step_penalty_sum,terminal_bonus_sum,timeout_penalty_sum,total_accessible_unknown_area,total_frontier_cluster_count,turn_penalty_sum,turn_penalty_weight_sum,value_block_cap_hit_flag,value_entry_cap_hit_block_count,value_entry_cap_hit_flag,value_max_frontier_clusters_per_block,value_mean_frontier_clusters_per_block,value_packed_block_count,value_packed_entry_count,value_total_block_count_before_cap,value_total_entry_count_before_cap,value_truncated_block_count,value_truncated_entry_count,weighted_info_gain_sum,weighted_obstacle_info_gain_sum
A,AN,final_4ch_no_frontier_raster,formal,True,C:\Users\Dk\Desktop\SCI\New_A\checkpoint_store\full_method_main\A_full_method_last.pt,650000,1559,0,20261323,20261323,166.11596773931163,185,0.9538,1,0.043010752688172046,coverage_reached,0.0,45.0,26.0,3.0,24.0,4.0,3.0,5.535135269165039,1473.0,279.0,46.88704623487238,145.34984332810436,150.85596773931147,0.0,0.0,146.98724365234375,0.03649921507064365,8.88084582452776,5.506124411207214,-0.36,-3.700000000000003,20.0,0.0,616.2000122070312,9.600000381469727,-0.6799999999999999,11.333333333333336,0.0,0.01621621660888195,0.01621621660888195,3.902702808380127,2.2989747524261475,5.535135269165039,9.583784103393555,5.535135269165039,9.600000381469727,0.0,0.01621621660888195,48.66321539977791,1.776169164905552
A,AN,final_4ch_no_frontier_raster,formal,True,C:\Users\Dk\Desktop\SCI\New_A\checkpoint_store\full_method_main\A_full_method_last.pt,650000,1559,1,20261324,20261324,162.41039005666974,225,0.9502,1,0.06637168141592921,coverage_reached,0.0,81.0,55.0,4.0,37.0,4.0,2.0,5.235555648803711,1445.0,289.0,45.99577855355774,142.5869135160291,148.29039005667008,0.0,0.0,85.67585754394531,0.03846153846153845,9.19915571071155,5.703476540641163,-0.48,-4.499999999999992,20.0,0.0,412.1155700683594,11.90666675567627,-0.9000000000000001,15.000000000000005,0.0,0.07555555552244186,0.07555555552244186,4.835555553436279,2.4577088356018066,5.235555648803711,11.706666946411133,5.235555648803711,11.90666675567627,0.0,0.20000000298023224,47.835609695700064,1.8398311421423101
A,AN,final_4ch_no_frontier_raster,formal,True,C:\Users\Dk\Desktop\SCI\New_A\checkpoint_store\full_method_main\A_full_method_last.pt,650000,1559,2,20261325,20261325,157.6257305515008,267,0.9513,1,0.07462686567164178,coverage_reached,0.0,120.0,63.0,0.0,49.0,11.0,0.0,6.056180000305176,1397.0,320.0,44.46789109987557,137.85046240961424,144.1657305515007,0.0,0.0,81.73345947265625,0.043805612594113676,10.185916357881311,6.315268141886415,0.0,-5.339999999999974,20.0,0.0,479.64044189453125,11.164793968200684,-1.2000000000000004,20.0,0.0,0.0,0.0,3.8876404762268066,1.9208979606628418,6.056180000305176,11.164793968200684,6.056180000305176,11.164793968200684,0.0,0.0,46.50507437145184,2.0371832715762594
A,AN,final_4ch_no_frontier_raster,formal,True,C:\Users\Dk\Desktop\SCI\New_A\checkpoint_store\full_method_main\A_full_method_last.pt,650000,1559,3,20261326,20261326,159.97381513395356,206,0.9536,1,0.024154589371980676,coverage_reached,0.0,59.0,18.0,2.0,35.0,1.0,0.0,4.058252334594727,1402.0,340.0,44.62704604296744,138.34384273319915,145.05381513395332,0.0,0.0,101.66256713867188,0.04625850340136056,10.822536130248892,6.709972400754312,-0.24,-4.12,20.0,0.0,388.41748046875,11.271844863891602,-0.7200000000000003,12.000000000000004,0.0,0.35922330617904663,0.35922330617904663,6.9757280349731445,2.947861671447754,4.058252334594727,10.791261672973633,4.058252334594727,11.271844863891602,0.0,0.4805825352668762,46.791553269017236,2.1645072260497766
A,AN,final_4ch_no_frontier_raster,formal,True,C:\Users\Dk\Desktop\SCI\New_A\checkpoint_store\full_method_main\A_full_method_last.pt,650000,1559,4,20261327,20261327,159.47317889799098,271,0.9545,1,0.13970588235294118,coverage_reached,0.0,99.0,66.0,20.0,74.0,14.0,13.0,2.9520294666290283,1446.0,349.0,46.02760954217612,142.68558958074595,149.57317889799074,0.0,0.0,213.8625030517578,0.04604829133131026,11.1090150278143,6.887589317244871,-2.4000000000000012,-5.419999999999972,20.0,0.0,531.162353515625,6.889298915863037,-2.280000000000001,37.99999999999999,0.0,0.0,0.0,3.5940959453582764,2.5740907192230225,2.9520294666290283,6.889298915863037,2.9520294666290283,6.889298915863037,0.0,0.0,48.24941254773899,2.221803005562859
A,AN,final_4ch_no_frontier_raster,formal,True,C:\Users\Dk\Desktop\SCI\New_A\checkpoint_store\full_method_main\A_full_method_last.pt,650000,1559,5,20261328,20261328,151.60918993768965,474,0.9509,1,0.2168421052631579,coverage_reached,0.0,310.0,254.0,23.0,106.0,24.0,11.0,5.753164768218994,1418.0,353.0,45.13634186086154,139.9226597686707,146.889189937689,0.0,0.0,99.48434448242188,0.047427112723364265,11.236338982287815,6.966530169018448,-2.7600000000000016,-9.479999999999887,20.0,0.0,529.6898803710938,10.99789047241211,-3.040000000000002,50.666666666666686,0.0,0.002109704539179802,0.002109704539179802,4.632911205291748,1.9533840417861938,5.753164768218994,10.995780944824219,5.753164768218994,10.99789047241211,0.0,0.002109704539179802,47.38360965731908,2.2472677964575607
A,AN,final_4ch_no_frontier_raster,formal,True,C:\Users\Dk\Desktop\SCI\New_A\checkpoint_store\full_method_main\A_full_method_last.pt,650000,1559,6,20261329,20261329,157.56613630931125,283,0.9509,1,0.10915492957746478,coverage_reached,0.0,129.0,86.0,8.0,50.0,10.0,6.0,5.23321533203125,1411.0,324.0,44.91352494053286,139.23192731565197,145.62613630931168,0.0,0.0,97.26480865478516,0.04390838867055158,10.313240312354825,6.394208993659993,-0.96,-5.659999999999967,20.0,0.0,414.1554870605469,9.409893989562988,-1.4400000000000008,24.0,0.0,0.0,0.0,3.724381685256958,2.116422653198242,5.23321533203125,9.409893989562988,5.23321533203125,9.409893989562988,0.0,0.0,46.976173003003844,2.0626480624709647
A,AN,final_4ch_no_frontier_raster,formal,True,C:\Users\Dk\Desktop\SCI\New_A\checkpoint_store\full_method_main\A_full_method_last.pt,650000,1559,7,20261330,20261330,172.508711826934,152,0.9523,1,0.0,coverage_reached,0.0,9.0,0.0,0.0,15.0,1.0,0.0,3.625,1513.0,333.0,48.1602857796075,149.2968859167833,155.86871182693372,0.0,0.0,204.20889282226562,0.04216257280324138,10.599719209920234,6.571825910150549,0.0,-3.0400000000000023,20.0,0.0,596.0526123046875,9.5328950881958,-0.3199999999999999,5.333333333333333,0.0,0.05921052768826485,0.05921052768826485,6.026315689086914,3.3364036083221436,3.625,9.460526466369629,3.625,9.5328950881958,0.0,0.07236842066049576,50.28022962159159,2.1199438419840475
A,AN,final_4ch_no_frontier_raster,formal,True,C:\Users\Dk\Desktop\SCI\New_A\checkpoint_store\full_method_main\A_full_method_last.pt,650000,1559,8,20261331,20261331,168.5639285054624,185,0.9503,1,0.016129032258064516,coverage_reached,0.0,31.0,14.0,1.0,33.0,10.0,0.0,3.6540541648864746,1487.0,330.0,47.33268007552967,146.7313082341419,153.24392850546226,0.0,0.0,135.3574676513672,0.04249839021249202,10.504226244065105,6.5126202713203645,-0.12,-3.700000000000003,20.0,0.0,418.74053955078125,11.756756782531738,-0.8600000000000002,14.333333333333336,0.0,0.41081079840660095,0.41081079840660095,7.6270270347595215,3.7676572799682617,3.6540541648864746,11.167567253112793,3.6540541648864746,11.756756782531738,0.0,0.5891891717910767,49.433525324342675,2.1008452488130187
A,AN,final_4ch_no_frontier_raster,formal,True,C:\Users\Dk\Desktop\SCI\New_A\checkpoint_store\full_method_main\A_full_method_last.pt,650000,1559,9,20261332,20261332,156.82429995436695,412,0.9534,1,0.11864406779661017,coverage_reached,0.0,249.0,197.0,13.0,80.0,20.0,3.0,3.87864089012146,1439.0,342.0,45.80479262184749,141.99485712772713,148.7442999543682,0.0,0.0,111.82524108886719,0.045376144354517756,10.886198107485649,6.749442826641102,-1.5600000000000005,-8.239999999999913,20.0,0.0,395.8495178222656,8.031553268432617,-2.1200000000000014,35.33333333333332,0.0,0.0,0.0,3.5097086429595947,2.1113383769989014,3.87864089012146,8.031553268432617,3.87864089012146,8.031553268432617,0.0,0.0,47.98203224334462,2.1772396214971286
A,AN,final_4ch_no_frontier_raster,formal,True,C:\Users\Dk\Desktop\SCI\New_A\checkpoint_store\full_method_main\A_full_method_last.pt,650000,1559,10,20261333,20261333,-5.8957611931759795,600,0.5864,0,0.8352745424292846,max_episode_steps,1.0,507.0,487.0,498.0,288.0,8.0,258.0,4.038333415985107,898.0,177.0,28.58422777930439,88.61110611584373,92.10423880682454,0.0,0.0,179.36253356933594,0.037925862438397254,5.634084985453097,3.493132690980922,-59.75999999999949,-11.999999999999833,0.0,-10.0,720.42333984375,10.8100004196167,-16.240000000000038,270.6666666666667,0.0,0.0,0.0,5.735000133514404,2.6906230449676514,4.038333415985107,10.8100004196167,4.038333415985107,10.8100004196167,0.0,0.0,29.71104477639501,1.1268169970906199
A,AN,final_4ch_no_frontier_raster,formal,True,C:\Users\Dk\Desktop\SCI\New_A\checkpoint_store\full_method_main\A_full_method_last.pt,650000,1559,11,20261334,20261334,163.2139904136125,301,0.9525,1,0.152317880794702,coverage_reached,0.0,154.0,93.0,13.0,57.0,6.0,11.0,6.335548400878906,1484.0,307.0,47.23718710967455,146.43528003999103,152.49399041361335,0.0,0.0,84.04679870605469,0.039730814028730466,9.772113505842379,6.058710373622277,-1.5600000000000005,-6.01999999999996,20.0,0.0,466.2724304199219,12.275747299194336,-1.700000000000001,28.33333333333331,0.0,0.0,0.0,4.215946674346924,1.998396873474121,6.335548400878906,12.275747299194336,6.335548400878906,12.275747299194336,0.0,0.0,49.19160981084304,1.9544227011684747
A,AN,final_4ch_no_frontier_raster,formal,True,C:\Users\Dk\Desktop\SCI\New_A\checkpoint_store\full_method_main\A_full_method_last.pt,650000,1559,12,20261335,20261335,163.21741549089612,212,0.9543,1,0.09389671361502347,coverage_reached,0.0,62.0,32.0,6.0,38.0,10.0,3.0,7.792452812194824,1447.0,328.0,46.059440530794525,142.784265645463,149.2574154908965,0.0,0.0,78.81707000732422,0.04336903345233375,10.440564266828337,6.4731498454335705,-0.72,-4.2399999999999975,20.0,0.0,464.2594299316406,12.754716873168945,-1.0800000000000005,18.0,0.0,0.0,0.0,3.594339609146118,1.8182111978530884,7.792452812194824,12.754716873168945,7.792452812194824,12.754716873168945,0.0,0.0,48.1475533841602,2.088112853365667
A,AN,final_4ch_no_frontier_raster,formal,True,C:\Users\Dk\Desktop\SCI\New_A\checkpoint_store\full_method_main\A_full_method_last.pt,650000,1559,13,20261336,20261336,110.40265976866857,600,0.8832,0,0.3910149750415973,max_episode_steps,1.0,473.0,444.0,29.0,145.0,41.0,8.0,2.859999895095825,1366.0,260.0,43.48113045270583,134.791504403388,139.9226597686707,0.0,0.0,188.80947875976562,0.03667136812411853,8.276057040778559,5.131155365282713,-3.480000000000002,-11.999999999999833,0.0,-10.0,458.1333312988281,6.678333282470703,-4.040000000000002,67.33333333333333,0.0,0.0033333334140479565,0.0033333334140479565,4.316666603088379,2.462432384490967,2.859999895095825,6.675000190734863,2.859999895095825,6.678333282470703,0.0,0.0033333334140479565,45.136341860861556,1.6552114081557114
A,AN,final_4ch_no_frontier_raster,formal,True,C:\Users\Dk\Desktop\SCI\New_A\checkpoint_store\full_method_main\A_full_method_last.pt,650000,1559,14,20261337,20261337,156.72149395859515,274,0.9548,1,0.06909090909090909,coverage_reached,0.0,108.0,61.0,7.0,54.0,8.0,5.0,5.379561901092529,1393.0,356.0,44.34056714540204,137.45575815074636,144.48149395859483,0.0,0.0,134.6160125732422,0.048627236716295624,11.331831948142955,7.025735807848635,-0.84,-5.479999999999971,20.0,0.0,595.0,14.058394432067871,-1.4400000000000008,23.99999999999998,0.0,0.0,0.0,5.879561901092529,2.7497072219848633,5.379561901092529,14.058394432067871,5.379561901092529,14.058394432067871,0.0,0.0,46.60693353503062,2.2663663896285895
A,AN,final_4ch_no_frontier_raster,formal,True,C:\Users\Dk\Desktop\SCI\New_A\checkpoint_store\full_method_main\A_full_method_last.pt,650000,1559,15,20261338,20261338,161.88973666625452,281,0.9523,1,0.09219858156028368,coverage_reached,0.0,112.0,58.0,8.0,50.0,10.0,4.0,3.99644136428833,1445.0,367.0,45.99577855355777,142.58691351602917,149.8297366662549,0.0,0.0,143.47372436523438,0.048340358271865114,11.681972822945127,7.242823150225979,-0.96,-5.619999999999968,20.0,0.0,456.0213623046875,11.409253120422363,-1.3600000000000005,22.666666666666654,0.0,0.010676156729459763,0.010676156729459763,4.889679908752441,3.2594940662384033,3.99644136428833,11.398576736450195,3.99644136428833,11.409253120422363,0.0,0.010676156729459763,48.33217311814682,2.3363945645890243
A,AN,final_4ch_no_frontier_raster,formal,True,C:\Users\Dk\Desktop\SCI\New_A\checkpoint_store\full_method_main\A_full_method_last.pt,650000,1559,16,20261339,20261339,174.43428950957505,159,0.95,1,0.01875,coverage_reached,0.0,20.0,9.0,2.0,25.0,2.0,1.0,6.836477756500244,1544.0,308.0,49.1470464267773,152.35584392300967,158.43428950957522,0.0,0.0,98.9723892211914,0.03836571998006975,9.803944494460753,6.078445586565669,-0.24,-3.1800000000000024,20.0,0.0,496.25787353515625,12.383647918701172,-0.5800000000000002,9.666666666666666,0.0,0.006289307959377766,0.006289307959377766,4.748427867889404,2.0715932846069336,6.836477756500244,12.377358436584473,6.836477756500244,12.383647918701172,0.0,0.006289307959377766,51.10783532566944,1.9607888988921507
A,AN,final_4ch_no_frontier_raster,formal,True,C:\Users\Dk\Desktop\SCI\New_A\checkpoint_store\full_method_main\A_full_method_last.pt,650000,1559,17,20261340,20261340,167.0948019292354,250,0.9513,1,0.14342629482071714,coverage_reached,0.0,93.0,45.0,13.0,67.0,9.0,6.0,6.196000099182129,1508.0,335.0,48.00113083651565,148.8035055931985,155.41480192923584,0.0,0.0,71.55266571044922,0.04253968253968255,10.663381187156991,6.611296336037336,-1.5600000000000005,-4.999999999999981,20.0,0.0,411.7040100097656,13.119999885559082,-1.7600000000000011,29.333333333333318,0.0,0.0,0.0,3.7880001068115234,2.1509029865264893,6.196000099182129,13.119999885559082,6.196000099182129,13.119999885559082,0.0,0.0,50.13380707394705,2.1326762374313963
A,AN,final_4ch_no_frontier_raster,formal,True,C:\Users\Dk\Desktop\SCI\New_A\checkpoint_store\full_method_main\A_full_method_last.pt,650000,1559,18,20261341,20261341,147.90333031353893,379,0.9505,1,0.1763157894736842,coverage_reached,0.0,220.0,158.0,26.0,98.0,22.0,9.0,5.5329813957214355,1371.0,308.0,43.64028539579768,135.28488472697288,141.36333031353848,0.0,0.0,85.60997772216797,0.0429987435432082,9.803944494460762,6.078445586565674,-3.120000000000002,-7.579999999999926,20.0,0.0,463.205810546875,11.997361183166504,-2.760000000000002,46.000000000000014,0.0,0.026385223492980003,0.026385223492980003,5.625329971313477,2.1852869987487793,5.5329813957214355,11.931398391723633,5.5329813957214355,11.997361183166504,0.0,0.06596305966377258,45.601074294689845,1.960788898892151
A,AN,final_4ch_no_frontier_raster,formal,True,C:\Users\Dk\Desktop\SCI\New_A\checkpoint_store\full_method_main\A_full_method_last.pt,650000,1559,19,20261342,20261342,173.95679640938664,121,0.953,1,0.00819672131147541,coverage_reached,0.0,3.0,0.0,1.0,11.0,0.0,1.0,5.47107458114624,1532.0,283.0,48.76507456335674,151.171731146406,156.75679640938677,0.0,0.0,117.11397552490234,0.03562885559612236,9.008169779001273,5.585065262980794,-0.12,-2.4200000000000017,20.0,0.0,417.18182373046875,11.214876174926758,-0.25999999999999995,4.333333333333333,0.0,0.0,0.0,4.719008445739746,2.6147468090057373,5.47107458114624,11.214876174926758,5.47107458114624,11.214876174926758,0.0,0.0,50.56670851915697,1.801633955800255
A,AN,final_4ch_no_frontier_raster,formal,True,C:\Users\Dk\Desktop\SCI\New_A\checkpoint_store\full_method_main\A_full_method_last.pt,650000,1559,20,20261343,20261343,157.53845748467091,355,0.954,1,0.047752808988764044,coverage_reached,0.0,166.0,109.0,3.0,49.0,7.0,2.0,2.9154930114746094,1410.0,358.0,44.88169395191448,139.1332512509349,146.1984574846702,0.0,0.0,156.49916076660156,0.04832613390928731,11.39549392537972,7.0652062337354264,-0.36,-7.099999999999937,20.0,0.0,365.5577392578125,6.802816867828369,-1.2000000000000006,19.999999999999996,0.0,0.0,0.0,3.698591470718384,2.555586814880371,2.9154930114746094,6.802816867828369,2.9154930114746094,6.802816867828369,0.0,0.0,47.160792736990466,2.2790987850759414
A,AN,final_4ch_no_frontier_raster,formal,True,C:\Users\Dk\Desktop\SCI\New_A\checkpoint_store\full_method_main\A_full_method_last.pt,650000,1559,21,20261344,20261344,154.4365868208207,304,0.95,1,0.10491803278688525,coverage_reached,0.0,119.0,71.0,11.0,49.0,9.0,9.0,4.549342155456543,1379.0,369.0,43.89493330474476,136.0742932447088,143.35658682082143,0.0,0.0,79.19878387451172,0.050798458149779756,11.745634800181882,7.282293576112773,-1.3200000000000003,-6.079999999999958,20.0,0.0,341.9407958984375,9.391447067260742,-1.520000000000001,25.333333333333325,0.0,0.0,0.0,4.3059210777282715,2.101010322570801,4.549342155456543,9.391447067260742,4.549342155456543,9.391447067260742,0.0,0.0,46.24406026478113,2.349126960036379
A,AN,final_4ch_no_frontier_raster,formal,True,C:\Users\Dk\Desktop\SCI\New_A\checkpoint_store\full_method_main\A_full_method_last.pt,650000,1559,22,20261345,20261345,164.30722976644304,254,0.9534,1,0.08235294117647059,coverage_reached,0.0,108.0,74.0,7.0,47.0,3.0,7.0,6.299212455749512,1473.0,312.0,46.8870462348724,145.34984332810433,151.50722976644337,0.0,0.0,73.72674560546875,0.04064087534193047,9.931268448934272,6.157386438339251,-0.84,-5.07999999999998,20.0,0.0,410.91339111328125,9.488188743591309,-1.2800000000000007,21.333333333333332,0.0,0.0,0.0,2.6811022758483887,1.632108449935913,6.299212455749512,9.488188743591309,6.299212455749512,9.488188743591309,0.0,0.0,48.873299924659236,1.986253689786854
A,AN,final_4ch_no_frontier_raster,formal,True,C:\Users\Dk\Desktop\SCI\New_A\checkpoint_store\full_method_main\A_full_method_last.pt,650000,1559,23,20261346,20261346,160.07370847210285,360,0.9502,1,0.12188365650969529,coverage_reached,0.0,190.0,125.0,7.0,58.0,9.0,2.0,6.669444561004639,1446.0,347.0,46.02760954217613,142.68558958074615,149.53370847210408,0.0,0.0,69.88753509521484,0.0457964893757424,11.04535305057755,6.848118891358082,-0.84,-7.1999999999999345,20.0,0.0,418.0944519042969,10.43055534362793,-1.4200000000000008,23.666666666666654,0.0,0.0,0.0,2.8388888835906982,1.676289677619934,6.669444561004639,10.43055534362793,6.669444561004639,10.43055534362793,0.0,0.0,48.23668015229172,2.2090706101155084
A,AN,final_4ch_no_frontier_raster,formal,True,C:\Users\Dk\Desktop\SCI\New_A\checkpoint_store\full_method_main\A_full_method_last.pt,650000,1559,24,20261347,20261347,170.25374278100938,186,0.959,1,0.058823529411764705,coverage_reached,0.0,36.0,16.0,5.0,37.0,7.0,1.0,4.870967864990234,1505.0,354.0,47.90563787066053,148.5074773990475,155.4937427810093,0.0,0.0,135.95486450195312,0.04492955958878036,11.268169970906198,6.986265381961846,-0.6,-3.720000000000003,20.0,0.0,534.5322875976562,11.446236610412598,-0.9200000000000004,15.33333333333334,0.0,0.05376344174146652,0.05376344174146652,6.118279457092285,2.863069534301758,4.870967864990234,11.387096405029297,4.870967864990234,11.446236610412598,0.0,0.059139784425497055,50.15927186484172,2.253633994181238
A,AN,final_4ch_no_frontier_raster,formal,True,C:\Users\Dk\Desktop\SCI\New_A\checkpoint_store\full_method_main\A_full_method_last.pt,650000,1559,25,20261348,20261348,165.86881848878315,200,0.9583,1,0.04477611940298507,coverage_reached,0.0,44.0,19.0,4.0,42.0,4.0,3.0,3.015000104904175,1464.0,351.0,46.60056733730694,144.46175874565162,151.38881848878313,0.0,0.0,205.24276733398438,0.045756746186937834,11.172677005051057,6.927059743131658,-0.48,-4.000000000000003,20.0,0.0,477.7200012207031,9.979999542236328,-1.0400000000000005,17.333333333333336,0.0,0.0,0.0,5.275000095367432,3.7035834789276123,3.015000104904175,9.979999542236328,3.015000104904175,9.979999542236328,0.0,0.0,48.83510273831718,2.2345354010102114
A,AN,final_4ch_no_frontier_raster,formal,True,C:\Users\Dk\Desktop\SCI\New_A\checkpoint_store\full_method_main\A_full_method_last.pt,650000,1559,26,20261349,20261349,167.78710595014172,196,0.9508,1,0.025380710659898477,coverage_reached,0.0,41.0,19.0,3.0,37.0,8.0,1.0,3.5102040767669678,1488.0,313.0,47.36451106414803,146.829984298859,153.00710595014147,0.0,0.0,173.76028442382812,0.04037146910873212,9.963099437552646,6.177121651282645,-0.36,-3.920000000000003,20.0,0.0,504.3214416503906,9.392857551574707,-0.9400000000000004,15.666666666666675,0.0,0.005102040711790323,0.005102040711790323,4.591836929321289,3.112074613571167,3.5102040767669678,9.387755393981934,3.5102040767669678,9.392857551574707,0.0,0.005102040711790323,49.3571309516586,1.9926198875105308
A,AN,final_4ch_no_frontier_raster,formal,True,C:\Users\Dk\Desktop\SCI\New_A\checkpoint_store\full_method_main\A_full_method_last.pt,650000,1559,27,20261350,20261350,168.6628693572359,152,0.9561,1,0.032679738562091505,coverage_reached,0.0,8.0,0.0,5.0,39.0,2.0,5.0,6.2565789222717285,1484.0,349.0,47.23718710967455,146.43528003999103,153.32286935723587,0.0,0.0,113.574462890625,0.044922126399794086,11.109015027814298,6.887589317244867,-0.6,-3.0400000000000023,20.0,0.0,533.0263061523438,13.75,-1.0200000000000002,17.000000000000004,0.0,0.1184210553765297,0.1184210553765297,5.914473533630371,2.6178133487701416,6.2565789222717285,13.578947067260742,6.2565789222717285,13.75,0.0,0.17105263471603394,49.45899011523742,2.221803005562859
A,AN,final_4ch_no_frontier_raster,formal,True,C:\Users\Dk\Desktop\SCI\New_A\checkpoint_store\full_method_main\A_full_method_last.pt,650000,1559,28,20261351,20261351,126.12022148666732,600,0.9443,0,0.16971713810316139,max_episode_steps,1.0,437.0,360.0,19.0,119.0,23.0,7.0,5.508333206176758,1491.0,324.0,47.460004030003226,147.12601249300994,153.52022148666975,0.0,0.0,101.147216796875,0.041650597763208654,10.313240312354823,6.3942089936599915,-2.280000000000001,-11.999999999999833,0.0,-10.0,399.5616760253906,13.106666564941406,-3.1200000000000023,52.00000000000006,0.0,0.011666666716337204,0.011666666716337204,5.006666660308838,2.7588937282562256,5.508333206176758,13.095000267028809,5.508333206176758,13.106666564941406,0.0,0.011666666716337204,49.522652092474154,2.062648062470964
A,AN,final_4ch_no_frontier_raster,formal,True,C:\Users\Dk\Desktop\SCI\New_A\checkpoint_store\full_method_main\A_full_method_last.pt,650000,1559,29,20261352,20261352,168.73042436557506,227,0.9502,1,0.05701754385964912,coverage_reached,0.0,64.0,24.0,2.0,31.0,4.0,1.0,6.378854751586914,1489.0,371.0,47.39634205276644,146.928660363576,154.2504243655755,0.0,0.0,109.26554107666016,0.04746673490276357,11.809296777418643,7.321764001999557,-0.24,-4.539999999999991,20.0,0.0,471.3568420410156,13.185022354125977,-0.7400000000000002,12.333333333333334,0.0,0.05726872384548187,0.05726872384548187,5.185021877288818,2.631056308746338,6.378854751586914,13.110132217407227,6.378854751586914,13.185022354125977,0.0,0.07488986849784851,49.75820140825016,2.361859355483727
A,AN,final_4ch_no_frontier_raster,formal,True,C:\Users\Dk\Desktop\SCI\New_A\checkpoint_store\full_method_main\A_full_method_last.pt,650000,1559,30,20261353,20261353,181.33367042806526,173,0.9501,1,0.011494252873563218,coverage_reached,0.0,24.0,4.0,2.0,37.0,4.0,2.0,7.427745819091797,1607.0,373.0,51.15239870973517,158.57243600017893,165.93367042806543,0.0,0.0,63.02796936035156,0.04436251189343487,11.872958754655395,7.361234427886347,-0.24,-3.4600000000000026,20.0,0.0,417.4450988769531,13.387283325195312,-0.9000000000000004,15.000000000000005,0.0,0.0,0.0,3.8208093643188477,1.8801349401474,7.427745819091797,13.387283325195312,7.427745819091797,13.387283325195312,0.0,0.0,53.52699046066626,2.3745917509310788
A,AN,final_4ch_no_frontier_raster,formal,True,C:\Users\Dk\Desktop\SCI\New_A\checkpoint_store\full_method_main\A_full_method_last.pt,650000,1559,31,20261354,20261354,165.75985003776356,340,0.9523,1,0.1378299120234604,coverage_reached,0.0,168.0,103.0,23.0,88.0,9.0,19.0,4.417646884918213,1530.0,357.0,48.70141258611999,150.97437901697185,158.0198500377638,0.0,0.0,156.91578674316406,0.04458598726114657,11.363662936761344,7.045471020792032,-2.7600000000000016,-6.799999999999943,20.0,0.0,609.5205688476562,9.173529624938965,-2.700000000000002,45.00000000000006,0.0,0.0,0.0,3.7352941036224365,2.2012569904327393,4.417646884918213,9.173529624938965,4.417646884918213,9.173529624938965,0.0,0.0,50.97414517347223,2.2727325873522655
A,AN,final_4ch_no_frontier_raster,formal,True,C:\Users\Dk\Desktop\SCI\New_A\checkpoint_store\full_method_main\A_full_method_last.pt,650000,1559,32,20261355,20261355,164.0513425430458,356,0.953,1,0.08683473389355742,coverage_reached,0.0,201.0,174.0,2.0,55.0,5.0,2.0,5.9213480949401855,1479.0,342.0,47.078032166582666,145.9418997164062,152.69134254304726,0.0,0.0,85.43038177490234,0.04420317952694847,10.886198107485649,6.749442826641105,-0.24,-7.119999999999936,20.0,0.0,392.5505676269531,12.143258094787598,-1.2800000000000007,21.333333333333332,0.0,0.04775280877947807,0.04775280877947807,4.707865238189697,2.2605392932891846,5.9213480949401855,12.07022476196289,5.9213480949401855,12.143258094787598,0.0,0.07303370535373688,49.25527178807977,2.1772396214971277
A,AN,final_4ch_no_frontier_raster,formal,True,C:\Users\Dk\Desktop\SCI\New_A\checkpoint_store\full_method_main\A_full_method_last.pt,650000,1559,33,20261356,20261356,166.3679003113109,250,0.9518,1,0.0398406374501992,coverage_reached,0.0,97.0,66.0,2.0,52.0,11.0,2.0,7.427999973297119,1489.0,305.0,47.396342052766464,146.92866036357609,152.9479003113113,0.0,0.0,76.5064926147461,0.03935483870967741,9.708451528605618,6.019239947735486,-0.24,-4.999999999999981,20.0,0.0,478.9320068359375,13.592000007629395,-1.3400000000000005,22.333333333333336,0.0,0.04800000041723251,0.04800000041723251,4.0879998207092285,1.9455269575119019,7.427999973297119,13.531999588012695,7.427999973297119,13.592000007629395,0.0,0.05999999865889549,49.3380323584876,1.941690305721123
A,AN,final_4ch_no_frontier_raster,formal,True,C:\Users\Dk\Desktop\SCI\New_A\checkpoint_store\full_method_main\A_full_method_last.pt,650000,1559,34,20261357,20261357,165.5670887956891,185,0.9533,1,0.07526881720430108,coverage_reached,0.0,54.0,27.0,2.0,25.0,1.0,0.0,4.518918991088867,1454.0,332.0,46.28225745112316,143.47499809848182,150.02708879568885,0.0,0.0,139.64227294921875,0.04367271770586692,10.567888221301859,6.552090697207154,-0.24,-3.700000000000003,20.0,0.0,596.1243286132812,12.54054069519043,-0.52,8.666666666666664,0.0,0.1945945918560028,0.1945945918560028,7.264864921569824,2.969665288925171,4.518918991088867,12.199999809265137,4.518918991088867,12.54054069519043,0.0,0.3405405282974243,48.39583509538358,2.11357764426037
A,AN,final_4ch_no_frontier_raster,formal,True,C:\Users\Dk\Desktop\SCI\New_A\checkpoint_store\full_method_main\A_full_method_last.pt,650000,1559,35,20261358,20261358,170.32871182693364,194,0.951,1,0.05128205128205128,coverage_reached,0.0,50.0,28.0,6.0,33.0,4.0,5.0,6.541236877441406,1516.0,318.0,48.25577874546264,149.59291411093415,155.8687118269339,0.0,0.0,86.70819854736328,0.04026335781210437,10.122254380644543,6.2757977159996186,-0.72,-3.880000000000003,20.0,0.0,451.64947509765625,14.020618438720703,-0.9400000000000002,15.666666666666671,0.0,0.14432989060878754,0.14432989060878754,5.448453426361084,2.5542678833007812,6.541236877441406,13.597938537597656,6.541236877441406,14.020618438720703,0.0,0.42268040776252747,50.280229621591616,2.0244508761289084
A,AN,final_4ch_no_frontier_raster,formal,True,C:\Users\Dk\Desktop\SCI\New_A\checkpoint_store\full_method_main\A_full_method_last.pt,650000,1559,36,20261359,20261359,157.65116726338732,253,0.9541,1,0.1062992125984252,coverage_reached,0.0,91.0,50.0,11.0,42.0,7.0,6.0,5.177865505218506,1413.0,295.0,44.977186917769586,139.42927944508585,145.2511672633872,0.0,0.0,98.31592559814453,0.04008152173913048,9.390141642421831,5.82188781830154,-1.3200000000000003,-5.05999999999998,20.0,0.0,466.853759765625,11.177865982055664,-1.2200000000000004,20.33333333333333,0.0,0.0,0.0,4.181818008422852,2.247016668319702,5.177865505218506,11.177865982055664,5.177865505218506,11.177865982055664,0.0,0.0,46.85521524625398,1.8780283284843653
A,AN,final_4ch_no_frontier_raster,formal,True,C:\Users\Dk\Desktop\SCI\New_A\checkpoint_store\full_method_main\A_full_method_last.pt,650000,1559,37,20261360,20261360,167.4064354052738,156,0.9526,1,0.044585987261146494,coverage_reached,0.0,17.0,5.0,5.0,15.0,1.0,3.0,4.67307710647583,1472.0,320.0,46.85521524625398,145.2511672633874,151.56643540527372,0.0,0.0,128.13800048828125,0.0416666666666667,10.18591635788131,6.315268141886413,-0.6,-3.1200000000000023,20.0,0.0,532.2692260742188,8.76282024383545,-0.44,7.333333333333332,0.0,0.0,0.0,3.8589744567871094,1.9483822584152222,4.67307710647583,8.76282024383545,4.67307710647583,8.76282024383545,0.0,0.0,48.89239851783026,2.0371832715762594
A,AN,final_4ch_no_frontier_raster,formal,True,C:\Users\Dk\Desktop\SCI\New_A\checkpoint_store\full_method_main\A_full_method_last.pt,650000,1559,38,20261361,20261361,170.6329655742924,292,0.9549,1,0.06825938566552901,coverage_reached,0.0,120.0,73.0,6.0,57.0,4.0,3.0,3.0787670612335205,1530.0,383.0,48.70141258611996,150.97437901697185,158.5329655742922,0.0,0.0,289.92535400390625,0.047678326901531246,12.191268640839192,7.5585865573203,-0.72,-5.839999999999963,20.0,0.0,685.140380859375,8.904109954833984,-1.3400000000000007,22.33333333333333,0.0,0.04109589010477066,0.04109589010477066,5.914383411407471,3.2930080890655518,3.0787670612335205,8.845890045166016,3.0787670612335205,8.904109954833984,0.0,0.05821917951107025,51.139666314287815,2.4382537281678385
A,AN,final_4ch_no_frontier_raster,formal,True,C:\Users\Dk\Desktop\SCI\New_A\checkpoint_store\full_method_main\A_full_method_last.pt,650000,1559,39,20261362,20261362,151.58250164346342,132,0.9535,1,0.045112781954887216,coverage_reached,0.0,19.0,0.0,6.0,19.0,3.0,2.0,3.7272727489471436,1332.0,204.0,42.39887683968093,131.43651820301096,135.46250164346347,0.0,0.0,157.499267578125,0.029720279720279713,6.493521678149334,4.025983440452587,-0.72,-2.640000000000002,20.0,0.0,556.1818237304688,10.590909004211426,-0.5200000000000001,8.666666666666664,0.0,0.01515151560306549,0.01515151560306549,5.560606002807617,3.1723127365112305,3.7272727489471436,10.57575798034668,3.7272727489471436,10.590909004211426,0.0,0.01515151560306549,43.697581175310766,1.2987043356298666
A,AN,final_4ch_no_frontier_raster,formal,True,C:\Users\Dk\Desktop\SCI\New_A\checkpoint_store\full_method_main\A_full_method_last.pt,650000,1559,40,20261363,20261363,156.8020578416125,381,0.9505,1,0.18848167539267016,coverage_reached,0.0,224.0,171.0,29.0,76.0,13.0,18.0,5.763779640197754,1459.0,326.0,46.441412394215064,143.9683784220667,150.4020578416134,0.0,0.0,98.02194213867188,0.042776538512006294,10.376902289591573,6.433679419546778,-3.480000000000002,-7.6199999999999255,20.0,0.0,484.98687744140625,14.587926864624023,-2.5000000000000018,41.66666666666666,0.0,0.0,0.0,5.052493572235107,2.6778528690338135,5.763779640197754,14.587926864624023,5.763779640197754,14.587926864624023,0.0,0.0,48.51679285213338,2.075380457918316
A,AN,final_4ch_no_frontier_raster,formal,True,C:\Users\Dk\Desktop\SCI\New_A\checkpoint_store\full_method_main\A_full_method_last.pt,650000,1559,41,20261364,20261364,158.96142160564992,449,0.9514,1,0.2311111111111111,coverage_reached,0.0,267.0,201.0,30.0,117.0,32.0,10.0,9.293986320495605,1493.0,385.0,47.523666007239946,147.32336462244376,154.9214216056509,0.0,0.0,55.35789108276367,0.049044585987261205,12.25493061807595,7.59805698320709,-3.6000000000000023,-8.979999999999897,20.0,0.0,376.271728515625,17.106904983520508,-3.380000000000002,56.333333333333336,0.0,0.05122494325041771,0.05122494325041771,4.654788494110107,2.159921646118164,9.293986320495605,17.02227210998535,9.293986320495605,17.106904983520508,0.0,0.0846325159072876,49.97465213085519,2.4509861236151917
A,AN,final_4ch_no_frontier_raster,formal,True,C:\Users\Dk\Desktop\SCI\New_A\checkpoint_store\full_method_main\A_full_method_last.pt,650000,1559,42,20261365,20261365,169.69783840316023,157,0.952,1,0.02531645569620253,coverage_reached,0.0,19.0,6.0,2.0,24.0,5.0,1.0,6.847133636474609,1493.0,323.0,47.52366600723997,147.32336462244388,153.69783840316043,0.0,0.0,69.46208190917969,0.041474062660503325,10.281409323736437,6.374473780716591,-0.24,-3.1400000000000023,20.0,0.0,452.26751708984375,10.732483863830566,-0.62,10.333333333333334,0.0,0.0,0.0,3.1464967727661133,1.6053184270858765,6.847133636474609,10.732483863830566,6.847133636474609,10.732483863830566,0.0,0.0,49.579947871987244,2.0562818647472887
A,AN,final_4ch_no_frontier_raster,formal,True,C:\Users\Dk\Desktop\SCI\New_A\checkpoint_store\full_method_main\A_full_method_last.pt,650000,1559,43,20261366,20261366,170.0965144678774,151,0.9501,1,0.0,coverage_reached,0.0,3.0,0.0,0.0,31.0,3.0,0.0,4.907284736633301,1488.0,353.0,47.364511064148026,146.82998429885896,153.79651446787736,0.0,0.0,150.4403076171875,0.045297061465417725,11.236338982287817,6.96653016901845,0.0,-3.0200000000000022,20.0,0.0,530.9337768554688,11.536423683166504,-0.6800000000000003,11.333333333333332,0.0,0.05298013240098953,0.05298013240098953,4.788079261779785,2.7642672061920166,4.907284736633301,11.456954002380371,4.907284736633301,11.536423683166504,0.0,0.0794702023267746,49.6117788606056,2.247267796457564
A,AN,final_4ch_no_frontier_raster,formal,True,C:\Users\Dk\Desktop\SCI\New_A\checkpoint_store\full_method_main\A_full_method_last.pt,650000,1559,44,20261367,20261367,166.17888039693423,192,0.9513,1,0.0,coverage_reached,0.0,8.0,0.0,0.0,28.0,3.0,0.0,3.7760417461395264,1454.0,363.0,46.28225745112321,143.47499809848182,150.63888039693404,0.0,0.0,131.9591522216797,0.047556661862963485,11.554648868471608,7.163882298452399,0.0,-3.840000000000003,20.0,0.0,444.7864685058594,7.1875,-0.6200000000000001,10.333333333333336,0.0,0.0,0.0,3.4114582538604736,1.9359747171401978,3.7760417461395264,7.1875,3.7760417461395264,7.1875,0.0,0.0,48.59318722481753,2.310929773694322
A,AN,final_4ch_no_frontier_raster,formal,True,C:\Users\Dk\Desktop\SCI\New_A\checkpoint_store\full_method_main\A_full_method_last.pt,650000,1559,45,20261368,20261368,155.81593343040575,315,0.9533,1,0.0981012658227848,coverage_reached,0.0,152.0,100.0,10.0,59.0,8.0,6.0,5.67301607131958,1401.0,337.0,44.595215054349055,138.2451666684821,144.89593343040613,0.0,0.0,101.4278564453125,0.04590029964587309,10.727043164393747,6.650766761924126,-1.2000000000000002,-6.299999999999954,20.0,0.0,518.01904296875,12.069841384887695,-1.580000000000001,26.33333333333333,0.0,0.0,0.0,5.577777862548828,2.214150905609131,5.67301607131958,12.069841384887695,5.67301607131958,12.069841384887695,0.0,0.0,46.740623687227824,2.14540863287875
A,AN,final_4ch_no_frontier_raster,formal,True,C:\Users\Dk\Desktop\SCI\New_A\checkpoint_store\full_method_main\A_full_method_last.pt,650000,1559,46,20261369,20261369,162.17053102742494,259,0.951,1,0.08846153846153847,coverage_reached,0.0,81.0,63.0,8.0,55.0,10.0,4.0,4.2046332359313965,1452.0,329.0,46.21859547388639,143.27764596904788,149.77053102742474,0.0,0.0,150.33575439453125,0.043352220318882646,10.472395255446727,6.492885058376972,-0.96,-5.1799999999999775,20.0,0.0,585.270263671875,8.563706398010254,-1.4600000000000009,24.333333333333314,0.0,0.0,0.0,3.7953667640686035,2.1223342418670654,4.2046332359313965,8.563706398010254,4.2046332359313965,8.563706398010254,0.0,0.0,48.313074524975754,2.0944790510893427
A,AN,final_4ch_no_frontier_raster,formal,True,C:\Users\Dk\Desktop\SCI\New_A\checkpoint_store\full_method_main\A_full_method_last.pt,650000,1559,47,20261370,20261370,159.9386156098767,321,0.9513,1,0.15217391304347827,coverage_reached,0.0,157.0,115.0,17.0,79.0,12.0,11.0,8.370716094970703,1447.0,399.0,46.05944053079452,142.78426564546308,150.65861560987764,0.0,0.0,89.6145248413086,0.05226617762640815,12.700564458733252,7.874349964414616,-2.040000000000001,-6.419999999999951,20.0,0.0,417.3364562988281,16.39252281188965,-2.260000000000001,37.666666666666686,0.0,0.06542056053876877,0.06542056053876877,5.080996990203857,2.773158073425293,8.370716094970703,16.283489227294922,8.370716094970703,16.39252281188965,0.0,0.10903427004814148,48.59955342254117,2.5401128917466513
A,AN,final_4ch_no_frontier_raster,formal,True,C:\Users\Dk\Desktop\SCI\New_A\checkpoint_store\full_method_main\A_full_method_last.pt,650000,1559,48,20261371,20261371,44.32152231844765,600,0.5744,0,0.6405990016638935,max_episode_steps,1.0,536.0,527.0,53.0,259.0,76.0,25.0,3.0933332443237305,779.0,178.0,24.796340133717276,76.86865441452363,80.38152231844794,0.0,0.0,252.34718322753906,0.043702430640805305,5.665915974071476,3.512867903924315,-6.360000000000005,-11.999999999999833,0.0,-10.0,767.8250122070312,7.081666469573975,-7.699999999999969,128.3333333333332,0.0,0.0,0.0,3.928333282470703,2.3059723377227783,3.0933332443237305,7.081666469573975,3.0933332443237305,7.081666469573975,0.0,0.0,25.929523328531587,1.1331831948142952
A,AN,final_4ch_no_frontier_raster,formal,True,C:\Users\Dk\Desktop\SCI\New_A\checkpoint_store\full_method_main\A_full_method_last.pt,650000,1559,49,20261372,20261372,162.19344368504738,258,0.9505,1,0.07335907335907337,coverage_reached,0.0,113.0,60.0,7.0,53.0,7.0,4.0,2.887596845626831,1447.0,343.0,46.05944053079449,142.78426564546294,149.5534436850474,0.0,0.0,181.5808868408203,0.045262602269728204,10.918029096104023,6.769178039584497,-0.84,-5.159999999999978,20.0,0.0,458.8255920410156,8.949612617492676,-1.3600000000000008,22.666666666666657,0.0,0.01937984488904476,0.01937984488904476,5.2480621337890625,3.2810721397399902,2.887596845626831,8.922480583190918,2.887596845626831,8.949612617492676,0.0,0.027131782844662666,48.24304635001534,2.1836058192208045
A,AN,final_4ch_no_frontier_raster,formal,True,C:\Users\Dk\Desktop\SCI\New_A\checkpoint_store\full_method_main\A_full_method_last.pt,650000,1559,50,20261373,20261373,157.52414182916024,258,0.951,1,0.12355212355212356,coverage_reached,0.0,114.0,82.0,4.0,42.0,6.0,4.0,7.511627674102783,1395.0,336.0,44.404229122638796,137.65311028018024,144.28414182916106,0.0,0.0,65.22895812988281,0.04595814526056632,10.69521217577537,6.631031548980733,-0.48,-5.159999999999978,20.0,0.0,412.6046447753906,13.968992233276367,-1.1200000000000006,18.66666666666666,0.0,0.011627906933426857,0.011627906933426857,4.151162624359131,1.9870458841323853,7.511627674102783,13.957364082336426,7.511627674102783,13.968992233276367,0.0,0.011627906933426857,46.54327155779389,2.139042435155075
A,AN,final_4ch_no_frontier_raster,formal,True,C:\Users\Dk\Desktop\SCI\New_A\checkpoint_store\full_method_main\A_full_method_last.pt,650000,1559,51,20261374,20261374,160.9355619815,291,0.9513,1,0.09246575342465753,coverage_reached,0.0,131.0,77.0,10.0,51.0,11.0,5.0,6.0137457847595215,1442.0,360.0,45.90028558770264,142.29088532187808,149.39556198150024,0.0,0.0,66.13724517822266,0.04755614266842806,11.459155902616468,7.104676659622215,-1.2000000000000002,-5.819999999999964,20.0,0.0,370.01373291015625,11.298969268798828,-1.4400000000000008,23.999999999999996,0.0,0.034364260733127594,0.034364260733127594,4.2130584716796875,1.9726272821426392,6.0137457847595215,11.261168479919434,6.0137457847595215,11.298969268798828,0.0,0.03780068829655647,48.192116768225944,2.2918311805232925
A,AN,final_4ch_no_frontier_raster,formal,True,C:\Users\Dk\Desktop\SCI\New_A\checkpoint_store\full_method_main\A_full_method_last.pt,650000,1559,52,20261375,20261375,161.5526493238769,284,0.9543,1,0.11578947368421053,coverage_reached,0.0,129.0,76.0,7.0,54.0,11.0,6.0,8.887324333190918,1446.0,351.0,46.027609542176165,142.68558958074613,149.61264932387763,0.0,0.0,58.013980865478516,0.04629996042738426,11.172677005051057,6.92705974313166,-0.84,-5.679999999999967,20.0,0.0,432.62322998046875,16.693662643432617,-1.5400000000000007,25.666666666666654,0.0,0.014084506779909134,0.014084506779909134,6.584506988525391,2.0953454971313477,8.887324333190918,16.672534942626953,8.887324333190918,16.693662643432617,0.0,0.0211267601698637,48.26214494318641,2.2345354010102123
A,AN,final_4ch_no_frontier_raster,formal,True,C:\Users\Dk\Desktop\SCI\New_A\checkpoint_store\full_method_main\A_full_method_last.pt,650000,1559,53,20261376,20261376,171.28288651168853,194,0.9504,1,0.035897435897435895,coverage_reached,0.0,28.0,9.0,3.0,28.0,5.0,3.0,4.319587707519531,1513.0,355.0,48.16028577960753,149.2968859167834,156.30288651168863,0.0,0.0,140.5253448486328,0.04482323232323234,11.300000959524574,7.006000594905238,-0.36,-3.880000000000003,20.0,0.0,532.8453369140625,12.530927658081055,-0.7800000000000004,12.999999999999998,0.0,0.29381442070007324,0.29381442070007324,6.752577304840088,3.1127514839172363,4.319587707519531,11.860824584960938,4.319587707519531,12.530927658081055,0.0,0.6701030731201172,50.42028597151241,2.260000191904914
A,AN,final_4ch_no_frontier_raster,formal,True,C:\Users\Dk\Desktop\SCI\New_A\checkpoint_store\full_method_main\A_full_method_last.pt,650000,1559,54,20261377,20261377,161.36166923825465,239,0.9504,1,0.12083333333333333,coverage_reached,0.0,61.0,19.0,27.0,76.0,11.0,20.0,6.665271759033203,1460.0,398.0,46.47324338283343,144.06705448678372,151.9216692382548,0.0,0.0,105.65799713134766,0.05170174071187323,12.668733470114878,7.854614751471225,-3.240000000000002,-4.779999999999986,20.0,0.0,476.0753173828125,14.962343215942383,-2.5400000000000014,42.333333333333364,0.0,0.2970711290836334,0.2970711290836334,6.673640251159668,2.7354049682617188,6.665271759033203,14.163180351257324,6.665271759033203,14.962343215942383,0.0,0.7991631627082825,49.006990076856425,2.533746694022976
A,AN,final_4ch_no_frontier_raster,formal,True,C:\Users\Dk\Desktop\SCI\New_A\checkpoint_store\full_method_main\A_full_method_last.pt,650000,1559,55,20261378,20261378,164.65132538859405,209,0.9519,1,0.05238095238095238,coverage_reached,0.0,48.0,28.0,1.0,30.0,6.0,1.0,5.674641132354736,1450.0,336.0,46.154933496649655,143.08029383961392,149.71132538859456,0.0,0.0,92.69601440429688,0.044292117057737966,10.695212175775374,6.631031548980732,-0.12,-4.179999999999999,20.0,0.0,453.25360107421875,11.057415962219238,-0.7600000000000001,12.666666666666673,0.0,0.028708133846521378,0.028708133846521378,4.076555252075195,2.1824560165405273,5.674641132354736,11.023923873901367,5.674641132354736,11.057415962219238,0.0,0.03349282220005989,48.29397593180475,2.1390424351550736
A,AN,final_4ch_no_frontier_raster,formal,True,C:\Users\Dk\Desktop\SCI\New_A\checkpoint_store\full_method_main\A_full_method_last.pt,650000,1559,56,20261379,20261379,161.40204068716085,193,0.95,1,0.05670103092783505,coverage_reached,0.0,31.0,4.0,9.0,41.0,5.0,4.0,2.943005084991455,1420.0,370.0,45.20000383809828,140.12001189810465,147.42204068716075,0.0,0.0,227.24343872070312,0.04953145917001345,11.777465788800267,7.302028789056168,-1.08,-3.860000000000003,20.0,0.0,549.1761474609375,10.0,-1.0800000000000005,18.000000000000004,0.0,0.041450776159763336,0.041450776159763336,5.310880661010742,3.967702865600586,2.943005084991455,9.953368186950684,2.943005084991455,10.0,0.0,0.04663212597370148,47.555496995858356,2.3554931577600517
A,AN,final_4ch_no_frontier_raster,formal,True,C:\Users\Dk\Desktop\SCI\New_A\checkpoint_store\full_method_main\A_full_method_last.pt,650000,1559,57,20261380,20261380,-6.494385794535427,600,0.6471,0,0.7920133111480865,max_episode_steps,1.0,506.0,474.0,473.0,491.0,7.0,468.0,4.815000057220459,977.0,230.0,31.098875880156342,96.40651522848476,100.9456142054655,0.0,0.0,190.9134979248047,0.044965786901270725,7.321127382227186,4.539098976980854,-56.75999999999956,-11.999999999999833,0.0,-10.0,911.9299926757812,17.123332977294922,-28.679999999999772,478.0,0.0,0.03333333507180214,0.03333333507180214,7.638333320617676,3.58127760887146,4.815000057220459,17.0,4.815000057220459,17.123332977294922,0.0,0.12333333492279053,32.563101356601784,1.4642254764454365
A,AN,final_4ch_no_frontier_raster,formal,True,C:\Users\Dk\Desktop\SCI\New_A\checkpoint_store\full_method_main\A_full_method_last.pt,650000,1559,58,20261381,20261381,169.92142160565064,209,0.9581,1,0.02857142857142857,coverage_reached,0.0,45.0,21.0,2.0,26.0,3.0,0.0,4.153110027313232,1511.0,295.0,48.09662380237081,149.09953378734954,154.92142160565095,0.0,0.0,126.31356811523438,0.03757961783439492,9.390141642421828,5.82188781830154,-0.24,-4.179999999999999,20.0,0.0,493.1961669921875,9.937799453735352,-0.5800000000000002,9.666666666666664,0.0,0.0,0.0,4.052631378173828,2.529186725616455,4.153110027313232,9.937799453735352,4.153110027313232,9.937799453735352,0.0,0.0,49.974652130855155,1.8780283284843646
A,AN,final_4ch_no_frontier_raster,formal,True,C:\Users\Dk\Desktop\SCI\New_A\checkpoint_store\full_method_main\A_full_method_last.pt,650000,1559,59,20261382,20261382,91.77736776267298,600,0.7396,0,0.22462562396006655,max_episode_steps,1.0,470.0,413.0,11.0,112.0,17.0,7.0,2.7016665935516357,1147.0,242.0,36.5101439452808,113.18144623037043,117.95736776267195,0.0,0.0,94.78083038330078,0.04048853940103735,7.703099245647737,4.7759215323015995,-1.3200000000000003,-11.999999999999833,0.0,-10.0,249.5050048828125,5.074999809265137,-2.860000000000002,47.66666666666669,0.0,0.006666666828095913,0.006666666828095913,3.174999952316284,1.7411389350891113,2.7016665935516357,5.068333148956299,2.7016665935516357,5.074999809265137,0.0,0.006666666828095913,38.05076379441039,1.5406198491295464
A,AN,final_4ch_no_frontier_raster,formal,True,C:\Users\Dk\Desktop\SCI\New_A\checkpoint_store\full_method_main\A_full_method_last.pt,650000,1559,60,20261383,20261383,89.5187431613131,600,0.7978,0,0.40765391014975044,max_episode_steps,1.0,474.0,434.0,71.0,221.0,41.0,38.0,4.261666774749756,1226.0,295.0,39.02479204613276,120.97685534301152,126.798743161313,0.0,0.0,133.21878051757812,0.04591439688715955,9.390141642421828,5.821887818301535,-8.520000000000003,-11.999999999999833,0.0,-10.0,560.8633422851562,6.505000114440918,-6.759999999999978,112.66666666666666,0.0,0.0,0.0,2.305000066757202,1.5448530912399292,4.261666774749756,6.505000114440918,4.261666774749756,6.505000114440918,0.0,0.0,40.9028203746171,1.8780283284843644
A,AN,final_4ch_no_frontier_raster,formal,True,C:\Users\Dk\Desktop\SCI\New_A\checkpoint_store\full_method_main\A_full_method_last.pt,650000,1559,61,20261384,20261384,164.46297601908518,159,0.9514,1,0.01875,coverage_reached,0.0,7.0,0.0,3.0,30.0,8.0,2.0,6.666666507720947,1441.0,337.0,45.86845459908427,142.1922092571612,148.8429760190852,0.0,0.0,87.64431762695312,0.044683107928931334,10.72704316439375,6.650766761924128,-0.36,-3.1800000000000024,20.0,0.0,507.87420654296875,11.270440101623535,-0.8400000000000003,14.000000000000002,0.0,0.0,0.0,2.8993711471557617,1.7642204761505127,6.666666507720947,11.270440101623535,6.666666507720947,11.270440101623535,0.0,0.0,48.013863231962986,2.14540863287875
A,AN,final_4ch_no_frontier_raster,formal,True,C:\Users\Dk\Desktop\SCI\New_A\checkpoint_store\full_method_main\A_full_method_last.pt,650000,1559,62,20261385,20261385,165.95928615474475,241,0.9534,1,0.12396694214876033,coverage_reached,0.0,93.0,63.0,5.0,27.0,5.0,2.0,6.5726141929626465,1479.0,312.0,47.07803216658265,145.94189971640625,152.09928615474544,0.0,0.0,84.74730682373047,0.04048267808485795,9.931268448934276,6.157386438339254,-0.6,-4.819999999999985,20.0,0.0,472.1037292480469,12.01244831085205,-0.7200000000000002,12.000000000000002,0.0,0.04149377718567848,0.04149377718567848,4.468879699707031,2.041154384613037,6.5726141929626465,11.966804504394531,6.5726141929626465,12.01244831085205,0.0,0.0456431545317173,49.06428585636951,1.9862536897868541
A,AN,final_4ch_no_frontier_raster,formal,True,C:\Users\Dk\Desktop\SCI\New_A\checkpoint_store\full_method_main\A_full_method_last.pt,650000,1559,63,20261386,20261386,163.97729167459468,263,0.9549,1,0.06060606060606061,coverage_reached,0.0,108.0,58.0,2.0,56.0,4.0,2.0,5.494296550750732,1462.0,329.0,46.53690536007017,144.2644066162177,150.75729167459457,0.0,0.0,114.04254150390625,0.043068464458698795,10.472395255446719,6.492885058376969,-0.24,-5.259999999999976,20.0,0.0,556.3802490234375,11.42585563659668,-1.2800000000000007,21.33333333333332,0.0,0.057034220546483994,0.057034220546483994,4.391634941101074,2.328059673309326,5.494296550750732,11.323193550109863,5.494296550750732,11.42585563659668,0.0,0.10266159474849701,48.631384411159566,2.094479051089342
A,AN,final_4ch_no_frontier_raster,formal,True,C:\Users\Dk\Desktop\SCI\New_A\checkpoint_store\full_method_main\A_full_method_last.pt,650000,1559,64,20261387,20261387,164.04232262867032,236,0.9509,1,0.04219409282700422,coverage_reached,0.0,74.0,41.0,5.0,40.0,3.0,4.0,4.635593414306641,1460.0,320.0,46.47324338283343,144.06705448678363,150.38232262866993,0.0,0.0,152.4552764892578,0.04199475065616803,10.18591635788131,6.315268141886413,-0.6,-4.719999999999987,20.0,0.0,621.36865234375,11.300847053527832,-1.0200000000000005,17.0,0.0,0.13135592639446259,0.13135592639446259,6.652542591094971,2.76806902885437,4.635593414306641,11.046609878540039,4.635593414306641,11.300847053527832,0.0,0.2542372941970825,48.51042665440969,2.0371832715762612
A,AN,final_4ch_no_frontier_raster,formal,True,C:\Users\Dk\Desktop\SCI\New_A\checkpoint_store\full_method_main\A_full_method_last.pt,650000,1559,65,20261388,20261388,155.29413138436664,491,0.9516,1,0.24390243902439024,coverage_reached,0.0,289.0,201.0,41.0,133.0,26.0,19.0,4.3747453689575195,1484.0,382.0,47.23718710967458,146.43528003999117,153.974131384368,0.0,0.0,86.68339538574219,0.04896180466547041,12.159437652220813,7.538851344376907,-4.9200000000000035,-9.81999999999988,20.0,0.0,358.9592590332031,8.70264720916748,-3.9400000000000026,65.66666666666673,0.0,0.008146639913320541,0.008146639913320541,3.6395111083984375,2.113192319869995,4.3747453689575195,8.688390731811523,4.3747453689575195,8.70264720916748,0.0,0.014256618916988373,49.669074640118765,2.431887530444164
A,AN,final_4ch_no_frontier_raster,formal,True,C:\Users\Dk\Desktop\SCI\New_A\checkpoint_store\full_method_main\A_full_method_last.pt,650000,1559,66,20261389,20261389,108.83819269761187,600,0.9462,0,0.4276206322795341,max_episode_steps,1.0,441.0,380.0,72.0,208.0,55.0,37.0,3.0283334255218506,1413.0,344.0,44.977186917769615,139.42927944508585,146.21819269761377,0.0,0.0,102.1751937866211,0.046430017546227595,10.949860084722406,6.788913252527894,-8.640000000000002,-11.999999999999833,0.0,-10.0,289.4549865722656,7.019999980926514,-6.739999999999983,112.33333333333337,0.0,0.0,0.0,3.805000066757202,2.4155874252319336,3.0283334255218506,7.019999980926514,3.0283334255218506,7.019999980926514,0.0,0.0,47.167158934714124,2.1899720169444805
A,AN,final_4ch_no_frontier_raster,formal,True,C:\Users\Dk\Desktop\SCI\New_A\checkpoint_store\full_method_main\A_full_method_last.pt,650000,1559,67,20261390,20261390,165.0555791359519,306,0.9506,1,0.07166123778501629,coverage_reached,0.0,132.0,93.0,0.0,47.0,13.0,0.0,7.839869499206543,1473.0,356.0,46.88704623487239,145.34984332810436,152.37557913595293,0.0,0.0,81.05702209472656,0.04610801709623111,11.33183194814296,7.025735807848637,0.0,-6.1199999999999575,20.0,0.0,354.42156982421875,13.303921699523926,-1.2000000000000006,19.99999999999999,0.0,0.009803921915590763,0.009803921915590763,4.205882549285889,2.3181138038635254,7.839869499206543,13.290849685668945,7.839869499206543,13.303921699523926,0.0,0.013071895577013493,49.15341262450099,2.2663663896285904
A,AN,final_4ch_no_frontier_raster,formal,True,C:\Users\Dk\Desktop\SCI\New_A\checkpoint_store\full_method_main\A_full_method_last.pt,650000,1559,68,20261391,20261391,156.13635634266905,453,0.9504,1,0.15859030837004406,coverage_reached,0.0,263.0,178.0,14.0,99.0,14.0,5.0,6.165563106536865,1442.0,357.0,45.90028558770262,142.29088532187797,149.33635634267011,0.0,0.0,88.10559844970703,0.04717853839037937,11.363662936761331,7.0454710207920295,-1.6800000000000006,-9.059999999999896,20.0,0.0,497.36865234375,9.737306594848633,-2.4600000000000017,41.00000000000003,0.0,0.002207505516707897,0.002207505516707897,3.7593820095062256,1.6627063751220703,6.165563106536865,9.735099792480469,6.165563106536865,9.737306594848633,0.0,0.002207505516707897,48.17301817505493,2.2727325873522672
A,AN,final_4ch_no_frontier_raster,formal,True,C:\Users\Dk\Desktop\SCI\New_A\checkpoint_store\full_method_main\A_full_method_last.pt,650000,1559,69,20261392,20261392,164.8922607205192,191,0.9539,1,0.07291666666666667,coverage_reached,0.0,48.0,21.0,11.0,35.0,6.0,7.0,3.4764397144317627,1466.0,328.0,46.66422931454374,144.65911087508556,151.132260720519,0.0,0.0,146.36915588378906,0.04283102637764429,10.440564266828328,6.473149845433569,-1.3200000000000003,-3.820000000000003,20.0,0.0,457.8219909667969,8.785340309143066,-1.1000000000000005,18.333333333333332,0.0,0.0,0.0,3.9895288944244385,2.7111318111419678,3.4764397144317627,8.785340309143066,3.4764397144317627,8.785340309143066,0.0,0.0,48.75234216790939,2.0881128533656677
A,AN,final_4ch_no_frontier_raster,formal,True,C:\Users\Dk\Desktop\SCI\New_A\checkpoint_store\full_method_main\A_full_method_last.pt,650000,1559,70,20261393,20261393,166.01715070383995,137,0.9528,1,0.0,coverage_reached,0.0,0.0,0.0,0.0,24.0,2.0,0.0,5.0291972160339355,1445.0,339.0,45.99577855355779,142.586913516029,149.27715070383996,0.0,0.0,135.30099487304688,0.04481755684822849,10.790705141630507,6.690237187810917,0.0,-2.740000000000002,20.0,0.0,557.4014892578125,12.34306526184082,-0.5200000000000001,8.666666666666664,0.0,0.16788321733474731,0.16788321733474731,6.313868522644043,2.738132953643799,5.0291972160339355,12.087591171264648,5.0291972160339355,12.34306526184082,0.0,0.2554744482040405,48.15391958188384,2.1581410283261016
A,AN,final_4ch_no_frontier_raster,formal,True,C:\Users\Dk\Desktop\SCI\New_A\checkpoint_store\full_method_main\A_full_method_last.pt,650000,1559,71,20261394,20261394,159.03425520066898,412,0.9503,1,0.15012106537530268,coverage_reached,0.0,241.0,160.0,20.0,98.0,14.0,14.0,6.628640651702881,1474.0,356.0,46.918877223490774,145.4485193928213,152.4742552006699,0.0,0.0,92.97367858886719,0.04607817758219006,11.331831948142952,7.025735807848635,-2.4000000000000012,-8.239999999999913,20.0,0.0,458.1626281738281,12.97330093383789,-2.800000000000002,46.66666666666667,0.0,0.10922329872846603,0.10922329872846603,5.376213550567627,2.4087302684783936,6.628640651702881,12.793689727783203,6.628640651702881,12.97330093383789,0.0,0.17961165308952332,49.18524361311937,2.2663663896285913
A,AN,final_4ch_no_frontier_raster,formal,True,C:\Users\Dk\Desktop\SCI\New_A\checkpoint_store\full_method_main\A_full_method_last.pt,650000,1559,72,20261395,20261395,154.27098824859382,468,0.9525,1,0.464818763326226,coverage_reached,0.0,326.0,283.0,80.0,200.0,43.0,52.0,6.1773505210876465,1553.0,351.0,49.433525324342696,153.2439285054624,160.17098824859394,0.0,0.0,112.02140045166016,0.043247905372104496,11.172677005051057,6.927059743131657,-9.599999999999996,-9.35999999999989,20.0,0.0,668.388916015625,12.30341911315918,-6.939999999999976,115.66666666666657,0.0,0.044871795922517776,0.044871795922517776,6.997863292694092,2.112894058227539,6.1773505210876465,12.2393159866333,6.1773505210876465,12.30341911315918,0.0,0.06410256773233414,51.66806072535291,2.234535401010211
A,AN,final_4ch_no_frontier_raster,formal,True,C:\Users\Dk\Desktop\SCI\New_A\checkpoint_store\full_method_main\A_full_method_last.pt,650000,1559,73,20261396,20261396,155.88004620701048,400,0.9504,1,0.11471321695760599,coverage_reached,0.0,242.0,214.0,5.0,66.0,8.0,3.0,4.670000076293945,1414.0,332.0,45.009017906388,139.5279555098029,146.08004620700996,0.0,0.0,121.10563659667969,0.044852742502026505,10.56788822130186,6.552090697207155,-0.6,-7.999999999999917,20.0,0.0,556.5875244140625,7.869999885559082,-1.600000000000001,26.66666666666664,0.0,0.0,0.0,2.3975000381469727,1.7346577644348145,4.670000076293945,7.869999885559082,4.670000076293945,7.869999885559082,0.0,0.0,47.12259555064837,2.1135776442603698
A,AN,final_4ch_no_frontier_raster,formal,True,C:\Users\Dk\Desktop\SCI\New_A\checkpoint_store\full_method_main\A_full_method_last.pt,650000,1559,74,20261397,20261397,164.4632579605944,248,0.9505,1,0.08433734939759036,coverage_reached,0.0,84.0,35.0,10.0,44.0,5.0,5.0,4.870967864990234,1468.0,352.0,46.727891291780445,144.85646300451947,151.80325796059446,0.0,0.0,116.3857192993164,0.04576183047321897,11.204507993669438,6.946794956075054,-1.2000000000000002,-4.959999999999982,20.0,0.0,518.4234008789062,9.008064270019531,-1.1800000000000006,19.66666666666667,0.0,0.0,0.0,4.25,1.9014111757278442,4.870967864990234,9.008064270019531,4.870967864990234,9.008064270019531,0.0,0.0,48.96879289051439,2.2409015987338887
A,AN,final_4ch_no_frontier_raster,formal,True,C:\Users\Dk\Desktop\SCI\New_A\checkpoint_store\full_method_main\A_full_method_last.pt,650000,1559,75,20261398,20261398,154.90758406089662,244,0.9522,1,0.1510204081632653,coverage_reached,0.0,86.0,59.0,22.0,52.0,10.0,9.0,4.3647541999816895,1395.0,323.0,44.4042291226388,137.65311028018027,144.02758406089686,0.0,0.0,102.31472778320312,0.04425870101397648,10.281409323736446,6.374473780716598,-2.6400000000000015,-4.879999999999984,20.0,0.0,393.6844177246094,8.110655784606934,-1.6000000000000008,26.666666666666647,0.0,0.0,0.0,4.233606338500977,2.1004879474639893,4.3647541999816895,8.110655784606934,4.3647541999816895,8.110655784606934,0.0,0.0,46.4605109873861,2.056281864747288
A,AN,final_4ch_no_frontier_raster,formal,True,C:\Users\Dk\Desktop\SCI\New_A\checkpoint_store\full_method_main\A_full_method_last.pt,650000,1559,76,20261399,20261399,163.99330271429264,182,0.9503,1,0.02185792349726776,coverage_reached,0.0,51.0,19.0,0.0,21.0,1.0,0.0,4.840659141540527,1437.0,318.0,45.74113064461071,141.79750499829316,148.0733027142928,0.0,0.0,93.85369110107422,0.04238304678128753,10.122254380644549,6.275797715999621,0.0,-3.640000000000003,20.0,0.0,422.8406677246094,8.818681716918945,-0.44,7.333333333333331,0.0,0.0,0.0,3.258241653442383,1.914468765258789,4.840659141540527,8.818681716918945,4.840659141540527,8.818681716918945,0.0,0.0,47.76558152073966,2.024450876128909
A,AN,final_4ch_no_frontier_raster,formal,True,C:\Users\Dk\Desktop\SCI\New_A\checkpoint_store\full_method_main\A_full_method_last.pt,650000,1559,77,20261400,20261400,162.47768027795286,220,0.9534,1,0.08597285067873303,coverage_reached,0.0,54.0,18.0,8.0,53.0,7.0,5.0,7.25,1451.0,307.0,46.18676448526805,143.17896990433087,149.23768027795316,0.0,0.0,71.71430206298828,0.04059772546945255,9.772113505842375,6.058710373622274,-0.96,-4.399999999999994,20.0,0.0,461.1863708496094,12.850000381469727,-1.4000000000000006,23.333333333333332,0.0,0.0,0.0,4.427272796630859,1.8962424993515015,7.25,12.850000381469727,7.25,12.850000381469727,0.0,0.0,48.14118718643652,1.954422701168475
A,AN,final_4ch_no_frontier_raster,formal,True,C:\Users\Dk\Desktop\SCI\New_A\checkpoint_store\full_method_main\A_full_method_last.pt,650000,1559,78,20261401,20261401,156.56712310459204,585,0.9583,1,0.22525597269624573,coverage_reached,0.0,423.0,321.0,32.0,142.0,26.0,13.0,5.391452789306641,1514.0,334.0,48.19211676822595,149.3955619815004,155.9871231045942,0.0,0.0,124.10987091064453,0.042257085020242904,10.63155019853861,6.59156112309394,-3.8400000000000025,-11.69999999999984,20.0,0.0,449.1145324707031,9.765811920166016,-3.880000000000003,64.66666666666673,0.0,0.03418803587555885,0.03418803587555885,4.305983066558838,2.320967197418213,5.391452789306641,9.719657897949219,5.391452789306641,9.765811920166016,0.0,0.04615384712815285,50.318426807933676,2.1263100397077235
A,AN,final_4ch_no_frontier_raster,formal,True,C:\Users\Dk\Desktop\SCI\New_A\checkpoint_store\full_method_main\A_full_method_last.pt,650000,1559,79,20261402,20261402,165.05439617142468,250,0.9505,1,0.13545816733067728,coverage_reached,0.0,92.0,42.0,16.0,64.0,17.0,9.0,5.980000019073486,1484.0,381.0,47.23718710967454,146.4352800399911,153.95439617142452,0.0,0.0,97.86023712158203,0.04883989232149726,12.12760666360243,7.51911613143351,-1.9200000000000008,-4.999999999999981,20.0,0.0,441.6960144042969,15.723999977111816,-1.9800000000000013,32.999999999999986,0.0,0.10400000214576721,0.10400000214576721,6.251999855041504,3.1114275455474854,5.980000019073486,15.552000045776367,5.980000019073486,15.723999977111816,0.0,0.1720000058412552,49.662708442394994,2.425521332720486
A,AN,final_4ch_no_frontier_raster,formal,True,C:\Users\Dk\Desktop\SCI\New_A\checkpoint_store\full_method_main\A_full_method_last.pt,650000,1559,80,20261403,20261403,161.42894230508537,288,0.9529,1,0.11072664359861592,coverage_reached,0.0,126.0,58.0,8.0,62.0,15.0,5.0,5.729166507720947,1450.0,345.0,46.15493349664965,143.0802938396139,149.8889423050852,0.0,0.0,107.8729476928711,0.0454246214614879,10.981691073340794,6.808648465471294,-0.96,-5.759999999999965,20.0,0.0,474.3680419921875,12.5625,-1.740000000000001,28.999999999999986,0.0,0.1423611044883728,0.1423611044883728,6.253472328186035,2.854487419128418,5.729166507720947,12.371527671813965,5.729166507720947,12.5625,0.0,0.1909722238779068,48.351271711317835,2.196338214668156
A,AN,final_4ch_no_frontier_raster,formal,True,C:\Users\Dk\Desktop\SCI\New_A\checkpoint_store\full_method_main\A_full_method_last.pt,650000,1559,81,20261404,20261404,161.06867751802787,257,0.9526,1,0.07364341085271318,coverage_reached,0.0,97.0,49.0,15.0,65.0,14.0,8.0,7.926070213317871,1457.0,311.0,46.3777504169783,143.77102629263268,149.90867751802858,0.0,0.0,89.52755737304688,0.040942601369141705,9.899437460315902,6.137651225395858,-1.8000000000000007,-5.139999999999978,20.0,0.0,505.8638000488281,14.365758895874023,-1.9000000000000012,31.666666666666657,0.0,0.0038910505827516317,0.0038910505827516317,4.4630351066589355,2.061795711517334,7.926070213317871,14.361867904663086,7.926070213317871,14.365758895874023,0.0,0.0038910505827516317,48.35763790904149,1.9798874920631777
A,AN,final_4ch_no_frontier_raster,formal,True,C:\Users\Dk\Desktop\SCI\New_A\checkpoint_store\full_method_main\A_full_method_last.pt,650000,1559,82,20261405,20261405,162.90643540527302,343,0.9509,1,0.07848837209302326,coverage_reached,0.0,177.0,124.0,6.0,49.0,5.0,0.0,6.215743541717529,1469.0,335.0,46.75972228039886,144.9551390692365,151.56643540527384,0.0,0.0,124.0811538696289,0.04361979166666666,10.663381187156988,6.611296336037334,-0.72,-6.859999999999942,20.0,0.0,585.1370239257812,12.326530456542969,-1.0800000000000003,18.000000000000004,0.0,0.0,0.0,4.9271135330200195,2.2224602699279785,6.215743541717529,12.326530456542969,6.215743541717529,12.326530456542969,0.0,0.0,48.892398517830266,2.132676237431398
A,AN,final_4ch_no_frontier_raster,formal,True,C:\Users\Dk\Desktop\SCI\New_A\checkpoint_store\full_method_main\A_full_method_last.pt,650000,1559,83,20261406,20261406,164.91704404199072,239,0.9529,1,0.14583333333333334,coverage_reached,0.0,80.0,44.0,19.0,63.0,8.0,9.0,4.845188140869141,1492.0,331.0,47.49183501862154,147.2246885577268,153.7570440419905,0.0,0.0,100.01036071777344,0.042484918495700234,10.53605723268348,6.5323554842637614,-2.280000000000001,-4.779999999999986,20.0,0.0,457.81170654296875,12.468619346618652,-1.7800000000000011,29.666666666666636,0.0,0.08786610513925552,0.08786610513925552,5.81589937210083,2.749671697616577,4.845188140869141,12.317991256713867,4.845188140869141,12.468619346618652,0.0,0.15062761306762695,49.59904646515829,2.1072114465366933
A,AN,final_4ch_no_frontier_raster,formal,True,C:\Users\Dk\Desktop\SCI\New_A\checkpoint_store\full_method_main\A_full_method_last.pt,650000,1559,84,20261407,20261407,158.71169683750028,261,0.956,1,0.08396946564885496,coverage_reached,0.0,114.0,91.0,3.0,36.0,8.0,1.0,5.053639888763428,1410.0,308.0,44.881693951914464,139.1332512509349,145.2116968375005,0.0,0.0,131.85328674316406,0.041859200869801626,9.803944494460758,6.078445586565674,-0.36,-5.219999999999977,20.0,0.0,532.4712524414062,12.536398887634277,-0.9200000000000003,15.333333333333336,0.0,0.03448275849223137,0.03448275849223137,5.551723957061768,2.634145498275757,5.053639888763428,12.494253158569336,5.053639888763428,12.536398887634277,0.0,0.04214559495449066,46.84248285080664,1.96078889889215
A,AN,final_4ch_no_frontier_raster,formal,True,C:\Users\Dk\Desktop\SCI\New_A\checkpoint_store\full_method_main\A_full_method_last.pt,650000,1559,85,20261408,20261408,163.23157302119867,150,0.9504,1,0.0,coverage_reached,0.0,8.0,0.0,0.0,20.0,4.0,0.0,5.413333415985107,1425.0,309.0,45.35915878119017,140.61339222168945,146.71157302119855,0.0,0.0,104.27053833007812,0.04156577885391452,9.83577548307914,6.098180799509069,0.0,-3.000000000000002,20.0,0.0,433.2533264160156,11.41333293914795,-0.48000000000000004,7.999999999999998,0.0,0.019999999552965164,0.019999999552965164,5.006666660308838,2.6569817066192627,5.413333415985107,11.393333435058594,5.413333415985107,11.41333293914795,0.0,0.019999999552965164,47.32631387780602,1.967155096615827
A,AN,final_4ch_no_frontier_raster,formal,True,C:\Users\Dk\Desktop\SCI\New_A\checkpoint_store\full_method_main\A_full_method_last.pt,650000,1559,86,20261409,20261409,158.25160733010156,502,0.9564,1,0.15308151093439365,coverage_reached,0.0,338.0,286.0,16.0,87.0,14.0,11.0,6.254980087280273,1478.0,346.0,47.046201177964285,145.84322365168927,152.67160733010388,0.0,0.0,83.32893371582031,0.04472595656670115,11.013522061959163,6.828383678414682,-1.9200000000000008,-10.039999999999875,20.0,0.0,438.786865234375,10.902390480041504,-2.4600000000000017,41.0,0.0,0.011952191591262817,0.011952191591262817,3.1095616817474365,1.8745518922805786,6.254980087280273,10.874502182006836,6.254980087280273,10.902390480041504,0.0,0.027888447046279907,49.24890559035614,2.202704412391834
A,AN,final_4ch_no_frontier_raster,formal,True,C:\Users\Dk\Desktop\SCI\New_A\checkpoint_store\full_method_main\A_full_method_last.pt,650000,1559,87,20261410,20261410,167.29451998772652,197,0.9516,1,0.06060606060606061,coverage_reached,0.0,43.0,24.0,5.0,25.0,4.0,1.0,5.274111747741699,1473.0,360.0,46.88704623487238,145.34984332810436,152.45451998772646,0.0,0.0,115.37870788574219,0.046601941747572845,11.459155902616471,7.104676659622213,-0.6,-3.940000000000003,20.0,0.0,403.72589111328125,13.939085960388184,-0.6200000000000001,10.333333333333332,0.0,0.4771573543548584,0.4771573543548584,7.487309455871582,3.6488354206085205,5.274111747741699,13.111675262451172,5.274111747741699,13.939085960388184,0.0,0.8274111747741699,49.1788774153957,2.291831180523294
A,AN,final_4ch_no_frontier_raster,formal,True,C:\Users\Dk\Desktop\SCI\New_A\checkpoint_store\full_method_main\A_full_method_last.pt,650000,1559,88,20261411,20261411,165.96617061821715,213,0.9533,1,0.018691588785046728,coverage_reached,0.0,47.0,16.0,3.0,39.0,7.0,2.0,3.450704336166382,1465.0,356.0,46.63239832592534,144.5604348103686,151.586170618217,0.0,0.0,140.8556365966797,0.04634813175367796,11.331831948142964,7.02573580784864,-0.36,-4.259999999999997,20.0,0.0,457.1220703125,12.0563383102417,-1.0000000000000004,16.666666666666668,0.0,0.5586854219436646,0.5586854219436646,8.71830940246582,3.659076452255249,3.450704336166382,10.474178314208984,3.450704336166382,12.0563383102417,0.0,1.5821596384048462,48.898764715553924,2.2663663896285877
A,AN,final_4ch_no_frontier_raster,formal,True,C:\Users\Dk\Desktop\SCI\New_A\checkpoint_store\full_method_main\A_full_method_last.pt,650000,1559,89,20261412,20261412,157.15660397527384,259,0.9516,1,0.10384615384615385,coverage_reached,0.0,97.0,52.0,17.0,64.0,12.0,11.0,4.266409397125244,1413.0,350.0,44.97718691776965,139.42927944508585,146.336603975274,0.0,0.0,145.78915405273438,0.04720161834120029,11.140846016432672,6.907324530188261,-2.040000000000001,-5.1799999999999775,20.0,0.0,478.6949768066406,7.038609981536865,-1.960000000000001,32.66666666666666,0.0,0.0,0.0,2.8532817363739014,2.1356499195098877,4.266409397125244,7.038609981536865,4.266409397125244,7.038609981536865,0.0,0.0,47.205356121056155,2.2281692032865354
A,AN,final_4ch_no_frontier_raster,formal,True,C:\Users\Dk\Desktop\SCI\New_A\checkpoint_store\full_method_main\A_full_method_last.pt,650000,1559,90,20261413,20261413,158.99822700651762,420,0.95,1,0.1543942992874109,coverage_reached,0.0,251.0,189.0,18.0,96.0,27.0,4.0,5.55476188659668,1474.0,341.0,46.91887722349078,145.44851939282137,152.178227006519,0.0,0.0,111.55158996582031,0.0442225392296719,10.854367118867266,6.729707613697705,-2.160000000000001,-8.39999999999991,20.0,0.0,469.69287109375,9.752381324768066,-2.620000000000002,43.66666666666667,0.0,0.0,0.0,3.047619104385376,1.9833163022994995,5.55476188659668,9.752381324768066,5.55476188659668,9.752381324768066,0.0,0.0,49.089750647264225,2.1708734237734517
A,AN,final_4ch_no_frontier_raster,formal,True,C:\Users\Dk\Desktop\SCI\New_A\checkpoint_store\full_method_main\A_full_method_last.pt,650000,1559,91,20261414,20261414,165.8007510607836,322,0.9578,1,0.0804953560371517,coverage_reached,0.0,152.0,129.0,1.0,52.0,2.0,1.0,2.7391304969787598,1483.0,362.0,47.20535612105615,146.3366039752741,153.48075106078312,0.0,0.0,196.85403442382812,0.046547511894046587,11.522817879853225,7.1441470855090055,-0.12,-6.439999999999951,20.0,0.0,513.5621337890625,9.69565200805664,-1.1200000000000006,18.666666666666668,0.0,0.36335402727127075,0.36335402727127075,7.453416347503662,3.8947722911834717,2.7391304969787598,8.965838432312012,2.7391304969787598,9.69565200805664,0.0,0.7298136353492737,49.509919697026824,2.3045635759706453
A,AN,final_4ch_no_frontier_raster,formal,True,C:\Users\Dk\Desktop\SCI\New_A\checkpoint_store\full_method_main\A_full_method_last.pt,650000,1559,92,20261415,20261415,169.72103300229188,226,0.9515,1,0.048458149779735685,coverage_reached,0.0,66.0,26.0,6.0,62.0,6.0,3.0,4.862832069396973,1519.0,332.0,48.351271711317864,149.88894230508532,156.4410330022924,0.0,0.0,119.27764892578125,0.041882174845464866,10.567888221301851,6.552090697207152,-0.72,-4.519999999999992,20.0,0.0,416.8406982421875,8.89823055267334,-1.4800000000000009,24.66666666666665,0.0,0.017699114978313446,0.017699114978313446,4.907079696655273,2.485203266143799,4.862832069396973,8.876106262207031,4.862832069396973,8.89823055267334,0.0,0.022123893722891808,50.46484935557818,2.1135776442603715
A,AN,final_4ch_no_frontier_raster,formal,True,C:\Users\Dk\Desktop\SCI\New_A\checkpoint_store\full_method_main\A_full_method_last.pt,650000,1559,93,20261416,20261416,166.27000145331166,150,0.9506,1,0.0,coverage_reached,0.0,0.0,0.0,0.0,25.0,2.0,0.0,2.7666666507720947,1456.0,311.0,46.34591942835994,143.67235022791579,149.81000145331163,0.0,0.0,180.79611206054688,0.04096956922671588,9.899437460315895,6.137651225395858,0.0,-3.000000000000002,20.0,0.0,409.09332275390625,6.186666488647461,-0.54,9.0,0.0,0.0,0.0,4.053333282470703,2.652888774871826,2.7666666507720947,6.186666488647461,2.7666666507720947,6.186666488647461,0.0,0.0,48.325806920423105,1.9798874920631788
A,AN,final_4ch_no_frontier_raster,formal,True,C:\Users\Dk\Desktop\SCI\New_A\checkpoint_store\full_method_main\A_full_method_last.pt,650000,1559,94,20261417,20261417,166.71266647833,209,0.9513,1,0.05238095238095238,coverage_reached,0.0,67.0,32.0,5.0,35.0,10.0,5.0,5.014354228973389,1492.0,272.0,47.4918350186216,147.22468855772692,152.59266647833027,0.0,0.0,98.17656707763672,0.035178479048111756,8.658028904199105,5.367977920603451,-0.6,-4.179999999999999,20.0,0.0,423.3253479003906,9.559808731079102,-1.1000000000000005,18.33333333333334,0.0,0.110047847032547,0.110047847032547,4.602870941162109,1.9417027235031128,5.014354228973389,9.277511596679688,5.014354228973389,9.559808731079102,0.0,0.28229665756225586,49.22344079946142,1.7316057808398224
A,AN,final_4ch_no_frontier_raster,formal,True,C:\Users\Dk\Desktop\SCI\New_A\checkpoint_store\full_method_main\A_full_method_last.pt,650000,1559,95,20261418,20261418,172.3748190836882,233,0.953,1,0.017094017094017096,coverage_reached,0.0,69.0,24.0,3.0,38.0,6.0,3.0,3.635193109512329,1535.0,351.0,48.860567529211885,151.46775934055685,158.39481908368853,0.0,0.0,163.37416076660156,0.043732868178420134,11.17267700505105,6.927059743131655,-0.36,-4.659999999999989,20.0,0.0,572.93994140625,7.261802673339844,-1.0000000000000002,16.66666666666667,0.0,0.0,0.0,3.832617998123169,2.019650459289551,3.635193109512329,7.261802673339844,3.635193109512329,7.261802673339844,0.0,0.0,51.09510293022211,2.2345354010102114
A,AN,final_4ch_no_frontier_raster,formal,True,C:\Users\Dk\Desktop\SCI\New_A\checkpoint_store\full_method_main\A_full_method_last.pt,650000,1559,96,20261419,20261419,158.02798981870723,272,0.9519,1,0.12087912087912088,coverage_reached,0.0,120.0,85.0,7.0,43.0,6.0,5.0,5.977941036224365,1403.0,357.0,44.65887703158581,138.44251879791602,145.4879898187081,0.0,0.0,87.30934143066406,0.04842647856755293,11.363662936761326,7.045471020792025,-0.84,-5.439999999999972,20.0,0.0,390.54412841796875,14.051470756530762,-1.1800000000000006,19.666666666666668,0.0,0.04411764815449715,0.04411764815449715,5.669117450714111,2.595947027206421,5.977941036224365,13.992647171020508,5.977941036224365,14.051470756530762,0.0,0.05882352963089943,46.93160961893811,2.2727325873522677
A,AN,final_4ch_no_frontier_raster,formal,True,C:\Users\Dk\Desktop\SCI\New_A\checkpoint_store\full_method_main\A_full_method_last.pt,650000,1559,97,20261420,20261420,153.06322365168776,437,0.952,1,0.15296803652968036,coverage_reached,0.0,293.0,215.0,12.0,103.0,19.0,4.0,7.187643051147461,1422.0,280.0,45.263665815335045,140.31736402753856,145.84322365168921,0.0,0.0,77.53436279296875,0.03788903924221926,8.912676813146144,5.52585962415061,-1.4400000000000004,-8.739999999999903,20.0,0.0,527.8580932617188,14.146452903747559,-2.600000000000002,43.33333333333333,0.0,0.23340961337089539,0.23340961337089539,5.130434989929199,2.1105823516845703,7.187643051147461,13.643020629882812,7.187643051147461,14.146452903747559,0.0,0.5034325122833252,47.04620117796434,1.7825353626292277
A,AN,final_4ch_no_frontier_raster,formal,True,C:\Users\Dk\Desktop\SCI\New_A\checkpoint_store\full_method_main\A_full_method_last.pt,650000,1559,98,20261421,20261421,167.01266647833043,202,0.9511,1,0.04926108374384237,coverage_reached,0.0,42.0,14.0,4.0,43.0,8.0,1.0,6.777227878570557,1482.0,322.0,47.173525132437774,146.23792791055712,152.59266647833024,0.0,0.0,68.52591705322266,0.041645111226073485,10.249578335118063,6.354738567773202,-0.48,-4.040000000000002,20.0,0.0,390.6683044433594,10.91089153289795,-1.0600000000000005,17.666666666666664,0.0,0.0,0.0,3.3415842056274414,1.7294409275054932,6.777227878570557,10.91089153289795,6.777227878570557,10.91089153289795,0.0,0.0,49.223440799461414,2.0499156670236123
A,AN,final_4ch_no_frontier_raster,formal,True,C:\Users\Dk\Desktop\SCI\New_A\checkpoint_store\full_method_main\A_full_method_last.pt,650000,1559,99,20261422,20261422,166.50061009002835,170,0.9526,1,0.04093567251461988,coverage_reached,0.0,14.0,0.0,7.0,41.0,8.0,7.0,7.158823490142822,1473.0,337.0,46.88704623487238,145.3498433281044,152.00061009002843,0.0,0.0,94.87805938720703,0.04375486886522979,10.727043164393745,6.650766761924124,-0.84,-3.4000000000000026,20.0,0.0,521.0352783203125,11.182353019714355,-1.2600000000000007,20.999999999999993,0.0,0.0,0.0,3.611764669418335,1.7673404216766357,7.158823490142822,11.182353019714355,7.158823490142822,11.182353019714355,0.0,0.0,49.03245486775113,2.1454086328787505
