method_id,group,display_name,episode_idx,episode_seed,success,final_coverage,episode_reward,episode_length,repeat_visit_ratio,done_reason,accessible_block_count,total_accessible_unknown_area,total_frontier_cluster_count,mean_block_area,local_frontier_coverage,local_frontier_block_area_mean,value_total_block_count_before_cap,value_packed_block_count,value_truncated_block_count,value_block_cap_hit_flag,value_total_entry_count_before_cap,value_packed_entry_count,value_truncated_entry_count,value_entry_cap_hit_block_count,value_entry_cap_hit_flag,value_max_frontier_clusters_per_block,value_mean_frontier_clusters_per_block,info_reward_sum,step_penalty_sum,recent_revisit_penalty_sum,turn_penalty_sum,timeout_penalty_sum,terminal_bonus_sum,delta_empty_sum,delta_obstacle_sum,empty_info_gain_sum,obstacle_info_gain_sum,weighted_obstacle_info_gain_sum,weighted_info_gain_sum,empty_info_reward_sum,obstacle_info_reward_sum,obstacle_info_contribution_ratio,recent_revisit_trigger_count,stall_trigger_count,zero_info_step_count,turn_ge_90_count,turn_135_count,turn_180_count,turn_penalty_weight_sum,timeout_flag,checkpoint_path
A,A,full_method_main,1,20259323,1,0.9545,172.48911758474483,182,0.07650273224043716,coverage_reached,5.4175825119018555,501.3461608886719,12.384614944458008,121.21845245361328,0.03923400864005089,0.4655570685863495,5.4175825119018555,5.4175825119018555,0.0,0.0,12.384614944458008,11.681318283081055,0.7032967209815979,0.2637362778186798,0.2637362778186798,5.934065818786621,2.905062437057495,157.3291175847451,-3.640000000000003,-0.4,-0.8000000000000004,0.0,20.0,1533.0,307.0,48.796905551975115,9.772113505842375,1.9544227011684745,50.75132825314361,151.2704072111229,6.058710373622276,0.03850978424485701,4.0,15.0,41.0,35.0,5.0,4.0,16.000000000000004,0.0,C:\Users\Dk\Desktop\SCI\DRL_PF\checkpoint_store\full_method_main\A_full_method.pt
A,A,full_method_main,2,20259324,1,0.9503,163.2718698806074,157,0.06962025316455696,coverage_reached,4.242038249969482,575.2993774414062,11.159235954284668,139.65013122558594,0.034981291741132736,0.5890392065048218,4.242038249969482,4.242038249969482,0.0,0.0,11.159235954284668,11.159235954284668,0.0,0.0,0.0,4.923566818237305,2.7205183506011963,148.42853654727395,-3.1400000000000023,-1.0999999999999999,-0.9166666666666671,0.0,20.0,1440.0,321.0,45.836623610465814,10.217747346499687,2.0435494692999363,47.88017307976581,142.09353319244417,6.335003354829808,0.042680494615077814,11.0,8.0,20.0,33.0,4.0,9.0,18.33333333333333,0.0,C:\Users\Dk\Desktop\SCI\DRL_PF\checkpoint_store\full_method_main\A_full_method.pt
A,A,full_method_main,3,20259325,1,0.9503,162.0284298854238,329,0.28484848484848485,coverage_reached,3.4012157917022705,365.9604797363281,8.927051544189453,112.06539916992188,0.020208287984132767,0.5567013025283813,3.4012157917022705,3.4012157917022705,0.0,0.0,8.927051544189453,8.927051544189453,0.0,0.0,0.0,4.285714149475098,2.6707191467285156,152.90842988542468,-6.579999999999948,-1.9000000000000006,-2.3999999999999986,0.0,20.0,1489.0,303.0,47.39634205276644,9.644789551368865,1.9289579102737713,49.32529996304021,146.92866036357606,5.979769521848699,0.03910686628807435,19.0,166.0,181.0,102.0,20.0,11.0,48.00000000000003,0.0,C:\Users\Dk\Desktop\SCI\DRL_PF\checkpoint_store\full_method_main\A_full_method.pt
A,A,full_method_main,4,20259326,1,0.9512,157.7044879153749,374,0.19466666666666665,coverage_reached,5.46256685256958,511.9625549316406,11.991978645324707,109.70018005371094,0.024294568225741386,0.300899863243103,5.46256685256958,5.46256685256958,0.0,0.0,11.991978645324707,11.991978645324707,0.0,0.0,0.0,5.852941036224365,2.44038724899292,150.71782124870754,-7.4799999999999285,-3.0000000000000013,-2.5333333333333328,0.0,20.0,1458.0,347.0,46.40958140559666,11.045353050577544,2.209070610115507,48.61865201571224,143.86970235734964,6.848118891358081,0.04543668979965963,30.0,125.0,207.0,98.0,24.0,15.0,50.66666666666672,0.0,C:\Users\Dk\Desktop\SCI\DRL_PF\checkpoint_store\full_method_main\A_full_method.pt
A,A,full_method_main,5,20259327,1,0.9523,165.88649731342494,199,0.03,coverage_reached,3.1959798336029053,457.04522705078125,6.356783866882324,154.5702667236328,0.03250948712229729,0.5241870880126953,3.1959798336029053,3.1959798336029053,0.0,0.0,6.356783866882324,6.356783866882324,0.0,0.0,0.0,3.281407117843628,2.1017587184906006,150.81649731342472,-3.980000000000003,-0.2,-0.7500000000000006,0.0,20.0,1464.0,322.0,46.60056733730697,10.24957833511806,2.0499156670236123,48.65048300433059,144.46175874565157,6.354738567773197,0.04213556660560063,2.0,24.0,44.0,39.0,6.0,0.0,15.000000000000005,0.0,C:\Users\Dk\Desktop\SCI\DRL_PF\checkpoint_store\full_method_main\A_full_method.pt
A,A,full_method_main,6,20259328,0,0.9144,124.54760345189972,600,0.2795341098169717,max_episode_steps,4.8466668128967285,369.4483337402344,14.591666221618652,88.62244415283203,0.01393424067646265,0.15268972516059875,4.8466668128967285,4.8466668128967285,0.0,0.0,14.591666221618652,14.546667098999023,0.04500000178813934,0.028333334252238274,0.028333334252238274,5.171666622161865,3.1170687675476074,151.23093678523605,-11.999999999999833,-3.1000000000000014,-3.5833333333333286,-8.0,0.0,1470.0,313.0,46.791553269017264,9.963099437552655,1.9926198875105283,48.78417315652777,145.05381513395344,6.177121651282649,0.04084562181913093,31.0,400.0,455.0,133.0,30.0,26.0,71.6666666666667,1.0,C:\Users\Dk\Desktop\SCI\DRL_PF\checkpoint_store\full_method_main\A_full_method.pt
A,A,full_method_main,7,20259329,1,0.9521,169.35456697797815,148,0.006711409395973154,coverage_reached,5.952702522277832,489.89190673828125,14.851351737976074,111.85926818847656,0.03871728852391243,0.5993932485580444,5.952702522277832,5.952702522277832,0.0,0.0,14.851351737976074,14.13513469696045,0.7162162065505981,0.2432432472705841,0.2432432472705841,7.054054260253906,3.1465566158294678,152.9479003113114,-2.960000000000002,-0.1,-0.5333333333333333,0.0,20.0,1475.0,375.0,46.950708212109134,11.936620731892154,2.3873241463784307,49.33803235848756,145.54719545753844,7.400704853773139,0.04838709677419353,1.0,0.0,4.0,26.0,4.0,1.0,10.666666666666668,0.0,C:\Users\Dk\Desktop\SCI\DRL_PF\checkpoint_store\full_method_main\A_full_method.pt
A,A,full_method_main,8,20259330,0,0.9431,126.99290142958544,600,0.2878535773710483,max_episode_steps,8.001667022705078,324.6000061035156,17.406665802001953,48.90937423706055,0.015544217079877853,0.3049725890159607,8.001667022705078,8.001667022705078,0.0,0.0,17.406665802001953,17.043333053588867,0.3633333444595337,0.1550000011920929,0.1550000011920929,6.070000171661377,2.403357982635498,155.05956809625465,-11.999999999999833,-3.800000000000002,-4.2666666666666595,-8.0,0.0,1497.0,372.0,47.65098996171347,11.84112776603702,2.368225553207404,50.019215514920894,147.7180688813119,7.341499214942954,0.04734631538755249,38.0,382.0,441.0,164.0,50.0,21.0,85.3333333333333,1.0,C:\Users\Dk\Desktop\SCI\DRL_PF\checkpoint_store\full_method_main\A_full_method.pt
A,A,full_method_main,9,20259331,1,0.9514,147.12785108450817,571,0.31643356643356646,coverage_reached,2.884413242340088,663.5306396484375,5.299474716186523,243.80401611328125,0.011095623485744,0.4320337176322937,2.884413242340088,2.884413242340088,0.0,0.0,5.299474716186523,5.299474716186523,0.0,0.0,0.0,3.39404559135437,1.8833627700805664,148.23118441783993,-11.419999999999845,-5.1999999999999975,-4.483333333333325,0.0,20.0,1436.0,331.0,45.70929965599237,10.53605723268348,2.1072114465366942,47.81651110252907,141.69882893357615,6.53235548426376,0.04406869924111312,52.0,385.0,413.0,171.0,40.0,29.0,89.66666666666659,0.0,C:\Users\Dk\Desktop\SCI\DRL_PF\checkpoint_store\full_method_main\A_full_method.pt
A,A,full_method_main,10,20259332,0,0.9028,120.52913026608918,600,0.34608985024958405,max_episode_steps,5.670000076293945,477.4849853515625,9.90333366394043,116.39777374267578,0.013038549572229385,0.25693660974502563,5.670000076293945,5.670000076293945,0.0,0.0,9.90333366394043,9.893333435058594,0.009999999776482582,0.009999999776482582,0.009999999776482582,3.7166666984558105,2.1390581130981445,151.86246359942467,-11.999999999999833,-5.899999999999995,-5.433333333333321,-8.0,0.0,1477.0,310.0,47.01437018934589,9.867606471697517,1.9735212943395017,48.987891483685395,145.74454758697226,6.117916012452462,0.04028589993502277,59.0,383.0,465.0,195.0,47.0,42.0,108.66666666666671,1.0,C:\Users\Dk\Desktop\SCI\DRL_PF\checkpoint_store\full_method_main\A_full_method.pt
A,A,full_method_main,11,20259333,1,0.9515,162.5542850364681,270,0.07380073800738007,coverage_reached,5.981481552124023,466.3814697265625,11.45555591583252,123.87480926513672,0.02526245079934597,0.42942309379577637,5.981481552124023,5.981481552124023,0.0,0.0,11.45555591583252,11.451851844787598,0.003703703638166189,0.003703703638166189,0.003703703638166189,3.896296262741089,2.4701321125030518,149.98761836980214,-5.399999999999973,-1.0999999999999999,-0.933333333333334,0.0,20.0,1456.0,320.0,46.34591942835993,10.185916357881311,2.037183271576261,48.3831026999362,143.67235022791576,6.315268141886415,0.04210526315789479,11.0,73.0,115.0,40.0,8.0,4.0,18.666666666666668,0.0,C:\Users\Dk\Desktop\SCI\DRL_PF\checkpoint_store\full_method_main\A_full_method.pt
A,A,full_method_main,12,20259334,1,0.9503,164.25816286181495,189,0.015789473684210527,coverage_reached,3.9894180297851562,447.54498291015625,9.132275581359863,124.12196350097656,0.03121813014149666,0.5111772418022156,3.9894180297851562,3.9894180297851562,0.0,0.0,9.132275581359863,9.132275581359863,0.0,0.0,0.0,3.904761791229248,2.450528860092163,148.7048295284815,-3.780000000000003,0.0,-0.6666666666666669,0.0,20.0,1441.0,330.0,45.86845459908425,10.50422624406509,2.1008452488130187,47.96929984789727,142.19220925716118,6.512620271320362,0.04379562043795621,0.0,15.0,38.0,34.0,6.0,0.0,13.333333333333332,0.0,C:\Users\Dk\Desktop\SCI\DRL_PF\checkpoint_store\full_method_main\A_full_method.pt
A,A,full_method_main,13,20259335,1,0.9549,177.0884492764306,127,0.0078125,coverage_reached,2.7086613178253174,478.4881896972656,9.354331016540527,213.02122497558594,0.044423021376132965,0.6399010419845581,2.7086613178253174,2.7086613178253174,0.0,0.0,9.354331016540527,9.330708503723145,0.023622047156095505,0.023622047156095505,0.023622047156095505,5.598425388336182,4.027333736419678,160.11178260976382,-2.540000000000002,-0.1,-0.3833333333333333,0.0,20.0,1560.0,313.0,49.656342244671336,9.963099437552653,1.992619887510529,51.648962132181886,153.9346609584812,6.177121651282647,0.038580056699124884,1.0,0.0,1.0,21.0,0.0,1.0,7.666666666666664,0.0,C:\Users\Dk\Desktop\SCI\DRL_PF\checkpoint_store\full_method_main\A_full_method.pt
A,A,full_method_main,14,20259336,1,0.955,172.6720772326192,180,0.04419889502762431,coverage_reached,5.3222222328186035,438.4055480957031,13.127778053283691,131.19503784179688,0.044507429003715515,0.6154546737670898,5.3222222328186035,5.3222222328186035,0.0,0.0,13.127778053283691,12.772222518920898,0.35555556416511536,0.20555555820465088,0.20555555820465088,6.733333110809326,3.432708501815796,157.60541056595267,-3.6000000000000028,-0.5,-0.833333333333334,0.0,20.0,1520.0,386.0,48.38310269993617,12.286761606694327,2.4573523213388664,50.84045502127507,149.98761836980222,7.617792196150485,0.0483345855246682,5.0,2.0,21.0,37.0,3.0,5.0,16.66666666666667,0.0,C:\Users\Dk\Desktop\SCI\DRL_PF\checkpoint_store\full_method_main\A_full_method.pt
A,A,full_method_main,15,20259337,1,0.9554,162.49196386111035,202,0.06403940886699508,coverage_reached,5.257425785064697,495.3861389160156,11.00990104675293,112.82192993164062,0.03830178827047348,0.6009102463722229,5.257425785064697,5.257425785064697,0.0,0.0,11.00990104675293,10.98019790649414,0.029702970758080482,0.029702970758080482,0.029702970758080482,5.0742573738098145,2.5058560371398926,149.41529719444375,-4.040000000000002,-1.3,-1.5833333333333335,0.0,20.0,1437.0,386.0,45.74113064461072,12.286761606694329,2.4573523213388633,48.19848296594958,141.79750499829333,7.617792196150485,0.05098401796328095,13.0,1.0,34.0,60.0,11.0,12.0,31.666666666666647,0.0,C:\Users\Dk\Desktop\SCI\DRL_PF\checkpoint_store\full_method_main\A_full_method.pt
A,A,full_method_main,16,20259338,1,0.951,160.88034753952286,534,0.18691588785046728,coverage_reached,5.411984920501709,443.2415771484375,10.529962539672852,95.53968048095703,0.01499401219189167,0.19928431510925293,5.411984920501709,5.411984920501709,0.0,0.0,10.529962539672852,10.520599365234375,0.009363295510411263,0.00561797758564353,0.00561797758564353,4.342696666717529,2.1684389114379883,156.24368087285836,-10.679999999999861,-1.8000000000000005,-2.88333333333333,0.0,20.0,1515.0,342.0,48.223947756844304,10.886198107485647,2.1772396214971277,50.401187378341426,149.4942380462174,6.749442826641104,0.04319818112921562,18.0,291.0,364.0,128.0,27.0,9.0,57.666666666666714,0.0,C:\Users\Dk\Desktop\SCI\DRL_PF\checkpoint_store\full_method_main\A_full_method.pt
A,A,full_method_main,17,20259339,1,0.9508,162.96797713736055,316,0.07570977917981073,coverage_reached,7.0981011390686035,365.246826171875,11.21202564239502,61.38937759399414,0.02281925641000271,0.27544349431991577,7.0981011390686035,7.0981011390686035,0.0,0.0,11.21202564239502,11.21202564239502,0.0,0.0,0.0,3.4556961059570312,1.7530403137207031,150.95464380402842,-6.319999999999953,-0.6,-1.0666666666666678,0.0,20.0,1458.0,359.0,46.40958140559667,11.427324913998094,2.2854649827996183,48.69504638839634,143.86970235734984,7.084941446678819,0.046934239769904566,6.0,103.0,152.0,50.0,10.0,2.0,21.333333333333336,0.0,C:\Users\Dk\Desktop\SCI\DRL_PF\checkpoint_store\full_method_main\A_full_method.pt
A,A,full_method_main,18,20259340,1,0.9529,174.5768754719904,153,0.03896103896103896,coverage_reached,5.156862735748291,502.601318359375,12.333333015441895,109.11203002929688,0.045633070170879364,0.6007997393608093,5.156862735748291,5.156862735748291,0.0,0.0,12.333333015441895,12.30718994140625,0.026143791154026985,0.026143791154026985,0.026143791154026985,5.967320442199707,2.71391224861145,158.98687547199026,-3.0600000000000023,-0.6,-0.7500000000000006,0.0,20.0,1544.0,336.0,49.14704642677729,10.695212175775366,2.139042435155074,51.28608886193235,152.3558439230096,6.631031548980729,0.04170804369414102,6.0,0.0,16.0,30.0,3.0,6.0,15.000000000000005,0.0,C:\Users\Dk\Desktop\SCI\DRL_PF\checkpoint_store\full_method_main\A_full_method.pt
A,A,full_method_main,19,20259341,1,0.9516,169.1338367615128,259,0.1076923076923077,coverage_reached,5.065637111663818,613.061767578125,13.231659889221191,138.83644104003906,0.02867298759520054,0.31333890557289124,5.065637111663818,5.065637111663818,0.0,0.0,13.231659889221191,13.181467056274414,0.050193049013614655,0.04247104376554489,0.04247104376554489,5.5559844970703125,2.9230847358703613,156.48050342817905,-5.1799999999999775,-1.2,-0.9666666666666677,0.0,20.0,1513.0,364.0,48.16028577960753,11.586479857089987,2.317295971417997,50.477581751025504,149.29688591678325,7.183617511395791,0.045907428427292264,12.0,60.0,103.0,43.0,3.0,6.0,19.333333333333336,0.0,C:\Users\Dk\Desktop\SCI\DRL_PF\checkpoint_store\full_method_main\A_full_method.pt
A,A,full_method_main,20,20259342,1,0.9542,154.7801081151617,425,0.107981220657277,coverage_reached,4.604705810546875,562.9199829101562,9.545882225036621,131.80970764160156,0.018636789172887802,0.2598128020763397,4.604705810546875,4.604705810546875,0.0,0.0,9.545882225036621,9.515294075012207,0.030588235706090927,0.01882352866232395,0.01882352866232395,4.618823528289795,2.231316566467285,145.33010811516078,-8.499999999999908,-0.6,-1.45,0.0,20.0,1405.0,339.0,44.722539008822594,10.79070514163051,2.158141028326101,46.880680037148714,138.63987092734996,6.690237187810919,0.04603476371537214,6.0,154.0,243.0,68.0,11.0,4.0,28.999999999999975,0.0,C:\Users\Dk\Desktop\SCI\DRL_PF\checkpoint_store\full_method_main\A_full_method.pt
A,A,full_method_main,21,20259343,1,0.95,172.62491306419125,227,0.07017543859649122,coverage_reached,7.0,388.2907409667969,14.308369636535645,78.29862976074219,0.03615131601691246,0.4659839868545532,7.0,7.0,0.0,0.0,14.308369636535645,14.224669456481934,0.08370044082403183,0.06607929617166519,0.06607929617166519,5.308370113372803,2.5494236946105957,159.38157973085822,-4.539999999999991,-0.7999999999999999,-1.4166666666666672,0.0,20.0,1543.0,361.0,49.115215438158884,11.490986891234847,2.29819737824697,51.413412816405874,152.25716785829246,7.124411872565609,0.04470034670629032,8.0,20.0,63.0,64.0,13.0,4.0,28.333333333333336,0.0,C:\Users\Dk\Desktop\SCI\DRL_PF\checkpoint_store\full_method_main\A_full_method.pt
A,A,full_method_main,22,20259344,1,0.9505,156.124686321173,263,0.10606060606060606,coverage_reached,4.46768045425415,517.6311645507812,10.083650588989258,120.63416290283203,0.02298612892627716,0.31535524129867554,4.46768045425415,4.46768045425415,0.0,0.0,10.083650588989258,10.083650588989258,0.0,0.0,0.0,4.095057010650635,2.325855255126953,143.00135298784022,-5.259999999999976,-0.6,-1.0166666666666675,0.0,20.0,1384.0,326.0,44.05408824783662,10.376902289591582,2.0753804579183157,46.12946870575494,136.56767356829354,6.433679419546784,0.04499033949765392,6.0,91.0,119.0,45.0,6.0,5.0,20.333333333333325,0.0,C:\Users\Dk\Desktop\SCI\DRL_PF\checkpoint_store\full_method_main\A_full_method.pt
A,A,full_method_main,23,20259345,1,0.9518,161.69908103928665,164,0.07272727272727272,coverage_reached,3.8658535480499268,353.7682800292969,9.713414192199707,94.18659210205078,0.04074719175696373,0.6627588272094727,3.8658535480499268,3.8658535480499268,0.0,0.0,9.713414192199707,9.658536911010742,0.05487804859876633,0.03658536449074745,0.03658536449074745,5.609755992889404,2.619105339050293,147.14574770595328,-3.2800000000000025,-1.0999999999999999,-1.0666666666666673,0.0,20.0,1431.0,301.0,45.55014471290048,9.5811275741321,1.9162255148264196,47.46637022772685,141.2054486099914,5.940299095961903,0.040370171673819746,11.0,6.0,20.0,41.0,11.0,6.0,21.333333333333336,0.0,C:\Users\Dk\Desktop\SCI\DRL_PF\checkpoint_store\full_method_main\A_full_method.pt
A,A,full_method_main,24,20259346,1,0.9507,165.9080092097139,205,0.0825242718446602,coverage_reached,6.565853595733643,423.94146728515625,12.843902587890625,80.66558074951172,0.03299596533179283,0.5348223447799683,6.565853595733643,6.565853595733643,0.0,0.0,12.843902587890625,12.829268455505371,0.014634146355092525,0.009756097570061684,0.009756097570061684,4.507317066192627,2.3921127319335938,152.69134254304728,-4.1000000000000005,-1.4000000000000001,-1.2833333333333334,0.0,20.0,1473.0,372.0,46.88704623487237,11.841127766037019,2.3682255532074037,49.255271788079774,145.3498433281044,7.341499214942951,0.04808065141527723,14.0,16.0,45.0,46.0,7.0,12.0,25.666666666666657,0.0,C:\Users\Dk\Desktop\SCI\DRL_PF\checkpoint_store\full_method_main\A_full_method.pt
A,A,full_method_main,25,20259347,1,0.9526,168.66258965227996,187,0.05851063829787234,coverage_reached,4.930481433868408,362.4705810546875,10.352941513061523,75.29075622558594,0.04343555495142937,0.6097173690795898,4.930481433868408,4.930481433868408,0.0,0.0,10.352941513061523,10.352941513061523,0.0,0.0,0.0,4.443850040435791,2.1518335342407227,154.58592298561308,-3.740000000000003,-0.9999999999999999,-1.1833333333333345,0.0,20.0,1497.0,348.0,47.650989961713464,11.077184039195924,2.215436807839184,49.866426769552646,147.71806888131178,6.867854104301471,0.044427422443508245,10.0,2.0,20.0,55.0,10.0,3.0,23.66666666666667,0.0,C:\Users\Dk\Desktop\SCI\DRL_PF\checkpoint_store\full_method_main\A_full_method.pt
A,A,full_method_main,26,20259348,1,0.9517,162.34342653059483,154,0.03225806451612903,coverage_reached,6.590909004211426,464.7597351074219,11.551947593688965,86.39494323730469,0.03903466463088989,0.5546854138374329,6.590909004211426,6.590909004211426,0.0,0.0,11.551947593688965,11.551947593688965,0.0,0.0,0.0,3.8181817531585693,1.9479213953018188,146.57342653059482,-3.0800000000000023,-0.5,-0.6500000000000004,0.0,20.0,1421.0,322.0,45.231834826716664,10.249578335118066,2.0499156670236127,47.281750493740276,140.2186879628217,6.354738567773201,0.04335532516493874,5.0,0.0,17.0,29.0,2.0,4.0,13.000000000000004,0.0,C:\Users\Dk\Desktop\SCI\DRL_PF\checkpoint_store\full_method_main\A_full_method.pt
A,A,full_method_main,27,20259349,1,0.9515,166.0509367852363,204,0.06341463414634146,coverage_reached,3.4803922176361084,509.191162109375,8.676470756530762,184.98788452148438,0.033557869493961334,0.5453165769577026,3.4803922176361084,3.4803922176361084,0.0,0.0,8.676470756530762,8.617647171020508,0.05882352963089943,0.04901960864663124,0.04901960864663124,5.299019813537598,3.1417951583862305,151.230936785236,-4.080000000000001,-0.4,-0.7000000000000002,0.0,20.0,1469.0,318.0,46.75972228039885,10.122254380644545,2.02445087612891,48.784173156527764,144.95513906923642,6.27579771599962,0.041498107790682526,4.0,21.0,56.0,30.0,8.0,2.0,14.000000000000002,0.0,C:\Users\Dk\Desktop\SCI\DRL_PF\checkpoint_store\full_method_main\A_full_method.pt
A,A,full_method_main,28,20259350,1,0.9509,160.08478477478218,420,0.1330166270783848,coverage_reached,3.4785714149475098,407.797607421875,8.492856979370117,123.19698333740234,0.018831659108400345,0.2856297791004181,3.4785714149475098,3.4785714149475098,0.0,0.0,8.492856979370117,8.466666221618652,0.02619047649204731,0.02142857201397419,0.02142857201397419,3.9833333492279053,2.6542460918426514,152.4347847747831,-8.39999999999991,-2.0000000000000004,-1.95,0.0,20.0,1481.0,319.0,47.14169414381944,10.154085369262937,2.0308170738525857,49.172511217672046,146.13925184584022,6.295532928943023,0.0412998446400829,20.0,193.0,258.0,83.0,10.0,12.0,38.999999999999986,0.0,C:\Users\Dk\Desktop\SCI\DRL_PF\checkpoint_store\full_method_main\A_full_method.pt
A,A,full_method_main,29,20259351,1,0.9513,167.53235470102194,191,0.005208333333333333,coverage_reached,4.460732936859131,460.47119140625,9.795811653137207,130.43736267089844,0.03598437458276749,0.4826415777206421,4.460732936859131,4.460732936859131,0.0,0.0,9.795811653137207,9.712041854858398,0.08376963436603546,0.07329843193292618,0.07329843193292618,4.931937217712402,2.5552544593811035,152.11902136768884,-3.820000000000003,0.0,-0.766666666666667,0.0,20.0,1475.0,333.0,46.950708212109106,10.599719209920234,2.119943841984046,49.070652054093166,145.54719545753835,6.571825910150545,0.04320186818889465,0.0,18.0,34.0,36.0,10.0,0.0,15.333333333333337,0.0,C:\Users\Dk\Desktop\SCI\DRL_PF\checkpoint_store\full_method_main\A_full_method.pt
A,A,full_method_main,30,20259352,1,0.9507,163.1419787790099,174,0.03428571428571429,coverage_reached,7.7011494636535645,593.27587890625,13.241379737854004,120.61627960205078,0.042901456356048584,0.6032627820968628,7.7011494636535645,7.7011494636535645,0.0,0.0,13.241379737854004,13.103447914123535,0.13793103396892548,0.1034482792019844,0.1034482792019844,4.655172348022461,2.2892403602600098,148.1719787790098,-3.4800000000000026,-0.6,-0.9500000000000008,0.0,20.0,1431.0,353.0,45.55014471290044,11.236338982287823,2.247267796457562,47.79741250935802,141.20544860999135,6.9665301690184505,0.04701651571656905,6.0,0.0,9.0,42.0,5.0,5.0,19.000000000000004,0.0,C:\Users\Dk\Desktop\SCI\DRL_PF\checkpoint_store\full_method_main\A_full_method.pt
A,A,full_method_main,31,20259353,1,0.9519,157.71076821523312,585,0.27303754266211605,coverage_reached,8.779487609863281,373.6700744628906,13.729914665222168,53.77684783935547,0.014617129229009151,0.20755256712436676,8.779487609863281,8.779487609863281,0.0,0.0,13.729914665222168,13.692307472229004,0.03760683909058571,0.017094017937779427,0.017094017937779427,3.162393093109131,1.6965807676315308,156.46076821523573,-11.69999999999984,-3.600000000000002,-3.4499999999999957,0.0,20.0,1510.0,378.0,48.06479281375239,12.0321136977473,2.4064227395494604,50.47121555330189,149.00085772263245,7.459910492603326,0.0476791120080727,36.0,337.0,417.0,138.0,31.0,19.0,68.99999999999996,0.0,C:\Users\Dk\Desktop\SCI\DRL_PF\checkpoint_store\full_method_main\A_full_method.pt
A,A,full_method_main,32,20259354,1,0.9512,164.0979450650096,201,0.04950495049504951,coverage_reached,3.044776201248169,423.86566162109375,8.388059616088867,139.38665771484375,0.030448662117123604,0.5676994323730469,3.044776201248169,3.044776201248169,0.0,0.0,8.388059616088867,8.283581733703613,0.10447761416435242,0.08955223858356476,0.08955223858356476,5.537313461303711,2.822636604309082,149.21794506500976,-4.020000000000002,-0.30000000000000004,-0.8000000000000006,0.0,20.0,1448.0,321.0,46.09127151941289,10.21774734649968,2.0435494692999363,48.134820988712825,142.88294171018003,6.335003354829805,0.04245470175902658,3.0,27.0,50.0,36.0,6.0,3.0,16.000000000000007,0.0,C:\Users\Dk\Desktop\SCI\DRL_PF\checkpoint_store\full_method_main\A_full_method.pt
A,A,full_method_main,33,20259355,1,0.95,170.79953826045585,189,0.13157894736842105,coverage_reached,6.539682388305664,490.0740661621094,12.539682388305664,87.56103515625,0.04776301234960556,0.7048249244689941,6.539682388305664,6.539682388305664,0.0,0.0,12.539682388305664,12.269841194152832,0.2698412835597992,0.11640211939811707,0.11640211939811707,6.301587104797363,2.1490912437438965,157.5462049271224,-3.780000000000003,-1.6000000000000003,-1.3666666666666663,0.0,20.0,1525.0,358.0,48.54225764302808,11.395493925379713,2.2790987850759405,50.82135642810401,150.480998693387,7.065206233735425,0.04484529625454095,16.0,4.0,33.0,52.0,10.0,10.0,27.333333333333318,0.0,C:\Users\Dk\Desktop\SCI\DRL_PF\checkpoint_store\full_method_main\A_full_method.pt
A,A,full_method_main,34,20259356,1,0.9523,154.21233978312245,425,0.352112676056338,coverage_reached,4.0635294914245605,400.1764831542969,7.67058801651001,109.2267074584961,0.02535947598516941,0.3994375467300415,4.0635294914245605,4.0635294914245605,0.0,0.0,7.67058801651001,7.67058801651001,0.0,0.0,0.0,4.22352933883667,2.04583477973938,153.3623397831226,-8.499999999999908,-6.399999999999993,-4.249999999999994,0.0,20.0,1483.0,356.0,47.205356121056184,11.33183194814295,2.266366389628592,49.47172251068477,146.33660397527416,7.025735807848633,0.04581134989061898,64.0,212.0,258.0,142.0,23.0,45.0,84.99999999999996,0.0,C:\Users\Dk\Desktop\SCI\DRL_PF\checkpoint_store\full_method_main\A_full_method.pt
A,A,full_method_main,35,20259357,1,0.9509,174.06669198408878,418,0.18615751789976134,coverage_reached,7.598086357116699,435.2320556640625,13.129186630249023,68.54304504394531,0.019013985991477966,0.2642986476421356,7.598086357116699,7.598086357116699,0.0,0.0,13.129186630249023,13.114832878112793,0.014354066923260689,0.014354066923260689,0.014354066923260689,4.5,1.913482427597046,165.46002531742374,-8.35999999999991,-1.0999999999999999,-1.9333333333333333,0.0,20.0,1604.0,364.0,51.05690574388002,11.586479857089994,2.3172959714179986,53.374201715298085,158.27640780602812,7.183617511395798,0.04341603053435119,11.0,197.0,244.0,85.0,19.0,6.0,38.66666666666666,0.0,C:\Users\Dk\Desktop\SCI\DRL_PF\checkpoint_store\full_method_main\A_full_method.pt
A,A,full_method_main,36,20259358,1,0.9593,173.07657861258176,178,0.00558659217877095,coverage_reached,4.494381904602051,479.7865295410156,7.359550476074219,121.99517059326172,0.037746187299489975,0.5380499958992004,4.494381904602051,4.494381904602051,0.0,0.0,7.359550476074219,7.359550476074219,0.0,0.0,0.0,3.4157302379608154,1.8032504320144653,157.2699119459149,-3.5600000000000027,0.0,-0.6333333333333336,0.0,20.0,1525.0,344.0,48.5422576430281,10.9498600847224,2.1899720169444805,50.73222965997257,150.48099869338702,6.788913252527889,0.043167273183586416,0.0,9.0,22.0,36.0,2.0,0.0,12.666666666666671,0.0,C:\Users\Dk\Desktop\SCI\DRL_PF\checkpoint_store\full_method_main\A_full_method.pt
A,A,full_method_main,37,20259359,1,0.9518,164.71735358274563,162,0.08588957055214724,coverage_reached,6.012345790863037,446.2962951660156,11.5,83.77153015136719,0.040816329419612885,0.6182447075843811,6.012345790863037,6.012345790863037,0.0,0.0,11.5,11.5,0.0,0.0,0.0,4.543210029602051,2.1008355617523193,150.00735358274557,-3.2400000000000024,-1.0999999999999999,-0.9500000000000012,0.0,20.0,1454.0,331.0,46.282257451123165,10.536057232683476,2.1072114465366947,48.38946889765984,143.4749980984818,6.532355484263756,0.04354690172345747,11.0,1.0,20.0,43.0,2.0,6.0,18.999999999999996,0.0,C:\Users\Dk\Desktop\SCI\DRL_PF\checkpoint_store\full_method_main\A_full_method.pt
A,A,full_method_main,38,20259360,1,0.95,161.2668433996374,455,0.35964912280701755,coverage_reached,4.874725341796875,525.4066162109375,12.714285850524902,113.78717041015625,0.016580700874328613,0.3191148042678833,4.874725341796875,4.874725341796875,0.0,0.0,12.714285850524902,12.586812973022461,0.12747253477573395,0.06373626738786697,0.06373626738786697,5.485714435577393,2.711261034011841,157.25017673297137,-9.099999999999895,-3.2000000000000015,-3.6833333333333282,0.0,20.0,1526.0,338.0,48.57408863164649,10.758874153012126,2.151774830602425,50.7258634622489,150.57967475810403,6.670501974867519,0.042419678714859445,32.0,267.0,303.0,147.0,52.0,11.0,73.6666666666666,0.0,C:\Users\Dk\Desktop\SCI\DRL_PF\checkpoint_store\full_method_main\A_full_method.pt
A,A,full_method_main,39,20259361,1,0.9516,158.29397102260705,224,0.10666666666666667,coverage_reached,6.674107074737549,420.5535583496094,11.071428298950195,88.7225341796875,0.02630992792546749,0.48498186469078064,6.674107074737549,6.674107074737549,0.0,0.0,11.071428298950195,11.071428298950195,0.0,0.0,0.0,4.8348212242126465,2.1020991802215576,145.2906376892741,-4.479999999999992,-1.4000000000000001,-1.1166666666666674,0.0,20.0,1411.0,307.0,44.913524940532845,9.772113505842373,1.9544227011684754,46.86794764170135,139.2319273156519,6.058710373622276,0.04170062483020921,14.0,60.0,90.0,46.0,3.0,9.0,22.33333333333332,0.0,C:\Users\Dk\Desktop\SCI\DRL_PF\checkpoint_store\full_method_main\A_full_method.pt
A,A,full_method_main,40,20259362,1,0.9511,166.4495979320534,207,0.04807692307692308,coverage_reached,6.7053141593933105,414.4927673339844,12.92270565032959,68.1583480834961,0.03513095900416374,0.3948531448841095,6.7053141593933105,6.7053141593933105,0.0,0.0,12.92270565032959,12.92270565032959,0.0,0.0,0.0,3.961352586746216,1.9955706596374512,152.57293126538687,-4.14,-0.8999999999999999,-1.083333333333334,0.0,20.0,1480.0,331.0,47.109863155201026,10.536057232683474,2.1072114465366956,49.21707460173776,146.04057578112315,6.532355484263758,0.04281464234898465,9.0,11.0,55.0,45.0,8.0,6.0,21.666666666666657,0.0,C:\Users\Dk\Desktop\SCI\DRL_PF\checkpoint_store\full_method_main\A_full_method.pt
A,A,full_method_main,41,20259363,0,0.9412,119.26759897879407,600,0.16805324459234608,max_episode_steps,4.851666450500488,407.0733337402344,9.28166675567627,87.59303283691406,0.012619047425687313,0.18445782363414764,4.851666450500488,4.851666450500488,0.0,0.0,9.28166675567627,9.28166675567627,0.0,0.0,0.0,3.2783334255218506,1.9509960412979126,142.7842656454628,-11.999999999999833,-1.3,-2.2166666666666655,-8.0,0.0,1381.0,330.0,43.958595281981516,10.504226244065103,2.1008452488130187,46.059440530794554,136.27164537414262,6.512620271320367,0.04561161022805812,13.0,331.0,430.0,103.0,20.0,5.0,44.33333333333332,1.0,C:\Users\Dk\Desktop\SCI\DRL_PF\checkpoint_store\full_method_main\A_full_method.pt
A,A,full_method_main,42,20259364,1,0.9523,169.5579003113113,152,0.0,coverage_reached,3.5723683834075928,477.9539489746094,8.730262756347656,161.02308654785156,0.03690774738788605,0.6937329173088074,3.5723683834075928,3.5723683834075928,0.0,0.0,8.730262756347656,8.723684310913086,0.00657894741743803,0.00657894741743803,0.00657894741743803,4.177631378173828,2.8805453777313232,152.94790031131146,-3.0400000000000023,0.0,-0.35,0.0,20.0,1482.0,340.0,47.17352513243779,10.822536130248885,2.1645072260497766,49.33803235848757,146.2379279105571,6.709972400754312,0.04387096774193552,0.0,0.0,8.0,19.0,2.0,0.0,6.999999999999998,0.0,C:\Users\Dk\Desktop\SCI\DRL_PF\checkpoint_store\full_method_main\A_full_method.pt
A,A,full_method_main,43,20259365,1,0.9511,175.11991418246745,267,0.10074626865671642,coverage_reached,5.891385555267334,390.9400634765625,11.134831428527832,85.58412170410156,0.024815918877720833,0.34682565927505493,5.891385555267334,5.891385555267334,0.0,0.0,11.134831428527832,11.131086349487305,0.00374531839042902,0.00374531839042902,0.00374531839042902,3.149812698364258,2.0561752319335938,161.4932475158014,-5.339999999999974,-0.2,-0.833333333333334,0.0,20.0,1570.0,333.0,49.97465213085518,10.599719209920236,2.119943841984044,52.09459597283918,154.92142160565095,6.57182591015055,0.040694121960161346,2.0,81.0,107.0,44.0,6.0,0.0,16.666666666666668,0.0,C:\Users\Dk\Desktop\SCI\DRL_PF\checkpoint_store\full_method_main\A_full_method.pt
A,A,full_method_main,44,20259366,0,0.8877,114.00515175058091,600,0.24958402662229617,max_episode_steps,4.8466668128967285,421.23834228515625,7.743333339691162,94.93955993652344,0.01017762627452612,0.1483616828918457,4.8466668128967285,4.8466668128967285,0.0,0.0,7.743333339691162,7.726666450500488,0.01666666753590107,0.013333333656191826,0.013333333656191826,2.823333263397217,1.6800951957702637,139.4884850839159,-11.999999999999833,-2.2000000000000006,-3.2833333333333297,-8.0,0.0,1348.0,328.0,42.908172657574994,10.44056426682834,2.0881128533656677,44.99628551094068,133.0153352384824,6.473149845433575,0.04640633842671201,22.0,394.0,447.0,129.0,32.0,18.0,65.66666666666667,1.0,C:\Users\Dk\Desktop\SCI\DRL_PF\checkpoint_store\full_method_main\A_full_method.pt
A,A,full_method_main,45,20259367,1,0.9556,172.2190556765941,168,0.11834319526627218,coverage_reached,3.8035714626312256,505.9166564941406,9.398809432983398,143.3211212158203,0.04192311689257622,0.5395267605781555,3.8035714626312256,3.8035714626312256,0.0,0.0,9.398809432983398,9.398809432983398,0.0,0.0,0.0,4.351190567016602,2.6576390266418457,158.07905567659412,-3.3600000000000025,-1.4000000000000001,-1.1000000000000003,0.0,20.0,1533.0,345.0,48.796905551975115,10.981691073340777,2.196338214668156,50.9932437666433,151.27040721112286,6.808648465471286,0.043071161048689154,14.0,8.0,31.0,36.0,4.0,13.0,21.999999999999996,0.0,C:\Users\Dk\Desktop\SCI\DRL_PF\checkpoint_store\full_method_main\A_full_method.pt
A,A,full_method_main,46,20259368,0,0.4106,-39.20272545722438,600,0.8801996672212978,max_episode_steps,2.948333263397217,473.4116516113281,8.96833324432373,162.3896026611328,0.06035147234797478,0.9584174752235413,2.948333263397217,2.948333263397217,0.0,0.0,8.96833324432373,8.949999809265137,0.018333332613110542,0.01666666753590107,0.01666666753590107,7.008333206176758,3.0881388187408447,59.58060787610959,-11.999999999999833,-52.400000000000475,-26.383333333333574,-8.0,0.0,585.0,94.0,18.621128341751753,2.9921129301276324,0.5984225860255268,19.21955092777727,57.72549785943046,1.8551100166791323,0.031136137793971504,524.0,521.0,542.0,538.0,1.0,522.0,527.6666666666666,1.0,C:\Users\Dk\Desktop\SCI\DRL_PF\checkpoint_store\full_method_main\A_full_method.pt
A,A,full_method_main,47,20259369,1,0.9546,167.83349291185206,211,0.0660377358490566,coverage_reached,4.4218010902404785,491.1279602050781,10.834123611450195,176.00875854492188,0.04023599997162819,0.6097763776779175,4.4218010902404785,4.4218010902404785,0.0,0.0,10.834123611450195,10.57819938659668,0.25592416524887085,0.14218010008335114,0.14218010008335114,5.933649063110352,3.7120044231414795,154.27015957851899,-4.219999999999998,-1.0999999999999999,-1.1166666666666671,0.0,20.0,1491.0,362.0,47.460004030003184,11.522817879853228,2.3045635759706453,49.76456760597386,147.12601249300994,7.1441470855090055,0.046309325828322916,11.0,27.0,50.0,40.0,5.0,11.0,22.333333333333314,0.0,C:\Users\Dk\Desktop\SCI\DRL_PF\checkpoint_store\full_method_main\A_full_method.pt
A,A,full_method_main,48,20259370,1,0.9504,173.05821432517263,181,0.03296703296703297,coverage_reached,4.50828742980957,398.8563537597656,9.038674354553223,106.87657165527344,0.03654426708817482,0.49955758452415466,4.50828742980957,4.50828742980957,0.0,0.0,9.038674354553223,8.977900505065918,0.06077348068356514,0.03867403417825699,0.03867403417825699,4.016574382781982,2.146772861480713,157.64488099183941,-3.6200000000000028,-0.30000000000000004,-0.6666666666666669,0.0,20.0,1536.0,308.0,48.89239851783022,9.803944494460755,1.9607888988921498,50.85318741672241,151.56643540527378,6.07844558656567,0.03855783675513272,3.0,0.0,34.0,34.0,4.0,1.0,13.333333333333336,0.0,C:\Users\Dk\Desktop\SCI\DRL_PF\checkpoint_store\full_method_main\A_full_method.pt
A,A,full_method_main,49,20259371,1,0.9507,156.16576262385186,316,0.1608832807570978,coverage_reached,7.9113922119140625,367.48101806640625,12.19936752319336,47.392356872558594,0.024441000074148178,0.3200184404850006,7.9113922119140625,7.9113922119140625,0.0,0.0,12.19936752319336,12.189873695373535,0.009493670426309109,0.009493670426309109,0.009493670426309109,3.746835470199585,1.570057988166809,145.9024292905193,-6.319999999999953,-1.5000000000000002,-1.9166666666666676,0.0,20.0,1406.0,363.0,44.75436999744099,11.554648868471613,2.3109297736943217,47.06529977113534,138.73854699206709,7.163882298452403,0.04910050047342085,15.0,96.0,145.0,79.0,22.0,7.0,38.33333333333338,0.0,C:\Users\Dk\Desktop\SCI\DRL_PF\checkpoint_store\full_method_main\A_full_method.pt
A,A,full_method_main,50,20259372,1,0.9525,157.1308234137266,268,0.055762081784386616,coverage_reached,4.929104328155518,518.3731079101562,10.570895195007324,110.8635025024414,0.02199038863182068,0.3216820955276489,4.929104328155518,4.929104328155518,0.0,0.0,10.570895195007324,10.5,0.07089552283287048,0.03731343150138855,0.03731343150138855,4.444029808044434,2.160163640975952,143.0408234137272,-5.359999999999974,-0.1,-0.44999999999999996,0.0,20.0,1391.0,293.0,44.27690516816528,9.326479665185074,1.865295933037014,46.14220110120234,137.25840602131248,5.7824173924147475,0.04042494481236204,1.0,63.0,121.0,25.0,2.0,0.0,9.0,0.0,C:\Users\Dk\Desktop\SCI\DRL_PF\checkpoint_store\full_method_main\A_full_method.pt
A,A,full_method_main,51,20259373,1,0.9525,158.565124151337,310,0.05466237942122187,coverage_reached,3.6645162105560303,398.41290283203125,7.6483869552612305,121.90557098388672,0.020993344485759735,0.31721043586730957,3.6645162105560303,3.6645162105560303,0.0,0.0,7.6483869552612305,7.6483869552612305,0.0,0.0,0.0,4.061290264129639,2.2981185913085938,146.1984574846702,-6.199999999999956,-0.5,-0.9333333333333341,0.0,20.0,1412.0,348.0,44.945355929151255,11.077184039195924,2.2154368078391835,47.16079273699046,139.3306033803689,6.8678541043014745,0.04697624190064798,5.0,103.0,134.0,43.0,5.0,4.0,18.666666666666668,0.0,C:\Users\Dk\Desktop\SCI\DRL_PF\checkpoint_store\full_method_main\A_full_method.pt
A,A,full_method_main,52,20259374,0,0.5203,-23.089932142797,600,0.8552412645590682,max_episode_steps,2.9700000286102295,511.27667236328125,10.75333309173584,174.1508331298828,0.018692366778850555,0.8068475127220154,2.9700000286102295,2.9700000286102295,0.0,0.0,10.75333309173584,10.75333309173584,0.0,0.0,0.0,4.99833345413208,3.6581668853759766,69.31006785720334,-11.999999999999833,-51.40000000000046,-21.000000000000163,-8.0,0.0,663.0,197.0,21.103945453985318,6.270704757820676,1.2541409515641355,22.35808640554944,65.4222309073545,3.8878369498488206,0.05609339407744876,514.0,509.0,521.0,435.0,5.0,410.0,420.0,1.0,C:\Users\Dk\Desktop\SCI\DRL_PF\checkpoint_store\full_method_main\A_full_method.pt
A,A,full_method_main,53,20259375,1,0.9502,168.7500186077642,172,0.0,coverage_reached,3.366279125213623,586.1453247070312,10.598836898803711,208.57534790039062,0.03712492808699608,0.6317532658576965,3.366279125213623,3.366279125213623,0.0,0.0,10.598836898803711,9.75,0.8488371968269348,0.2732558250427246,0.2732558250427246,6.656976699829102,3.611171245574951,152.79001860776427,-3.4400000000000026,0.0,-0.6000000000000002,0.0,20.0,1474.0,372.0,46.91887722349075,11.84112776603702,2.368225553207403,49.28710277669819,145.44851939282134,7.3414992149429565,0.048049599586670155,0.0,0.0,7.0,32.0,4.0,0.0,12.000000000000004,0.0,C:\Users\Dk\Desktop\SCI\DRL_PF\checkpoint_store\full_method_main\A_full_method.pt
A,A,full_method_main,54,20259376,1,0.954,171.23344815815386,245,0.04878048780487805,coverage_reached,3.844897985458374,436.48980712890625,9.424489974975586,150.6683349609375,0.033513814210891724,0.4977230727672577,3.844897985458374,3.844897985458374,0.0,0.0,9.424489974975586,9.318367004394531,0.1061224490404129,0.0734693855047226,0.0734693855047226,5.028571605682373,2.896488904953003,158.00011482482046,-4.8999999999999835,-0.6,-1.2666666666666673,0.0,20.0,1524.0,386.0,48.510426654409684,12.28676160669433,2.4573523213388655,50.967778975748566,150.3823226286701,7.617792196150488,0.04821383962028484,6.0,25.0,74.0,57.0,7.0,6.0,25.333333333333314,0.0,C:\Users\Dk\Desktop\SCI\DRL_PF\checkpoint_store\full_method_main\A_full_method.pt
A,A,full_method_main,55,20259377,0,0.9314,86.03128437003056,600,0.36938435940099834,max_episode_steps,4.485000133514404,280.8516540527344,7.005000114440918,67.9360580444336,0.020884355530142784,0.327049195766449,4.485000133514404,4.485000133514404,0.0,0.0,7.005000114440918,7.005000114440918,0.0,0.0,0.0,2.2983334064483643,1.6136665344238281,131.08128437002983,-11.999999999999833,-15.69999999999996,-9.349999999999998,-8.0,0.0,1269.0,297.0,40.393524556723065,9.453803619658594,1.890760723931716,42.28428528065484,125.21992612584135,5.861358244188327,0.04471544715447161,157.0,387.0,450.0,231.0,20.0,155.0,187.0,1.0,C:\Users\Dk\Desktop\SCI\DRL_PF\checkpoint_store\full_method_main\A_full_method.pt
A,A,full_method_main,56,20259378,1,0.9587,161.91919664734857,592,0.23777403035413153,coverage_reached,6.326013565063477,503.39697265625,14.179054260253906,84.10514831542969,0.017087239772081375,0.24007287621498108,6.326013565063477,6.326013565063477,0.0,0.0,14.179054260253906,14.121622085571289,0.05743243172764778,0.04054053872823715,0.04054053872823715,7.518580913543701,2.3447186946868896,159.55919664734859,-11.839999999999836,-2.600000000000001,-3.199999999999996,0.0,20.0,1549.0,340.0,49.306201369869186,10.822536130248896,2.1645072260497766,51.47070859591899,152.84922424659447,6.709972400754317,0.04205318491032782,26.0,347.0,411.0,128.0,30.0,17.0,64.00000000000006,0.0,C:\Users\Dk\Desktop\SCI\DRL_PF\checkpoint_store\full_method_main\A_full_method.pt
A,A,full_method_main,57,20259379,1,0.9508,162.5938024526061,298,0.1605351170568562,coverage_reached,8.798657417297363,351.52685546875,13.013422966003418,62.71404266357422,0.021191921085119247,0.30011141300201416,8.798657417297363,8.798657417297363,0.0,0.0,13.013422966003418,13.013422966003418,0.0,0.0,0.0,3.332214832305908,1.8731828927993774,150.5204691192737,-5.959999999999961,-0.7,-1.266666666666667,0.0,20.0,1458.0,337.0,46.409581405596704,10.727043164393741,2.14540863287875,48.55499003847543,143.86970235734972,6.650766761924125,0.04418513176871641,7.0,118.0,144.0,56.0,12.0,4.0,25.333333333333332,0.0,C:\Users\Dk\Desktop\SCI\DRL_PF\checkpoint_store\full_method_main\A_full_method.pt
A,A,full_method_main,58,20259380,0,0.935,116.85496602612687,600,0.2512479201331115,max_episode_steps,4.349999904632568,310.5966796875,8.376667022705078,78.04658508300781,0.011046863161027431,0.1959037035703659,4.349999904632568,4.349999904632568,0.0,0.0,8.376667022705078,8.270000457763672,0.1066666692495346,0.05666666850447655,0.05666666850447655,4.050000190734863,2.0028910636901855,141.73829935946296,-11.999999999999833,-2.3000000000000007,-2.5833333333333326,-8.0,0.0,1371.0,327.0,43.64028539579771,10.408733278209967,2.081746655641991,45.7220320514397,135.284884726973,6.45341463249018,0.04553049289891397,23.0,375.0,440.0,113.0,30.0,6.0,51.66666666666666,1.0,C:\Users\Dk\Desktop\SCI\DRL_PF\checkpoint_store\full_method_main\A_full_method.pt
A,A,full_method_main,59,20259381,1,0.95,161.47993730860716,182,0.02185792349726776,coverage_reached,6.395604610443115,465.945068359375,12.824175834655762,79.470947265625,0.03539657965302467,0.4929611384868622,6.395604610443115,6.395604610443115,0.0,0.0,12.824175834655762,12.637362480163574,0.18681319057941437,0.1428571492433548,0.1428571492433548,5.593406677246094,2.148000478744507,146.33660397527416,-3.640000000000003,-0.4,-0.8166666666666674,0.0,20.0,1413.0,350.0,44.977186917769615,11.140846016432677,2.2281692032865363,47.20535612105618,139.42927944508583,6.907324530188262,0.0472016183412003,4.0,14.0,27.0,38.0,3.0,4.0,16.333333333333336,0.0,C:\Users\Dk\Desktop\SCI\DRL_PF\checkpoint_store\full_method_main\A_full_method.pt
A,A,full_method_main,60,20259382,1,0.9507,164.59873942617926,183,0.043478260869565216,coverage_reached,7.245901584625244,385.7978210449219,13.426229476928711,69.44055938720703,0.036789216101169586,0.4179675877094269,7.245901584625244,7.245901584625244,0.0,0.0,13.426229476928711,13.426229476928711,0.0,0.0,0.0,4.349726676940918,2.17417573928833,149.15873942617958,-3.660000000000003,-0.30000000000000004,-0.6000000000000001,0.0,20.0,1439.0,363.0,45.804792621847504,11.554648868471611,2.310929773694321,48.115722395541795,141.99485712772724,7.1638822984524015,0.048028578989150604,3.0,25.0,42.0,30.0,6.0,0.0,11.999999999999998,0.0,C:\Users\Dk\Desktop\SCI\DRL_PF\checkpoint_store\full_method_main\A_full_method.pt
A,A,full_method_main,61,20259383,0,0.5112,-24.13910347272212,600,0.8868552412645591,max_episode_steps,3.873333215713501,403.5450134277344,5.888333320617676,104.2463607788086,0.03380952030420303,0.8990910649299622,3.873333215713501,3.873333215713501,0.0,0.0,5.888333320617676,5.888333320617676,0.0,0.0,0.0,3.001666784286499,1.5382499694824219,75.2108965272784,-11.999999999999833,-53.100000000000485,-26.250000000000238,-8.0,0.0,734.0,141.0,23.363945645890237,4.488169395191446,0.8976338790382902,24.26157952492852,72.4282315022597,2.782665025018699,0.03699816321175547,531.0,526.0,534.0,533.0,0.0,521.0,525.0,1.0,C:\Users\Dk\Desktop\SCI\DRL_PF\checkpoint_store\full_method_main\A_full_method.pt
A,A,full_method_main,62,20259384,1,0.9513,161.24599757511018,257,0.07751937984496124,coverage_reached,5.10116720199585,375.39300537109375,12.778209686279297,78.05072021484375,0.026240328326821327,0.41661444306373596,5.10116720199585,5.10116720199585,0.0,0.0,12.778209686279297,12.688715934753418,0.08949416130781174,0.05836575850844383,0.05836575850844383,5.607003688812256,2.583110809326172,148.36933090844371,-5.139999999999978,-0.8999999999999999,-1.083333333333334,0.0,20.0,1436.0,338.0,45.709299655992346,10.758874153012135,2.1517748306024256,47.86107448659478,141.69882893357618,6.670501974867524,0.04495876562915675,9.0,53.0,96.0,51.0,10.0,2.0,21.66666666666667,0.0,C:\Users\Dk\Desktop\SCI\DRL_PF\checkpoint_store\full_method_main\A_full_method.pt
A,A,full_method_main,63,20259385,1,0.95,156.2308428047319,499,0.204,coverage_reached,5.4909820556640625,465.5491027832031,12.73547077178955,114.03671264648438,0.018049703910946846,0.24891485273838043,5.4909820556640625,5.4909820556640625,0.0,0.0,12.73547077178955,12.476953506469727,0.2585170269012451,0.1663326621055603,0.1663326621055603,6.0400800704956055,3.112156391143799,150.24417613806628,-9.979999999999876,-2.1000000000000005,-1.9333333333333338,0.0,20.0,1461.0,308.0,46.50507437145183,9.803944494460755,1.960788898892152,48.46586327034395,144.16573055150067,6.078445586565673,0.04045711283331147,21.0,255.0,338.0,84.0,14.0,9.0,38.66666666666667,0.0,C:\Users\Dk\Desktop\SCI\DRL_PF\checkpoint_store\full_method_main\A_full_method.pt
A,A,full_method_main,64,20259386,0,0.9382,120.73605948325859,600,0.1930116472545757,max_episode_steps,5.388333320617676,350.8516540527344,7.271666526794434,76.70649719238281,0.013435374945402145,0.2410380244255066,5.388333320617676,5.388333320617676,0.0,0.0,7.271666526794434,7.271666526794434,0.0,0.0,0.0,2.7866666316986084,1.4934470653533936,147.61939281659468,-11.999999999999833,-3.5000000000000018,-3.3833333333333293,-8.0,0.0,1419.0,385.0,45.16817284947989,12.254930618075948,2.4509861236151895,47.619158973095104,140.02133583338764,7.598056983207088,0.05147058823529416,35.0,352.0,423.0,130.0,33.0,20.0,67.66666666666667,1.0,C:\Users\Dk\Desktop\SCI\DRL_PF\checkpoint_store\full_method_main\A_full_method.pt
A,A,full_method_main,65,20259387,1,0.9512,157.79350335664572,246,0.12955465587044535,coverage_reached,7.410569190979004,611.5853881835938,10.92682933807373,92.27355194091797,0.026915915310382843,0.28506046533584595,7.410569190979004,7.410569190979004,0.0,0.0,10.92682933807373,10.92682933807373,0.0,0.0,0.0,3.4715447425842285,1.6171928644180298,144.58017002331187,-4.919999999999983,-0.8999999999999999,-0.9666666666666673,0.0,20.0,1410.0,276.0,44.881693951914485,8.785352858672628,1.7570705717345252,46.638764523649016,139.1332512509349,5.44691877237703,0.0376740376740377,9.0,73.0,116.0,42.0,10.0,3.0,19.333333333333325,0.0,C:\Users\Dk\Desktop\SCI\DRL_PF\checkpoint_store\full_method_main\A_full_method.pt
A,A,full_method_main,66,20259388,1,0.9544,169.60808827231764,189,0.02631578947368421,coverage_reached,4.185184955596924,367.08465576171875,8.005290985107422,100.05712890625,0.03652113303542137,0.5920513272285461,4.185184955596924,4.185184955596924,0.0,0.0,8.005290985107422,8.005290985107422,0.0,0.0,0.0,3.4656083583831787,2.061174154281616,154.9214216056509,-3.780000000000003,-0.5,-1.0333333333333339,0.0,20.0,1494.0,380.0,47.55549699585836,12.09577567498405,2.41915513499681,49.97465213085512,147.42204068716077,7.499380918490115,0.04840764331210196,5.0,0.0,24.0,48.0,8.0,3.0,20.666666666666657,0.0,C:\Users\Dk\Desktop\SCI\DRL_PF\checkpoint_store\full_method_main\A_full_method.pt
A,A,full_method_main,67,20259389,1,0.9506,161.9193778986951,213,0.08878504672897196,coverage_reached,4.615023612976074,405.5586853027344,8.572770118713379,99.0802993774414,0.03188442438840866,0.6138392090797424,4.615023612976074,4.615023612976074,0.0,0.0,8.572770118713379,8.572770118713379,0.0,0.0,0.0,4.507042407989502,2.0927228927612305,148.8627112320287,-4.259999999999997,-1.3,-1.3833333333333335,0.0,20.0,1438.0,353.0,45.7729616332291,11.23633898228782,2.247267796457561,48.02022942968667,141.89618106301026,6.96653016901845,0.04679835609174071,13.0,25.0,54.0,62.0,5.0,8.0,27.666666666666654,0.0,C:\Users\Dk\Desktop\SCI\DRL_PF\checkpoint_store\full_method_main\A_full_method.pt
A,A,full_method_main,68,20259390,1,0.9521,153.18853654727334,522,0.21223709369024857,coverage_reached,3.2969348430633545,518.5498046875,8.247126579284668,197.72357177734375,0.013505530543625355,0.2610335648059845,3.2969348430633545,3.2969348430633545,0.0,0.0,8.247126579284668,8.245210647583008,0.0019157087663188577,0.0019157087663188577,0.0019157087663188577,3.931034564971924,2.751920223236084,148.4285365472739,-10.439999999999866,-2.0000000000000004,-2.7999999999999976,0.0,20.0,1440.0,321.0,45.83662361046583,10.217747346499683,2.0435494692999363,47.880173079765804,142.09353319244414,6.335003354829809,0.04268049461507783,20.0,300.0,370.0,119.0,25.0,12.0,56.00000000000009,0.0,C:\Users\Dk\Desktop\SCI\DRL_PF\checkpoint_store\full_method_main\A_full_method.pt
A,A,full_method_main,69,20259391,0,0.9206,120.05489143662938,600,0.26955074875207985,max_episode_steps,8.619999885559082,438.63665771484375,15.58666706085205,62.240989685058594,0.018102798610925674,0.20817828178405762,8.619999885559082,8.619999885559082,0.0,0.0,15.58666706085205,15.563333511352539,0.023333333432674408,0.023333333432674408,0.023333333432674408,4.633333206176758,2.0092639923095703,147.9548914366324,-11.999999999999833,-4.4,-3.4999999999999947,-8.0,0.0,1436.0,317.0,45.70929965599237,10.09042339202617,2.018084678405234,47.72738433439756,141.6988289335763,6.256062503056228,0.042283580098706176,44.0,370.0,453.0,135.0,25.0,25.0,70.00000000000001,1.0,C:\Users\Dk\Desktop\SCI\DRL_PF\checkpoint_store\full_method_main\A_full_method.pt
A,A,full_method_main,70,20259392,0,0.9386,128.74151558615114,600,0.2978369384359401,max_episode_steps,5.573333263397217,338.4866638183594,10.926666259765625,68.09642028808594,0.011504157446324825,0.20537422597408295,5.573333263397217,5.573333263397217,0.0,0.0,10.926666259765625,10.841666221618652,0.08500000089406967,0.03500000014901161,0.03500000014901161,4.558333396911621,2.1275835037231445,155.90818225282064,-11.999999999999833,-3.2000000000000015,-3.966666666666661,-8.0,0.0,1516.0,320.0,48.25577874546269,10.185916357881306,2.03718327157626,50.29296201703897,149.59291411093434,6.3152681418864125,0.040506329113924065,32.0,398.0,457.0,159.0,43.0,18.0,79.33333333333334,1.0,C:\Users\Dk\Desktop\SCI\DRL_PF\checkpoint_store\full_method_main\A_full_method.pt
A,A,full_method_main,71,20259393,1,0.9536,163.4721838944686,216,0.17972350230414746,coverage_reached,3.319444417953491,487.0138854980469,9.958333015441895,216.18833923339844,0.03180902078747749,0.5855531096458435,3.319444417953491,3.319444417953491,0.0,0.0,9.958333015441895,9.833333015441895,0.125,0.10185185074806213,0.10185185074806213,5.94444465637207,4.101263999938965,153.1255172278019,-4.319999999999996,-3.5000000000000018,-1.8333333333333337,0.0,20.0,1484.0,339.0,47.23718710967452,10.790705141630513,2.1581410283261024,49.395328138000664,146.43528003999103,6.690237187810919,0.043691197319242224,35.0,37.0,63.0,58.0,8.0,22.0,36.66666666666669,0.0,C:\Users\Dk\Desktop\SCI\DRL_PF\checkpoint_store\full_method_main\A_full_method.pt
A,A,full_method_main,72,20259394,1,0.9503,156.9214469683437,265,0.06766917293233082,coverage_reached,4.728302001953125,501.9509582519531,13.094339370727539,112.83882141113281,0.027005517855286598,0.4203960597515106,4.728302001953125,4.728302001953125,0.0,0.0,13.094339370727539,13.079245567321777,0.015094339847564697,0.011320754885673523,0.011320754885673523,4.716980934143066,2.836806058883667,143.98811363501008,-5.299999999999975,-0.7,-1.0666666666666675,0.0,20.0,1388.0,356.0,44.18141220231016,11.331831948142955,2.2663663896285904,46.44777859193873,136.9623778271614,7.025735807848635,0.048793859649122875,7.0,46.0,99.0,50.0,8.0,3.0,21.333333333333325,0.0,C:\Users\Dk\Desktop\SCI\DRL_PF\checkpoint_store\full_method_main\A_full_method.pt
A,A,full_method_main,73,20259395,0,0.3946,-55.11527113904752,600,0.908485856905158,max_episode_steps,2.0266666412353516,307.70166015625,4.065000057220459,152.70484924316406,0.03206727281212807,0.4978412985801697,2.0266666412353516,2.0266666412353516,0.0,0.0,4.065000057220459,4.065000057220459,0.0,0.0,0.0,2.058333396911621,2.009305715560913,46.85139552761979,-11.999999999999833,-54.600000000000506,-27.366666666666923,-8.0,0.0,454.0,104.0,14.45126883274409,3.310422816311421,0.6620845632622846,15.113353396006382,44.79893338150671,2.052462146113082,0.043807919123841604,546.0,547.0,555.0,549.0,1.0,546.0,547.3333333333333,1.0,C:\Users\Dk\Desktop\SCI\DRL_PF\checkpoint_store\full_method_main\A_full_method.pt
A,A,full_method_main,74,20259396,0,0.8137,100.13033188365416,600,0.28286189683860236,max_episode_steps,3.815000057220459,554.4550170898438,13.091666221618652,179.95468139648438,0.011084656231105328,0.1635749340057373,3.815000057220459,3.815000057220459,0.0,0.0,13.091666221618652,12.553333282470703,0.5383333563804626,0.23000000417232513,0.23000000417232513,8.300000190734863,3.962611198425293,126.68033188365257,-11.999999999999833,-3.1000000000000014,-3.449999999999996,-8.0,0.0,1225.0,294.0,38.99296105751434,9.358310653803455,1.8716621307606895,40.864623188275075,120.87817927829451,5.802152605358143,0.0458015267175573,31.0,365.0,445.0,141.0,38.0,14.0,69.00000000000004,1.0,C:\Users\Dk\Desktop\SCI\DRL_PF\checkpoint_store\full_method_main\A_full_method.pt
A,A,full_method_main,75,20259397,1,0.9525,167.48710595014091,246,0.008097165991902834,coverage_reached,4.5284552574157715,498.69512939453125,9.02845573425293,123.38431549072266,0.02622457966208458,0.34222596883773804,4.5284552574157715,4.5284552574157715,0.0,0.0,9.02845573425293,9.02845573425293,0.0,0.0,0.0,4.24796724319458,2.3385212421417236,153.00710595014155,-4.919999999999983,0.0,-0.6000000000000002,0.0,20.0,1488.0,313.0,47.36451106414807,9.963099437552659,1.992619887510528,49.35713095165866,146.82998429885888,6.177121651282649,0.04037146910873217,0.0,50.0,89.0,33.0,3.0,0.0,12.000000000000005,0.0,C:\Users\Dk\Desktop\SCI\DRL_PF\checkpoint_store\full_method_main\A_full_method.pt
A,A,full_method_main,76,20259398,0,0.7461,19.856897860155883,600,0.8153078202995009,max_episode_steps,5.829999923706055,606.806640625,12.486666679382324,103.69292449951172,0.040419504046440125,0.6592961549758911,5.829999923706055,5.829999923706055,0.0,0.0,12.486666679382324,12.486666679382324,0.0,0.0,0.0,5.666666507720947,2.147146701812744,113.02356452682332,-11.999999999999833,-48.60000000000042,-24.566666666666883,-8.0,0.0,1111.0,172.0,35.36422835501915,5.474930042361198,1.09498600847224,36.4592143634914,109.62910790055938,3.3944566262639446,0.03003317618299284,486.0,488.0,505.0,500.0,4.0,485.0,491.33333333333337,1.0,C:\Users\Dk\Desktop\SCI\DRL_PF\checkpoint_store\full_method_main\A_full_method.pt
A,A,full_method_main,77,20259399,1,0.9511,169.44548962855544,307,0.2305194805194805,coverage_reached,6.3517913818359375,407.0683898925781,11.61563491821289,80.11754608154297,0.019374089315533638,0.26026639342308044,6.3517913818359375,6.3517913818359375,0.0,0.0,11.61563491821289,11.599348068237305,0.016286645084619522,0.009771986864507198,0.009771986864507198,3.993485450744629,2.0758466720581055,159.8354896285563,-6.139999999999957,-2.1000000000000005,-2.150000000000001,0.0,20.0,1554.0,329.0,49.465356312961056,10.472395255446722,2.0944790510893436,51.55983536405042,153.3426045701794,6.492885058376971,0.04062229904926538,21.0,117.0,157.0,91.0,24.0,7.0,43.00000000000003,0.0,C:\Users\Dk\Desktop\SCI\DRL_PF\checkpoint_store\full_method_main\A_full_method.pt
A,A,full_method_main,78,20259400,0,0.9057,115.65791075610277,600,0.33943427620632277,max_episode_steps,4.784999847412109,452.32501220703125,8.601666450500488,99.791259765625,0.01310657523572445,0.1896151900291443,4.784999847412109,4.784999847412109,0.0,0.0,8.601666450500488,8.601666450500488,0.0,0.0,0.0,3.055000066757202,1.844733476638794,143.25791075610445,-11.999999999999833,-3.700000000000002,-3.8999999999999932,-8.0,0.0,1392.0,299.0,44.3087361567837,9.517465596895349,1.903493119379067,46.21222927616277,137.3570820860294,5.900828670075117,0.04119024659043947,37.0,375.0,452.0,152.0,40.0,21.0,78.00000000000003,1.0,C:\Users\Dk\Desktop\SCI\DRL_PF\checkpoint_store\full_method_main\A_full_method.pt
A,A,full_method_main,79,20259401,1,0.9584,160.24009543381365,337,0.11834319526627218,coverage_reached,5.118694305419922,378.4154357910156,9.234421730041504,74.98128509521484,0.022722838446497917,0.2580774128437042,5.118694305419922,5.118694305419922,0.0,0.0,9.234421730041504,9.234421730041504,0.0,0.0,0.0,3.2344212532043457,1.8677968978881836,150.79676210048137,-6.739999999999944,-2.1000000000000005,-1.7166666666666668,0.0,20.0,1461.0,336.0,46.5050743714518,10.695212175775382,2.139042435155075,48.64411680660694,144.16573055150067,6.631031548980736,0.043973301923832,21.0,94.0,166.0,64.0,7.0,16.0,34.333333333333336,0.0,C:\Users\Dk\Desktop\SCI\DRL_PF\checkpoint_store\full_method_main\A_full_method.pt
A,A,full_method_main,80,20259402,0,0.9455,72.92264708732456,600,0.6073211314475874,max_episode_steps,2.5350000858306885,318.17498779296875,8.505000114440918,120.10791778564453,0.039727889001369476,0.5755898356437683,2.5350000858306885,2.5350000858306885,0.0,0.0,8.505000114440918,8.484999656677246,0.019999999552965164,0.014999999664723873,0.014999999664723873,4.760000228881836,3.4239962100982666,145.38931375399102,-11.999999999999833,-34.70000000000022,-17.766666666666787,-8.0,0.0,1412.0,307.0,44.94535592915123,9.77211350584238,1.9544227011684745,46.899778630319744,139.3306033803688,6.0587103736222785,0.041672322519343066,347.0,393.0,442.0,379.0,7.0,340.0,355.3333333333333,1.0,C:\Users\Dk\Desktop\SCI\DRL_PF\checkpoint_store\full_method_main\A_full_method.pt
A,A,full_method_main,81,20259403,1,0.9517,160.6946162047799,586,0.20442930153321975,coverage_reached,7.82423210144043,354.9743957519531,12.29180908203125,55.72965621948242,0.014410315081477165,0.18687045574188232,7.82423210144043,7.82423210144043,0.0,0.0,12.29180908203125,12.17576789855957,0.11604095250368118,0.059726960957050323,0.059726960957050323,3.2491466999053955,1.8069026470184326,157.6646162047828,-11.719999999999839,-2.400000000000001,-2.8499999999999983,0.0,20.0,1527.0,354.0,48.60591962026484,11.268169970906197,2.2536339941812398,50.85955361444609,150.67835082282102,6.986265381961847,0.044310927525347404,24.0,349.0,422.0,121.0,26.0,12.0,57.00000000000002,0.0,C:\Users\Dk\Desktop\SCI\DRL_PF\checkpoint_store\full_method_main\A_full_method.pt
A,A,full_method_main,82,20259404,1,0.951,168.44920932869485,188,0.06349206349206349,coverage_reached,6.127659797668457,453.43084716796875,14.111701965332031,94.62114715576172,0.036775704473257065,0.5802769064903259,6.127659797668457,6.127659797668457,0.0,0.0,14.111701965332031,14.090425491333008,0.021276595070958138,0.021276595070958138,0.021276595070958138,5.92553186416626,2.551187038421631,154.09254266202825,-3.760000000000003,-0.9999999999999999,-0.8833333333333339,0.0,20.0,1485.0,383.0,47.2690180982929,12.191268640839194,2.4382537281678385,49.70727182646077,146.53395610470804,7.558586557320298,0.049052254098360684,10.0,5.0,29.0,39.0,6.0,4.0,17.666666666666664,0.0,C:\Users\Dk\Desktop\SCI\DRL_PF\checkpoint_store\full_method_main\A_full_method.pt
A,A,full_method_main,83,20259405,1,0.9522,166.18064216237966,292,0.12627986348122866,coverage_reached,7.5,439.34930419921875,11.626712799072266,76.05303192138672,0.025882955640554428,0.27756819128990173,7.5,7.5,0.0,0.0,11.626712799072266,11.626712799072266,0.0,0.0,0.0,3.794520616531372,1.799871563911438,153.73730882904727,-5.839999999999963,-0.7,-1.0166666666666673,0.0,20.0,1488.0,350.0,47.364511064148054,11.140846016432688,2.2281692032865377,49.5926802674346,146.829984298859,6.907324530188266,0.04492939666238772,7.0,88.0,130.0,45.0,10.0,3.0,20.333333333333336,0.0,C:\Users\Dk\Desktop\SCI\DRL_PF\checkpoint_store\full_method_main\A_full_method.pt
A,A,full_method_main,84,20259406,1,0.9515,156.08222864816707,449,0.1688888888888889,coverage_reached,4.988863945007324,494.7015686035156,8.532294273376465,107.72626495361328,0.018125440925359726,0.4105147123336792,4.988863945007324,4.988863945007324,0.0,0.0,8.532294273376465,8.532294273376465,0.0,0.0,0.0,3.674833059310913,1.8577367067337036,149.39556198150018,-8.979999999999897,-1.7000000000000004,-2.6333333333333315,0.0,20.0,1445.0,345.0,45.99577855355777,10.981691073340782,2.1963382146681574,48.19211676822592,142.58691351602906,6.808648465471291,0.04557463672391022,17.0,234.0,291.0,112.0,22.0,12.0,52.666666666666686,0.0,C:\Users\Dk\Desktop\SCI\DRL_PF\checkpoint_store\full_method_main\A_full_method.pt
A,A,full_method_main,85,20259407,1,0.9502,153.85989031835487,420,0.19002375296912113,coverage_reached,7.611904621124268,439.1023864746094,10.559523582458496,59.10715103149414,0.016137566417455673,0.2068367302417755,7.611904621124268,7.611904621124268,0.0,0.0,10.559523582458496,10.547618865966797,0.011904762126505375,0.011904762126505375,0.011904762126505375,3.8619048595428467,1.405813455581665,145.84322365168927,-8.39999999999991,-1.7000000000000004,-1.8833333333333337,0.0,20.0,1411.0,335.0,44.913524940532874,10.663381187156993,2.132676237431399,47.04620117796432,139.2319273156519,6.611296336037337,0.045331529093369446,17.0,219.0,253.0,80.0,19.0,7.0,37.666666666666686,0.0,C:\Users\Dk\Desktop\SCI\DRL_PF\checkpoint_store\full_method_main\A_full_method.pt
A,A,full_method_main,86,20259408,1,0.9501,155.43599757511103,360,0.23822714681440443,coverage_reached,6.300000190734863,615.5499877929688,11.469444274902344,114.06768798828125,0.02260645292699337,0.45231908559799194,6.300000190734863,6.300000190734863,0.0,0.0,11.469444274902344,11.422222137451172,0.04722222313284874,0.04444444552063942,0.04444444552063942,4.002777576446533,2.16066575050354,148.36933090844366,-7.1999999999999345,-2.9000000000000012,-2.8333333333333313,0.0,20.0,1425.0,393.0,45.35915878119018,12.509578527022988,2.5019157054045955,47.86107448659477,140.6133922216895,7.7559386867542575,0.05227454110135684,29.0,140.0,182.0,109.0,35.0,13.0,56.666666666666686,0.0,C:\Users\Dk\Desktop\SCI\DRL_PF\checkpoint_store\full_method_main\A_full_method.pt
A,A,full_method_main,87,20259409,1,0.9578,153.57744532669332,493,0.14777327935222673,coverage_reached,4.395537376403809,398.37322998046875,8.809330940246582,94.18406677246094,0.013536449521780014,0.20185190439224243,4.395537376403809,4.395537376403809,0.0,0.0,8.809330940246582,8.807302474975586,0.0020283975172787905,0.0020283975172787905,0.0020283975172787905,3.46653151512146,2.035888195037842,146.77077866002875,-9.859999999999879,-1.5000000000000002,-1.8333333333333335,0.0,20.0,1415.0,362.0,45.04084889500643,11.522817879853232,2.3045635759706453,47.34541247097705,139.6266315745199,7.1441470855090055,0.048675541212854646,15.0,237.0,319.0,84.0,14.0,6.0,36.666666666666686,0.0,C:\Users\Dk\Desktop\SCI\DRL_PF\checkpoint_store\full_method_main\A_full_method.pt
A,A,full_method_main,88,20259410,1,0.9505,164.46705895988921,299,0.08,coverage_reached,4.591973304748535,501.5451354980469,9.732441902160645,115.24983978271484,0.02378297969698906,0.3995535969734192,4.591973304748535,4.591973304748535,0.0,0.0,9.732441902160645,9.715719223022461,0.016722407191991806,0.016722407191991806,0.016722407191991806,4.217391490936279,2.1948719024658203,152.51372562655686,-5.9799999999999605,-0.7999999999999999,-1.266666666666667,0.0,20.0,1474.0,358.0,46.91887722349076,11.395493925379718,2.279098785075941,49.1979760085668,145.44851939282137,7.065206233735426,0.046325051759834396,8.0,74.0,126.0,55.0,7.0,7.0,25.33333333333332,0.0,C:\Users\Dk\Desktop\SCI\DRL_PF\checkpoint_store\full_method_main\A_full_method.pt
A,A,full_method_main,89,20259411,0,0.8535,100.83550380848453,600,0.30948419301164726,max_episode_steps,8.4350004196167,388.4316711425781,12.319999694824219,57.61009216308594,0.011443688534200191,0.20045940577983856,8.4350004196167,8.4350004196167,0.0,0.0,12.319999694824219,12.293333053588867,0.02666666731238365,0.01666666753590107,0.01666666753590107,4.1583333015441895,1.7102152109146118,127.78550380848264,-11.999999999999833,-3.0000000000000013,-3.949999999999993,-8.0,0.0,1237.0,290.0,39.374932920934945,9.230986699329941,1.8461973398659848,41.22113026080094,122.06229205489817,5.723211753584564,0.04478764478764486,30.0,382.0,458.0,176.0,35.0,13.0,79.00000000000004,1.0,C:\Users\Dk\Desktop\SCI\DRL_PF\checkpoint_store\full_method_main\A_full_method.pt
A,A,full_method_main,90,20259412,1,0.951,167.37897661398995,271,0.10661764705882353,coverage_reached,6.033210277557373,445.9151306152344,13.808117866516113,101.47553253173828,0.02610638178884983,0.3487125337123871,6.033210277557373,6.033210277557373,0.0,0.0,13.808117866516113,13.808117866516113,0.0,0.0,0.0,5.095941066741943,2.733966827392578,155.84897661399046,-5.419999999999972,-1.5000000000000002,-1.5499999999999994,0.0,20.0,1506.0,367.0,47.93746885927889,11.68197282294512,2.3363945645890247,50.27386342386791,148.60615346376454,7.242823150225976,0.04647334430796506,15.0,75.0,108.0,62.0,7.0,12.0,30.999999999999975,0.0,C:\Users\Dk\Desktop\SCI\DRL_PF\checkpoint_store\full_method_main\A_full_method.pt
A,A,full_method_main,91,20259413,1,0.9522,164.40979857440612,201,0.0049504950495049506,coverage_reached,3.646766185760498,427.3333435058594,8.91044807434082,137.12725830078125,0.03053891472518444,0.5749291777610779,3.646766185760498,3.646766185760498,0.0,0.0,8.91044807434082,8.91044807434082,0.0,0.0,0.0,4.597014904022217,2.9532456398010254,149.07979857440594,-4.020000000000002,0.0,-0.6500000000000001,0.0,20.0,1436.0,374.0,45.709299655992346,11.904789743273774,2.3809579486547574,48.09025760464711,141.69882893357638,7.3809696408297425,0.04951019327508604,0.0,11.0,38.0,32.0,7.0,0.0,12.999999999999998,0.0,C:\Users\Dk\Desktop\SCI\DRL_PF\checkpoint_store\full_method_main\A_full_method.pt
A,A,full_method_main,92,20259414,1,0.9545,165.61531434889616,229,0.08695652173913043,coverage_reached,4.292576313018799,382.5720520019531,8.62882137298584,95.14179992675781,0.03494440019130707,0.422787070274353,4.292576313018799,4.292576313018799,0.0,0.0,8.62882137298584,8.606986999511719,0.021834060549736023,0.013100436888635159,0.013100436888635159,4.4410481452941895,2.080172538757324,152.39531434889622,-4.57999999999999,-0.9999999999999999,-1.2000000000000004,0.0,20.0,1471.0,367.0,46.823384257635624,11.681972822945125,2.3363945645890247,49.159778822224645,145.15249119867048,7.242823150225979,0.04752654752654754,10.0,39.0,73.0,52.0,6.0,7.0,23.999999999999993,0.0,C:\Users\Dk\Desktop\SCI\DRL_PF\checkpoint_store\full_method_main\A_full_method.pt
A,A,full_method_main,93,20259415,1,0.9507,159.50792791055747,259,0.023076923076923078,coverage_reached,3.4710423946380615,454.9305114746094,8.652509689331055,141.9025421142578,0.02436547353863716,0.4318860173225403,3.4710423946380615,3.4710423946380615,0.0,0.0,8.652509689331055,8.652509689331055,0.0,0.0,0.0,4.366795539855957,2.5414323806762695,146.23792791055698,-5.1799999999999775,-0.4,-1.1500000000000004,0.0,20.0,1408.0,370.0,44.81803197467774,11.777465788800257,2.3554931577600504,47.17352513243783,138.9358991215009,7.302028789056164,0.049932523616734205,4.0,37.0,80.0,54.0,9.0,3.0,22.99999999999998,0.0,C:\Users\Dk\Desktop\SCI\DRL_PF\checkpoint_store\full_method_main\A_full_method.pt
A,A,full_method_main,94,20259416,1,0.9503,167.05885056113496,210,0.037914691943127965,coverage_reached,6.171428680419922,361.547607421875,11.971428871154785,60.7220344543457,0.03644314780831337,0.5077017545700073,6.171428680419922,6.171428680419922,0.0,0.0,11.971428871154785,11.952381134033203,0.01904761977493763,0.01904761977493763,0.01904761977493763,5.128571510314941,2.0092532634735107,153.12551722780202,-4.199999999999998,-0.7,-1.1666666666666674,0.0,20.0,1480.0,359.0,47.10986315520104,11.427324913998092,2.2854649827996174,49.395328138000615,146.04057578112318,7.084941446678819,0.04626884907848953,7.0,20.0,45.0,50.0,10.0,5.0,23.333333333333325,0.0,C:\Users\Dk\Desktop\SCI\DRL_PF\checkpoint_store\full_method_main\A_full_method.pt
A,A,full_method_main,95,20259417,1,0.9512,160.00338177689554,335,0.13988095238095238,coverage_reached,8.307462692260742,423.382080078125,15.131342887878418,72.0765151977539,0.020766913890838623,0.30745840072631836,8.307462692260742,8.307462692260742,0.0,0.0,15.131342887878418,15.104477882385254,0.026865672320127487,0.020895522087812424,0.020895522087812424,4.1074628829956055,2.1317896842956543,150.30338177689643,-6.699999999999945,-1.7000000000000004,-1.9,0.0,20.0,1446.0,386.0,46.02760954217614,12.286761606694338,2.4573523213388673,48.484961863514975,142.685589580746,7.617792196150489,0.05068277310924376,17.0,126.0,156.0,83.0,21.0,5.0,38.000000000000036,0.0,C:\Users\Dk\Desktop\SCI\DRL_PF\checkpoint_store\full_method_main\A_full_method.pt
A,A,full_method_main,96,20259418,1,0.95,159.9156238896515,259,0.09615384615384616,coverage_reached,3.2200772762298584,350.95367431640625,7.397683620452881,121.137939453125,0.024488044902682304,0.4320703446865082,3.2200772762298584,3.2200772762298584,0.0,0.0,7.397683620452881,7.397683620452881,0.0,0.0,0.0,3.4015443325042725,2.4313201904296875,148.64562388965123,-5.1799999999999775,-2.1000000000000005,-1.4500000000000006,0.0,20.0,1437.0,347.0,45.74113064461071,11.045353050577535,2.2090706101155066,47.95020125472624,141.79750499829322,6.848118891358073,0.046070100902814666,21.0,46.0,103.0,50.0,3.0,17.0,28.999999999999993,0.0,C:\Users\Dk\Desktop\SCI\DRL_PF\checkpoint_store\full_method_main\A_full_method.pt
A,A,full_method_main,97,20259419,1,0.9524,168.79805619996554,161,0.018518518518518517,coverage_reached,4.34782600402832,399.39129638671875,7.65217399597168,97.80538177490234,0.03802763670682907,0.680487334728241,4.34782600402832,4.34782600402832,0.0,0.0,7.65217399597168,7.65217399597168,0.0,0.0,0.0,3.82608699798584,1.8119786977767944,153.18472286663211,-3.2200000000000024,-0.30000000000000004,-0.8666666666666674,0.0,20.0,1485.0,337.0,47.26901809829292,10.727043164393747,2.145408632878749,49.414426731171666,146.53395610470807,6.650766761924127,0.04341664519453751,3.0,0.0,10.0,44.0,6.0,1.0,17.333333333333336,0.0,C:\Users\Dk\Desktop\SCI\DRL_PF\checkpoint_store\full_method_main\A_full_method.pt
A,A,full_method_main,98,20259420,0,0.8665,110.56206828640634,600,0.39267886855241263,max_episode_steps,4.494999885559082,296.0683288574219,9.848333358764648,78.00128936767578,0.013783068396151066,0.23654668033123016,4.494999885559082,4.494999885559082,0.0,0.0,9.848333358764648,9.83666706085205,0.011666666716337204,0.008333333767950535,0.008333333767950535,3.4133334159851074,2.368422746658325,140.71206828640655,-11.999999999999833,-5.1999999999999975,-4.949999999999991,-8.0,0.0,1364.0,310.0,43.41746847546906,9.867606471697522,1.9735212943395022,45.390989769808584,134.59415227395414,6.117916012452464,0.04347826086956524,52.0,394.0,463.0,179.0,62.0,28.0,98.99999999999997,1.0,C:\Users\Dk\Desktop\SCI\DRL_PF\checkpoint_store\full_method_main\A_full_method.pt
A,A,full_method_main,99,20259421,0,0.5703,47.267255889743225,600,0.5590682196339434,max_episode_steps,4.023333549499512,520.2816772460938,7.633333206176758,130.4383544921875,0.015752078965306282,0.5866078734397888,4.023333549499512,4.023333549499512,0.0,0.0,7.633333206176758,7.631666660308838,0.0016666667070239782,0.0016666667070239782,0.0016666667070239782,4.418333530426025,1.9169999361038208,83.18392255640998,-11.999999999999833,-8.499999999999986,-7.41666666666665,-8.0,0.0,801.0,210.0,25.496621883321623,6.684507609859603,1.336901521971921,26.833523405293548,79.03952783829702,4.144394718112956,0.049822064056939536,85.0,455.0,509.0,268.0,109.0,34.0,148.33333333333323,1.0,C:\Users\Dk\Desktop\SCI\DRL_PF\checkpoint_store\full_method_main\A_full_method.pt
A,A,full_method_main,100,20259422,1,0.952,162.996994815186,168,0.09467455621301775,coverage_reached,3.613095283508301,544.90478515625,9.791666984558105,167.8094024658203,0.03977702185511589,0.7004781365394592,3.613095283508301,3.613095283508301,0.0,0.0,9.791666984558105,9.654762268066406,0.1369047611951828,0.130952388048172,0.130952388048172,5.886904716491699,2.892233371734619,149.0403281485191,-3.3600000000000025,-1.5000000000000002,-1.1833333333333336,0.0,20.0,1447.0,317.0,46.059440530794475,10.090423392026171,2.018084678405232,48.07752520919977,142.78426564546308,6.256062503056227,0.041975635593220345,15.0,8.0,26.0,38.0,9.0,12.0,23.666666666666657,0.0,C:\Users\Dk\Desktop\SCI\DRL_PF\checkpoint_store\full_method_main\A_full_method.pt
